model,year,price,transmission,mileage,fuelType,tax,mpg,engineSize
5,2017,12000,0,15944.0,4,150,57.7,1.0
6,2018,14000,1,9083.0,4,150,57.7,1.0
6,2017,13000,1,12456.0,4,150,57.7,1.0
5,2019,17500,1,10460.0,4,145,40.3,1.5
5,2019,16500,0,1482.0,4,145,48.7,1.0
5,2015,10500,1,35432.0,4,145,47.9,1.6
16,2019,22500,1,2029.0,4,145,50.4,1.0
5,2017,9000,1,13054.0,4,145,54.3,1.2
13,2019,25500,0,6894.0,0,145,42.2,2.0
6,2018,10000,1,48141.0,4,145,61.4,1.0
5,2018,11561,1,18803.0,4,145,56.5,1.0
2,2018,13500,1,12065.0,4,145,54.3,1.0
5,2017,11000,1,20978.0,4,0,65.7,1.0
13,2018,17999,2,9002.0,0,145,54.3,2.0
13,2018,18999,2,8970.0,0,145,58.9,1.5
13,2018,14399,1,12810.0,0,145,64.2,1.5
13,2019,17999,1,10428.0,0,145,38.2,2.0
13,2018,16899,1,14680.0,0,145,54.3,2.0
5,2017,10999,1,12427.0,4,20,62.8,1.0
5,2019,12500,1,25521.0,4,145,55.4,1.0
5,2018,9499,1,20400.0,4,145,55.4,1.1
5,2017,10500,1,24926.0,4,145,65.7,1.0
5,2017,8995,1,26163.0,4,145,65.7,1.0
13,2014,8995,1,59000.0,0,160,47.9,2.0
5,2014,6795,1,35299.0,4,0,65.7,1.0
6,2017,18499,1,13063.0,4,145,41.5,2.0
1,2018,11799,1,23800.0,0,145,68.9,1.5
5,2015,8299,1,25935.0,4,0,65.7,1.0
5,2018,12499,1,8700.0,4,145,58.9,1.0
5,2017,8699,1,25000.0,4,125,54.3,1.2
5,2016,7999,1,60730.0,0,0,78.5,1.5
5,2017,8991,1,18561.0,4,145,54.3,1.2
6,2019,18990,1,8400.0,4,145,60.1,1.0
5,2013,7236,1,39090.0,4,0,65.7,1.0
13,2018,15287,2,33149.0,0,145,58.9,1.5
14,2019,20000,1,24.0,0,145,65.7,2.0
2,2020,20000,1,558.0,4,145,53.3,1.0
13,2019,21378,1,3259.0,0,145,39.2,2.0
5,2018,9814,1,15100.0,4,145,65.7,1.0
12,2018,8261,1,25000.0,4,145,57.7,1.2
5,2017,8788,1,15612.0,4,145,65.7,1.0
5,2018,12251,1,8920.0,4,145,58.9,1.0
13,2017,16320,1,24803.0,0,145,60.1,2.0
5,2019,13140,1,7.0,4,145,48.7,1.1
5,2018,10491,2,43019.0,4,145,48.7,1.0
13,2016,13870,2,41607.0,0,145,54.3,2.0
6,2017,14960,1,23554.0,4,145,41.5,2.0
5,2019,13540,1,6923.0,4,145,58.9,1.0
6,2019,17970,1,10985.0,0,145,74.3,1.5
1,2017,9330,1,29617.0,0,20,68.9,1.5
5,2016,6000,1,47613.0,4,0,65.7,1.0
12,2019,8995,1,5122.0,4,145,43.5,1.2
12,2019,8495,1,32.0,4,145,48.7,1.2
5,2016,6395,1,31562.0,4,125,54.3,1.2
6,2019,14495,1,8131.0,4,145,58.9,1.0
21,2018,19995,0,24568.0,0,145,31.7,2.0
18,2017,18495,0,39605.0,0,145,54.3,2.0
6,2019,17995,1,11496.0,0,145,57.6,2.0
5,2013,5495,1,51271.0,4,30,54.3,1.2
13,2018,16995,0,7189.0,0,145,58.9,1.5
13,2018,16495,1,29428.0,0,145,54.3,1.5
13,2018,17998,1,12162.0,4,145,39.2,1.5
0,2014,7498,2,33023.0,4,160,44.1,1.6
6,2019,17498,1,2714.0,4,150,49.6,1.0
18,2017,17498,1,17051.0,0,150,56.5,2.0
5,2013,5998,1,44304.0,0,0,76.4,1.5
13,2019,17698,1,4844.0,4,145,34.4,1.5
13,2016,11000,1,31810.0,0,125,60.1,2.0
2,2017,8700,1,43081.0,4,145,44.8,1.5
13,2017,15300,1,47159.0,0,145,54.3,2.0
5,2013,7490,1,25000.0,4,0,65.7,1.0
6,2017,10760,1,29891.0,4,145,60.1,1.0
13,2019,18760,1,10237.0,4,145,39.2,1.5
5,2014,6360,1,48653.0,4,0,65.7,1.0
5,2014,6270,1,60888.0,4,0,65.7,1.0
13,2017,17920,0,15815.0,4,235,38.2,1.5
5,2013,4790,1,74128.0,4,0,65.7,1.0
6,2015,7830,1,50124.0,0,0,74.3,1.5
5,2015,6990,1,29851.0,0,0,76.4,1.5
3,2016,18640,1,24105.0,0,160,48.7,2.0
5,2015,6700,1,28935.0,4,30,54.3,1.2
5,2018,9498,1,30925.0,4,145,65.7,1.0
6,2018,13698,1,13418.0,4,145,58.9,1.0
5,2018,13298,1,13756.0,4,145,58.9,1.0
13,2015,14398,1,25175.0,0,145,54.3,2.0
5,2017,8998,1,21267.0,4,145,64.2,1.1
5,2019,12698,1,12130.0,4,145,56.5,1.0
5,2019,11998,1,17354.0,4,145,56.5,1.0
5,2019,13498,1,15822.0,4,145,58.9,1.0
5,2019,13498,1,10557.0,4,145,58.9,1.0
6,2016,9698,1,20786.0,4,20,61.4,1.0
6,2016,24995,1,7997.0,4,235,36.7,2.3
5,2017,9895,1,19079.0,4,145,65.7,1.0
5,2018,12995,1,14979.0,4,145,58.9,1.0
20,2015,9295,1,47904.0,0,125,56.5,1.6
5,2016,8495,1,24410.0,4,125,54.3,1.2
5,2019,13895,1,13600.0,4,145,58.9,1.0
6,2018,18298,1,21456.0,0,145,67.3,2.0
6,2015,9198,1,31512.0,0,0,74.3,1.5
5,2016,10798,1,11843.0,4,0,65.7,1.0
5,2016,8998,1,31373.0,4,0,65.7,1.0
13,2018,18498,1,7796.0,0,145,54.3,1.5
13,2017,13498,1,26597.0,0,145,54.3,2.0
13,2017,14998,1,15978.0,0,30,64.2,1.5
13,2017,13998,0,13265.0,4,240,38.2,1.5
2,2016,9998,1,20491.0,4,125,52.3,1.0
20,2017,10998,1,16310.0,4,125,50.4,1.0
6,2017,17698,1,14557.0,4,145,41.5,2.0
6,2017,11498,2,30917.0,4,125,51.4,1.0
6,2017,12798,1,22153.0,0,145,74.3,1.5
1,2015,8698,1,31743.0,4,30,55.4,1.0
13,2019,19495,1,13673.0,0,145,47.9,2.0
5,2018,9995,1,25776.0,4,145,65.7,1.0
6,2016,10995,1,30923.0,0,0,74.3,1.5
13,2017,13998,1,24504.0,0,150,64.2,1.5
5,2017,11998,1,6568.0,4,145,62.8,1.0
20,2016,8998,1,42960.0,0,30,61.4,1.5
13,2018,16698,1,5117.0,0,145,54.3,1.5
2,2016,8998,1,31736.0,4,125,53.3,1.0
5,2015,7998,1,19212.0,4,0,65.7,1.0
5,2018,12495,1,12426.0,4,145,65.7,1.0
12,2017,7995,1,12872.0,4,145,57.7,1.2
16,2020,21995,1,4111.0,4,145,50.4,1.0
13,2018,16995,1,34690.0,0,145,60.1,2.0
5,2018,11995,1,32168.0,4,145,65.7,1.0
13,2019,19995,1,11312.0,0,145,47.9,2.0
5,2017,8995,1,31559.0,4,145,65.7,1.0
12,2017,8295,1,23000.0,4,145,57.7,1.2
2,2018,14698,1,6442.0,4,145,54.3,1.0
5,2016,10498,2,29590.0,4,0,57.7,1.0
6,2018,14495,1,17030.0,4,145,57.7,1.0
6,2016,8995,1,22493.0,4,20,60.1,1.0
6,2016,15995,1,29600.0,0,20,67.3,2.0
1,2016,10995,2,26500.0,0,125,58.9,2.0
21,2017,19995,1,14000.0,0,200,44.8,2.0
1,2013,8295,1,34783.0,0,30,61.4,1.6
6,2015,7995,1,56655.0,0,20,67.3,1.6
13,2019,19995,1,16000.0,0,150,47.9,2.0
14,2015,9995,1,30753.0,0,0,78.5,1.5
9,2018,13495,1,1030.0,4,145,47.9,1.0
1,2017,12995,1,7817.0,4,145,55.4,1.0
6,2018,12995,1,9781.0,4,145,60.1,1.0
2,2018,12998,1,17241.0,4,145,54.3,1.0
20,2015,10298,1,28309.0,0,125,58.9,1.6
5,2017,10498,1,50599.0,4,0,65.7,1.0
6,2018,11298,2,37880.0,0,150,74.3,1.5
13,2016,10698,1,56888.0,0,125,60.1,2.0
6,2018,15995,1,10500.0,4,145,60.1,1.0
0,2014,6995,2,50800.0,4,160,44.1,1.6
5,2019,13950,1,6700.0,4,145,58.9,1.0
5,2017,10650,1,31800.0,4,150,65.7,1.0
5,2016,7995,1,20700.0,4,125,54.3,1.2
6,2016,11495,1,29900.0,0,0,74.3,1.5
13,2018,16995,1,32858.0,0,145,54.3,2.0
5,2018,11995,1,31593.0,4,145,65.7,1.0
6,2015,10995,1,13791.0,4,125,51.4,1.5
13,2019,20495,1,12034.0,0,145,47.9,2.0
6,2018,19995,1,10923.0,0,145,67.3,2.0
13,2019,19995,1,10171.0,0,145,38.2,2.0
2,2019,18995,1,2291.0,4,145,52.3,1.0
6,2017,11995,1,23469.0,4,125,51.4,1.5
13,2017,16998,1,13626.0,0,125,60.1,2.0
5,2016,7398,1,35180.0,4,125,54.3,1.2
5,2019,11498,1,17708.0,4,145,58.9,1.0
5,2019,13998,1,9957.0,4,145,58.9,1.0
6,2019,16698,1,4542.0,4,145,60.1,1.0
14,2016,9998,1,38358.0,0,0,78.5,1.5
6,2015,12998,1,25878.0,0,20,67.3,2.0
2,2016,9998,2,18325.0,4,160,44.8,1.5
6,2017,12498,1,9338.0,4,145,60.1,1.0
2,2018,14998,1,7133.0,0,145,58.9,1.5
6,2017,10498,1,42002.0,4,20,60.1,1.0
13,2017,16995,0,3700.0,4,145,38.2,1.5
6,2019,15495,1,5600.0,4,145,60.1,1.0
5,2015,9495,1,17288.0,4,0,65.7,1.0
0,2013,5995,1,42996.0,0,20,70.6,1.6
6,2014,7498,1,47566.0,4,30,56.5,1.0
5,2017,11798,1,4262.0,4,0,65.7,1.0
5,2017,10998,1,10125.0,4,145,65.7,1.0
6,2017,14998,0,17028.0,4,150,46.3,1.5
5,2017,8998,1,12753.0,4,145,54.3,1.2
6,2016,13998,1,24895.0,0,20,67.3,2.0
6,2017,17998,1,9066.0,4,145,41.5,2.0
5,2019,18998,1,3292.0,4,145,40.3,1.5
13,2013,9198,2,48130.0,0,200,45.6,2.0
13,2015,14498,1,27513.0,0,145,54.3,2.0
6,2017,14998,1,32511.0,4,150,41.5,2.0
5,2016,8498,1,21888.0,4,125,54.3,1.2
5,2019,13995,1,11130.0,4,145,58.9,1.0
6,2017,18498,1,14441.0,4,145,41.5,2.0
6,2018,13998,1,13401.0,4,145,60.1,1.0
5,2019,12798,1,10567.0,4,145,58.9,1.0
5,2019,14698,1,7872.0,4,145,58.9,1.0
12,2017,7698,1,10641.0,4,30,57.7,1.2
2,2018,12498,1,10222.0,4,145,54.3,1.0
5,2017,9998,1,28519.0,4,20,62.8,1.0
13,2017,13998,1,51772.0,0,125,60.1,2.0
5,2016,9500,0,7350.0,4,0,57.7,1.0
12,2018,8195,1,12231.0,4,145,47.9,1.2
13,2019,21498,0,5354.0,4,150,31.0,1.5
6,2017,17998,1,19525.0,4,145,41.5,2.0
2,2018,14498,1,11922.0,4,145,54.3,1.0
1,2016,9998,1,16984.0,0,20,68.9,1.5
5,2016,7998,1,16070.0,4,125,54.3,1.2
6,2018,10998,1,26648.0,4,145,61.4,1.0
5,2017,10998,1,19140.0,4,145,62.8,1.0
6,2016,9998,1,26399.0,0,0,74.3,1.5
5,2013,5498,1,53545.0,4,30,54.3,1.2
5,2017,9298,1,25491.0,4,0,65.7,1.0
5,2014,7298,1,31359.0,4,0,65.7,1.0
6,2016,8498,1,51656.0,0,0,74.3,1.5
13,2016,17698,2,11221.0,0,145,54.3,2.0
13,2017,14498,1,23356.0,0,145,60.1,2.0
2,2018,12898,1,15267.0,4,145,53.3,1.0
0,2017,7998,1,41294.0,0,0,74.4,1.5
1,2018,12198,1,7993.0,4,145,49.6,1.0
2,2017,9698,1,30207.0,4,145,53.3,1.0
5,2016,8798,1,19815.0,4,0,65.7,1.0
13,2015,14298,1,43717.0,0,145,54.3,2.0
6,2018,15798,1,4534.0,4,145,58.9,1.0
5,2017,10298,1,9148.0,4,145,65.7,1.0
11,2014,4898,1,22609.0,4,30,57.7,1.2
6,2016,10298,1,15510.0,0,0,74.3,1.5
5,2017,9998,1,20347.0,4,0,65.7,1.0
13,2018,16698,1,3044.0,4,145,39.2,1.5
5,2017,8998,1,5233.0,4,125,54.3,1.2
9,2015,8998,1,28359.0,0,125,60.1,1.6
6,2017,12498,2,12244.0,4,125,51.4,1.0
5,2018,12498,1,17918.0,4,145,65.7,1.0
18,2020,34498,2,4623.0,0,145,43.5,2.0
2,2017,9298,1,16770.0,4,145,44.8,1.5
6,2017,10900,1,25459.0,4,145,60.1,1.0
2,2017,9998,1,23913.0,4,125,53.3,1.0
5,2018,12998,1,9901.0,4,150,65.7,1.0
6,2016,10998,2,15006.0,4,125,51.4,1.0
6,2017,15500,1,19593.0,4,145,41.5,2.0
13,2017,16200,2,23027.0,0,145,58.9,1.5
1,2016,10500,2,13580.0,0,20,64.2,1.5
6,2015,13200,1,32000.0,0,20,67.3,2.0
6,2019,18698,1,15365.0,4,145,60.1,1.0
6,2019,16998,1,7924.0,0,145,80.7,1.5
5,2017,9998,1,10721.0,4,145,65.7,1.0
2,2017,9498,1,25939.0,4,145,53.3,1.0
5,2019,17498,1,3265.0,4,145,58.9,1.0
6,2019,15998,0,11045.0,4,145,41.5,1.0
2,2020,17998,1,250.0,4,145,51.4,1.0
0,2013,5698,1,44901.0,4,145,47.1,1.4
6,2017,9998,1,22001.0,4,20,60.1,1.0
5,2020,17298,1,4563.0,4,145,54.3,1.0
5,2019,16998,1,12236.0,4,145,55.4,1.0
13,2019,23998,1,7584.0,0,145,39.2,2.0
5,2013,6498,1,41599.0,4,0,65.7,1.0
9,2017,12498,1,10373.0,4,145,54.3,1.0
5,2013,4998,1,79300.0,4,0,65.7,1.0
1,2017,11498,1,12982.0,4,30,55.4,1.0
6,2017,11298,1,24386.0,0,0,74.3,1.5
2,2017,9298,1,18209.0,0,30,64.2,1.5
2,2018,12998,1,9796.0,4,145,54.3,1.0
5,2018,14498,1,9428.0,4,145,62.8,1.0
8,2016,18498,1,30528.0,0,125,56.5,2.0
1,2016,8498,1,41772.0,4,30,55.4,1.0
5,2015,8298,1,15673.0,4,0,65.7,1.0
6,2015,8498,1,47219.0,0,0,74.3,1.5
6,2018,12998,1,16081.0,4,150,57.7,1.0
6,2019,16998,1,10476.0,4,145,60.1,1.0
5,2016,9998,1,16647.0,4,0,65.7,1.0
13,2017,13698,1,41457.0,0,150,54.3,2.0
6,2017,13998,2,4735.0,4,125,51.4,1.0
2,2016,9498,1,24045.0,4,125,53.3,1.0
2,2019,15984,1,6500.0,4,145,51.4,1.0
2,2017,8489,1,60190.0,4,160,44.8,1.5
5,2017,9995,1,27000.0,0,0,78.5,1.5
5,2017,8498,1,32538.0,4,0,65.7,1.0
13,2016,13498,1,36345.0,0,150,54.3,2.0
6,2016,8998,1,43623.0,4,20,61.4,1.0
13,2013,9998,2,58500.0,0,200,45.6,2.0
13,2017,17498,1,15729.0,0,145,54.3,2.0
5,2018,9998,1,7892.0,4,145,65.7,1.0
5,2017,11990,1,24725.0,4,145,47.9,1.6
6,2019,16899,1,7000.0,0,145,80.7,1.5
2,2019,15984,1,3500.0,4,145,51.4,1.0
2,2019,15984,1,4500.0,4,145,51.4,1.0
2,2019,15984,1,4000.0,4,145,51.4,1.0
2,2019,13998,1,4889.0,0,145,68.9,1.5
13,2017,17994,1,20633.0,0,150,54.3,2.0
8,2016,17489,2,47937.0,0,165,51.4,2.0
13,2018,19899,2,28500.0,0,145,54.3,2.0
5,2014,4699,1,85000.0,4,30,54.3,1.2
2,2017,9949,1,23000.0,4,125,53.3,1.0
1,2017,11498,1,9995.0,4,145,55.4,1.0
1,2017,10898,1,12626.0,4,30,55.4,1.0
1,2018,12998,1,7320.0,4,145,55.4,1.0
1,2019,13498,1,23394.0,4,145,48.7,1.0
1,2017,9998,1,12932.0,0,20,68.9,1.5
6,2019,18998,0,22246.0,0,150,64.2,2.0
5,2019,11798,1,5530.0,4,150,48.7,1.1
5,2019,11798,1,4590.0,4,150,48.7,1.1
5,2017,8498,1,28479.0,4,0,65.7,1.0
13,2013,8998,1,67895.0,0,200,47.9,2.0
6,2019,14799,1,6249.0,4,145,60.1,1.0
6,2019,14799,1,8560.0,4,145,60.1,1.0
15,2020,42489,0,3500.0,4,145,22.1,5.0
13,2017,17498,1,9940.0,4,145,45.6,1.5
6,2019,16498,1,4930.0,4,145,60.1,1.0
6,2018,19698,1,12011.0,4,145,41.5,2.0
5,2016,8498,1,23053.0,4,125,54.3,1.2
6,2016,16998,1,17589.0,4,200,41.5,2.0
6,2019,14998,1,7000.0,4,145,58.9,1.0
10,2019,19999,1,3500.0,0,145,61.4,1.5
13,2019,20999,0,5500.0,0,145,47.9,2.0
6,2019,14998,1,7000.0,4,145,60.1,1.0
2,2019,13998,1,5000.0,0,145,68.9,1.5
13,2017,13898,1,33026.0,0,145,60.1,2.0
5,2016,11498,1,8560.0,4,0,65.7,1.0
6,2018,19698,1,16548.0,4,145,41.5,2.0
6,2017,10498,1,49485.0,0,0,74.3,1.5
14,2017,17498,2,14569.0,0,145,53.3,2.0
13,2015,12498,1,60151.0,0,145,54.3,2.0
6,2017,11498,1,9148.0,4,145,61.4,1.0
5,2017,10998,1,13548.0,4,0,65.7,1.0
14,2019,22998,0,7337.0,2,140,47.1,2.0
5,2015,8498,1,6649.0,4,125,54.3,1.2
6,2017,11998,1,7690.0,4,150,60.1,1.0
5,2019,11898,1,3396.0,4,150,48.7,1.1
5,2019,11498,1,15766.0,4,145,58.9,1.0
5,2019,13298,1,7349.0,4,145,58.9,1.0
1,2016,9698,1,36860.0,0,20,68.9,1.5
2,2018,10498,1,59498.0,0,145,68.9,1.5
13,2015,10998,1,17367.0,0,125,60.1,2.0
5,2017,9598,1,14403.0,4,145,64.2,1.1
6,2019,16998,1,20647.0,4,145,60.1,1.0
5,2019,13498,1,13351.0,4,145,58.9,1.0
5,2016,6998,1,34804.0,4,125,54.3,1.2
13,2017,15498,1,38113.0,0,125,60.1,2.0
5,2018,9949,1,27399.0,4,145,64.2,1.1
1,2018,12998,1,2455.0,0,145,68.9,1.5
3,2016,20799,0,52000.0,0,200,47.9,2.0
15,2020,38489,0,3500.0,4,145,30.7,2.3
5,2018,9489,1,35417.0,4,145,64.2,1.1
5,2019,13949,2,11982.0,4,145,48.7,1.0
5,2018,10990,1,28138.0,4,145,56.5,1.0
13,2017,13489,1,34805.0,0,145,54.3,2.0
6,2015,7994,1,64612.0,0,20,67.3,1.6
5,2018,11489,1,19665.0,4,145,60.1,1.0
13,2018,15699,1,17500.0,0,150,64.2,1.5
6,2020,19998,1,4000.0,0,145,74.3,1.5
6,2020,19489,1,5000.0,0,145,74.3,1.5
2,2016,9199,1,26445.0,0,30,64.2,1.5
1,2017,10489,1,26445.0,0,20,68.9,1.5
2,2018,11489,1,2922.0,0,145,64.2,1.5
15,2018,29998,0,3000.0,4,145,28.8,2.3
15,2018,31498,0,6250.0,4,145,23.5,5.0
6,2018,11999,1,6691.0,4,145,61.4,1.0
10,2018,15990,0,9486.0,0,145,56.6,1.5
6,2019,16998,0,8703.0,4,145,40.9,1.5
2,2019,15489,1,5636.0,0,145,68.9,1.5
18,2019,22489,1,8224.0,0,145,56.5,2.0
18,2019,22489,1,4000.0,0,145,56.5,2.0
5,2015,5998,1,55898.0,0,0,78.5,1.5
6,2017,10998,1,28001.0,4,145,60.1,1.0
13,2014,11498,1,36052.0,0,160,47.9,2.0
15,2016,24999,2,42086.0,4,570,23.5,5.0
13,2017,15298,1,34673.0,0,125,60.1,2.0
3,2018,19498,1,22068.0,0,145,48.7,2.0
6,2019,16998,1,19936.0,4,145,60.1,1.0
10,2017,13998,1,4856.0,0,145,61.4,1.5
0,2017,11298,2,1397.0,4,165,44.1,1.6
6,2017,13398,0,21649.0,4,145,46.3,1.5
6,2017,17798,1,10345.0,4,145,41.5,2.0
13,2018,14998,1,14960.0,0,145,64.2,1.5
6,2015,13998,1,35689.0,4,205,41.5,2.0
2,2017,9189,1,31998.0,4,145,44.8,1.5
5,2018,10399,1,7200.0,4,145,65.7,1.0
3,2017,23899,0,27146.0,0,145,47.9,2.0
5,2013,5330,1,66937.0,4,30,54.3,1.2
2,2019,15985,1,5099.0,4,145,51.4,1.0
5,2015,7485,1,11092.0,4,125,54.3,1.2
13,2019,21999,0,6000.0,4,145,29.1,1.5
5,2017,10850,1,23634.0,4,150,65.7,1.0
13,2019,23250,2,9931.0,0,145,38.7,2.0
5,2016,7999,1,22633.0,4,0,65.7,1.0
12,2018,7999,1,9355.0,4,145,57.7,1.2
13,2013,7999,1,78170.0,0,200,47.9,2.0
6,2016,9699,1,13480.0,4,20,60.1,1.0
15,2019,39998,0,5000.0,4,145,22.6,5.0
5,2017,8500,1,15060.0,4,125,54.3,1.2
5,2016,9998,1,18912.0,4,0,65.7,1.0
6,2019,15995,1,6992.0,4,145,60.1,1.0
5,2017,11495,1,17766.0,4,145,65.7,1.0
5,2019,14698,1,8725.0,4,145,58.9,1.0
5,2016,9998,1,6820.0,4,0,65.7,1.0
13,2013,9498,1,29326.0,0,200,47.9,2.0
5,2017,10698,2,11235.0,4,0,57.7,1.0
13,2016,13499,1,38687.0,0,145,54.3,2.0
13,2017,15999,1,15005.0,0,145,54.3,2.0
13,2017,17299,1,14224.0,0,145,54.3,2.0
6,2019,14198,1,20205.0,4,150,58.9,1.0
2,2016,10898,1,13093.0,4,125,52.3,1.0
5,2019,17298,2,1434.0,4,150,48.7,1.0
0,2013,5998,2,44582.0,4,165,44.1,1.6
14,2015,9998,1,55621.0,0,30,64.2,2.0
12,2017,6998,1,21203.0,4,30,57.7,1.2
6,2017,16698,1,24498.0,0,145,67.3,2.0
6,2018,17298,1,3124.0,4,145,60.1,1.0
13,2017,15498,1,31073.0,0,125,60.1,2.0
13,2017,14298,1,6345.0,0,145,54.3,2.0
1,2016,9998,1,26138.0,0,20,68.9,1.5
13,2019,22998,1,593.0,0,145,47.9,2.0
6,2018,11598,1,11654.0,4,145,61.4,1.0
5,2018,10498,1,17532.0,4,145,65.7,1.0
2,2017,8698,1,36124.0,4,160,44.8,1.5
6,2017,17498,1,13558.0,4,200,41.5,2.0
2,2018,12499,1,13000.0,0,145,67.3,1.5
12,2018,9250,1,7812.0,4,145,47.9,1.2
6,2017,16250,1,28113.0,0,145,67.3,2.0
2,2017,9999,1,24130.0,4,150,52.3,1.0
6,2017,10999,1,23973.0,4,150,60.1,1.0
13,2019,18494,1,11858.0,0,145,38.2,2.0
5,2019,13489,2,26799.0,4,145,48.7,1.0
5,2014,6995,1,35084.0,4,0,65.7,1.0
5,2018,11995,1,12080.0,4,150,65.7,1.0
5,2017,10498,1,9621.0,4,145,65.7,1.0
6,2017,11300,1,13300.0,4,145,60.1,1.0
5,2018,11800,1,14024.0,4,145,62.8,1.0
6,2017,10800,1,17668.0,4,145,60.1,1.0
5,2016,8300,1,43121.0,4,0,65.7,1.0
6,2018,18499,1,14682.0,4,145,41.5,2.0
6,2014,6800,1,53500.0,4,30,56.5,1.0
13,2018,17000,1,15513.0,4,145,45.6,1.5
5,2017,8998,1,16701.0,0,0,78.5,1.5
5,2014,5698,1,51892.0,4,30,54.3,1.2
2,2017,8998,1,20648.0,4,160,44.8,1.5
13,2016,14998,1,38206.0,0,145,54.3,2.0
13,2017,18500,1,13692.0,0,145,54.3,2.0
13,2019,19298,1,12287.0,4,145,39.2,1.5
13,2014,10798,1,49989.0,0,160,47.9,2.0
6,2019,15998,1,12699.0,4,145,60.1,1.0
5,2015,7298,1,36700.0,4,0,65.7,1.0
2,2017,10298,1,25013.0,4,150,53.3,1.0
5,2017,10698,1,16505.0,4,0,65.7,1.0
5,2019,13998,1,5887.0,4,145,58.9,1.0
13,2013,8298,1,63508.0,0,145,53.3,2.0
6,2016,8998,1,36087.0,0,0,74.3,1.5
1,2016,11298,1,11117.0,4,30,55.4,1.0
9,2016,10498,1,17197.0,0,30,64.2,1.5
13,2013,8995,1,54000.0,0,145,53.3,2.0
5,2015,7895,1,27541.0,4,0,65.7,1.0
6,2018,18390,1,14682.0,4,145,41.5,2.0
12,2018,7795,1,9662.0,4,145,57.7,1.2
6,2017,10795,1,22727.0,4,20,60.1,1.0
6,2019,18298,0,6269.0,0,145,74.3,1.5
0,2015,7698,1,9708.0,0,20,70.6,1.6
13,2017,17698,1,18075.0,0,145,54.3,2.0
13,2017,16998,1,24885.0,0,145,54.3,2.0
1,2018,12698,1,3074.0,4,145,55.4,1.0
5,2016,10698,1,22141.0,0,0,78.5,1.5
13,2013,9998,2,43938.0,0,205,45.6,2.0
13,2017,14498,1,6038.0,0,150,54.3,2.0
5,2017,8998,1,20277.0,4,0,65.7,1.0
1,2017,11998,1,15297.0,0,20,68.9,1.5
6,2019,14000,1,11426.0,4,150,58.9,1.0
2,2019,16250,1,2951.0,4,150,52.3,1.0
5,2017,9700,1,28186.0,4,0,65.7,1.0
13,2013,9998,1,38629.0,4,200,42.8,1.6
9,2017,10998,1,14161.0,0,30,64.2,1.5
8,2016,15498,1,27716.0,0,125,56.5,2.0
0,2013,5489,1,41144.0,0,20,68.9,1.5
13,2019,18999,1,9695.0,0,145,54.3,1.5
5,2016,8449,1,79125.0,4,145,47.9,1.6
1,2016,8699,1,46040.0,0,30,61.4,1.6
1,2017,10489,1,37972.0,0,20,68.9,1.5
13,2017,12489,1,36394.0,0,145,64.2,1.5
13,2017,13698,1,78636.0,0,145,64.2,1.5
6,2018,18498,1,21167.0,0,145,67.3,2.0
0,2015,7298,1,36140.0,0,0,74.4,1.5
6,2017,9998,1,13861.0,4,145,60.1,1.0
13,2017,17498,1,22439.0,0,145,54.3,2.0
18,2017,18999,1,42500.0,0,125,51.4,2.0
2,2017,9489,1,29500.0,4,145,52.3,1.0
3,2017,20994,0,41000.0,0,145,48.7,2.0
1,2018,11998,1,6484.0,0,145,68.9,1.5
5,2014,6250,1,39223.0,4,30,54.3,1.2
5,2014,5950,1,64327.0,0,0,76.4,1.5
6,2017,10900,1,13338.0,0,0,74.3,1.5
6,2017,11200,1,15121.0,4,20,58.9,1.0
6,2017,9250,1,38541.0,4,20,60.1,1.0
5,2018,10300,1,9542.0,4,145,65.7,1.0
1,2019,13000,1,3629.0,4,145,49.6,1.0
6,2016,7000,1,82616.0,0,0,74.3,1.5
5,2015,9200,1,21261.0,4,0,65.7,1.0
18,2019,24995,1,10023.0,0,150,54.3,2.0
5,2016,8298,1,22919.0,4,0,65.7,1.0
1,2017,9298,1,41697.0,0,20,68.9,1.5
6,2019,16698,1,18697.0,4,145,60.1,1.0
6,2019,23698,1,5003.0,0,145,70.6,2.0
6,2019,20398,1,6233.0,0,145,74.3,1.5
5,2016,9698,1,19884.0,4,0,65.7,1.0
13,2018,17998,1,13734.0,4,145,39.2,1.5
5,2019,13698,1,12232.0,4,145,58.9,1.0
6,2016,9998,1,21243.0,4,20,60.1,1.0
5,2016,7298,1,31107.0,4,125,54.3,1.2
6,2013,5698,1,64292.0,0,20,67.3,1.6
13,2014,8998,1,68055.0,0,150,53.3,2.0
5,2018,12998,1,23200.0,4,150,65.7,1.0
14,2016,12498,1,25800.0,0,30,64.2,2.0
21,2019,20990,1,5100.0,0,145,31.7,2.0
21,2019,29999,1,100.0,0,145,30.1,2.0
6,2019,15998,1,4500.0,0,145,80.7,1.5
6,2016,8489,1,61379.0,0,0,74.3,1.5
5,2018,9490,1,3012.0,4,145,55.4,1.1
6,2017,12490,1,11292.0,4,125,51.4,1.5
12,2017,6490,1,19285.0,4,150,57.7,1.2
6,2016,14790,1,33352.0,4,205,41.5,2.0
6,2017,12498,1,17998.0,0,0,74.3,1.5
6,2018,18998,1,11578.0,0,150,67.3,2.0
6,2015,9598,1,29577.0,0,20,67.3,1.6
6,2017,10498,1,27704.0,0,145,74.3,1.5
5,2015,7998,1,19001.0,4,125,54.3,1.2
9,2016,9998,1,39460.0,0,30,64.2,1.5
6,2019,16250,1,13325.0,0,145,74.3,1.5
6,2019,18450,0,14464.0,0,145,54.3,1.5
6,2018,9950,1,19223.0,4,145,61.4,1.0
12,2019,9950,1,906.0,4,145,43.5,1.2
12,2019,9950,1,2520.0,4,145,43.5,1.2
12,2019,9950,1,1196.0,4,145,43.5,1.2
5,2015,8498,1,19429.0,4,0,65.7,1.0
0,2014,5998,1,69078.0,4,30,57.7,1.0
2,2017,9998,1,37560.0,4,145,53.3,1.0
6,2016,9998,1,3155.0,4,20,61.4,1.0
6,2019,16998,1,14206.0,4,150,60.1,1.0
6,2017,16998,0,30393.0,0,145,61.4,2.0
13,2014,11198,1,41711.0,0,145,53.3,2.0
6,2019,14498,1,14316.0,0,150,80.7,1.5
5,2016,7998,1,21456.0,4,125,54.3,1.2
5,2016,9998,1,20682.0,4,0,65.7,1.0
6,2019,17998,1,12027.0,0,145,74.3,1.5
0,2014,6498,1,36727.0,0,20,70.6,1.6
13,2019,19998,0,8757.0,4,145,28.8,1.5
2,2016,8698,1,28670.0,0,30,64.2,1.5
5,2017,10698,1,21041.0,0,0,78.5,1.5
2,2018,13698,1,4223.0,4,145,54.3,1.0
5,2019,13498,1,9007.0,4,145,58.9,1.0
5,2016,8498,1,11457.0,4,125,54.3,1.2
5,2014,6298,1,39944.0,4,30,54.3,1.2
5,2019,11698,1,3578.0,4,150,48.7,1.1
13,2017,13998,1,21167.0,0,150,54.3,2.0
5,2016,8498,2,31976.0,4,145,47.9,1.6
6,2018,13998,1,10149.0,4,145,57.7,1.0
18,2016,14498,1,50364.0,0,125,56.5,2.0
5,2018,11950,1,16678.0,4,145,58.9,1.0
5,2019,11395,1,1394.0,4,145,55.4,1.1
13,2019,18489,1,10351.0,0,145,54.3,1.5
5,2017,9795,1,4162.0,0,0,78.5,1.5
13,2017,15995,1,23237.0,0,125,60.1,2.0
13,2019,18495,1,7959.0,0,145,38.2,2.0
6,2018,11995,1,10553.0,0,145,74.3,1.5
5,2018,9998,1,23112.0,4,145,65.7,1.0
5,2019,14998,1,7953.0,4,145,60.1,1.0
5,2015,8000,1,14422.0,4,125,54.3,1.2
6,2017,18498,2,21183.0,0,145,61.4,2.0
5,2016,7998,1,21446.0,4,125,54.3,1.2
5,2019,12498,1,7941.0,4,145,58.9,1.0
6,2016,8498,1,45256.0,4,20,60.1,1.0
5,2013,5298,1,54545.0,4,0,65.7,1.0
6,2017,9998,1,28761.0,4,20,60.1,1.0
1,2014,7498,1,31343.0,4,30,55.4,1.0
13,2017,15998,1,24896.0,0,125,60.1,2.0
6,2017,16998,1,45854.0,4,150,41.5,2.0
5,2017,8698,1,18775.0,4,125,54.3,1.2
6,2019,15998,1,10386.0,4,145,49.6,1.0
5,2017,8998,1,20507.0,4,125,54.3,1.2
6,2017,9998,2,32384.0,4,125,51.4,1.0
5,2019,10698,1,10786.0,4,145,55.4,1.1
13,2020,20450,1,1196.0,0,150,38.2,2.0
1,2017,11495,1,39254.0,0,150,68.9,1.5
1,2017,9750,1,30157.0,0,20,68.9,1.5
13,2019,18495,1,11859.0,0,145,54.3,1.5
9,2019,14950,1,9693.0,0,145,57.7,1.5
13,2018,17295,1,11723.0,0,145,64.2,1.5
6,2019,16250,1,11027.0,0,145,74.3,1.5
11,2015,4998,1,28322.0,4,30,57.7,1.2
5,2017,8698,1,23833.0,4,0,65.7,1.0
5,2017,11298,1,13775.0,4,145,65.7,1.0
6,2017,10898,1,14050.0,4,145,60.1,1.0
13,2014,11698,1,34088.0,0,160,47.9,2.0
0,2014,5998,1,52565.0,4,30,55.4,1.0
5,2017,9998,2,16517.0,4,145,47.9,1.6
20,2019,19998,1,4605.0,0,145,61.4,1.5
6,2019,14998,1,12078.0,4,145,58.9,1.0
9,2014,6998,1,45460.0,0,125,60.1,1.6
2,2016,10498,2,24963.0,4,160,44.8,1.5
6,2015,12298,1,51103.0,4,240,39.2,2.0
13,2015,9498,1,63863.0,0,145,54.3,2.0
13,2016,11990,2,55145.0,0,145,52.3,2.0
5,2017,7490,1,28842.0,4,0,65.7,1.0
5,2019,13698,1,11060.0,4,145,58.9,1.0
6,2017,10498,1,39539.0,4,20,60.1,1.0
2,2017,10798,2,3652.0,4,165,44.8,1.5
13,2017,15998,1,29667.0,0,125,60.1,2.0
6,2016,8998,1,49080.0,0,0,74.3,1.5
13,2015,9298,1,61787.0,0,125,60.1,2.0
9,2017,10698,1,29886.0,0,30,64.2,1.5
13,2017,17498,2,31098.0,0,150,54.3,2.0
13,2017,13998,1,15860.0,0,150,54.3,2.0
5,2019,14998,1,8263.0,4,145,60.1,1.0
5,2015,8298,1,13118.0,4,0,65.7,1.0
5,2016,9698,1,19256.0,4,0,65.7,1.0
5,2017,7798,1,11085.0,4,125,54.3,1.2
6,2018,13498,1,10150.0,4,145,58.9,1.0
6,2016,9690,1,46176.0,0,0,74.3,1.5
6,2017,16498,1,18506.0,0,20,67.3,2.0
5,2017,11495,1,11476.0,4,145,65.7,1.0
2,2015,8000,1,29681.0,4,160,44.8,1.5
14,2015,11400,2,51581.0,0,125,57.7,2.0
5,2017,8250,1,32994.0,4,145,64.2,1.1
5,2019,10998,1,12320.0,4,145,58.9,1.0
2,2018,12998,1,3956.0,4,145,53.3,1.0
5,2014,6698,1,39002.0,4,0,65.7,1.0
13,2018,15998,1,10087.0,0,145,64.2,1.5
5,2014,6498,1,21284.0,4,30,54.3,1.2
6,2017,12998,1,17307.0,0,145,74.3,1.5
6,2017,18998,1,10222.0,4,145,41.5,2.0
5,2015,8498,1,10801.0,4,125,54.3,1.2
5,2015,6998,1,42477.0,4,30,54.3,1.2
13,2013,9498,2,64718.0,0,205,45.6,2.0
5,2019,11698,1,3484.0,4,150,48.7,1.1
6,2019,19300,1,2958.0,0,145,70.6,2.0
6,2017,16890,1,23365.0,4,145,41.5,2.0
6,2016,9420,1,34214.0,0,0,74.3,1.5
6,2019,15390,1,5341.0,4,145,60.1,1.0
6,2019,15370,1,6736.0,4,145,60.1,1.0
6,2015,9230,1,27412.0,0,0,74.3,1.5
12,2017,6990,1,11203.0,4,145,57.7,1.2
6,2017,15591,1,45400.0,0,20,67.3,2.0
2,2018,12891,1,16156.0,4,145,54.3,1.0
5,2017,10447,0,8337.0,4,145,54.3,1.0
13,2014,8998,1,71854.0,0,145,53.3,2.0
0,2013,5998,1,37058.0,4,30,55.4,1.0
6,2017,11998,1,28497.0,0,145,74.3,1.5
11,2014,4298,1,30658.0,4,30,57.7,1.2
6,2015,7498,1,36462.0,4,20,60.1,1.0
5,2013,7998,2,22125.0,4,150,47.9,1.6
6,2016,9498,1,18154.0,4,20,60.1,1.0
13,2017,19498,2,23270.0,0,145,54.3,2.0
13,2015,13698,1,34332.0,0,145,54.3,2.0
13,2015,11498,2,44123.0,0,145,52.3,2.0
3,2017,20498,1,29326.0,0,200,47.9,2.0
13,2018,16998,1,13737.0,0,145,64.2,1.5
6,2015,8998,1,32492.0,0,0,74.3,1.5
6,2018,18998,1,16312.0,0,145,67.3,2.0
5,2019,13898,1,14698.0,4,145,58.9,1.0
5,2019,13498,1,20388.0,4,145,58.9,1.0
5,2017,11998,1,8966.0,4,145,65.7,1.0
6,2015,8298,1,56282.0,0,20,67.3,1.6
9,2017,11698,1,12124.0,0,30,64.2,1.5
5,2019,14998,1,8389.0,4,145,60.1,1.0
6,2019,17498,0,11022.0,4,145,51.4,1.0
6,2019,17498,1,7359.0,0,145,74.3,1.5
6,2019,16998,1,8657.0,0,145,74.3,1.5
1,2017,10498,1,19534.0,0,20,68.9,1.5
5,2018,15698,0,921.0,4,145,49.6,1.0
5,2015,6998,1,48938.0,0,0,78.5,1.5
13,2017,15498,1,7431.0,0,125,60.1,2.0
6,2015,8498,1,31974.0,4,20,61.4,1.0
2,2015,7998,1,17786.0,4,160,44.8,1.5
5,2014,4698,1,52627.0,4,30,54.3,1.2
5,2019,11998,1,10970.0,4,145,58.9,1.0
13,2013,10998,1,32347.0,0,200,47.9,2.0
6,2016,8998,1,51324.0,0,0,74.3,1.5
5,2017,9298,1,6213.0,4,125,54.3,1.2
1,2016,10998,1,27639.0,4,30,55.4,1.0
5,2013,5298,1,64628.0,4,30,54.3,1.2
6,2016,14498,1,16501.0,0,20,67.3,2.0
5,2015,6798,1,37313.0,4,0,65.7,1.0
5,2014,6998,1,33154.0,4,30,54.3,1.2
0,2017,9798,1,13163.0,4,145,55.4,1.0
2,2017,9798,1,17593.0,4,125,52.3,1.0
6,2015,9698,1,13391.0,4,20,61.4,1.0
1,2017,9498,1,31877.0,0,20,68.9,1.5
5,2019,11798,1,13783.0,4,145,58.9,1.0
5,2019,11698,1,18115.0,4,145,58.9,1.0
1,2017,9998,1,34980.0,4,30,55.4,1.0
6,2015,9698,1,30149.0,0,0,74.3,1.5
6,2017,12698,1,9484.0,0,0,74.3,1.5
1,2017,10498,1,18250.0,0,20,68.9,1.5
5,2014,7798,1,15412.0,4,0,65.7,1.0
6,2019,19798,0,4797.0,0,145,64.2,2.0
6,2019,19998,0,2451.0,0,145,64.2,2.0
13,2017,16498,2,23224.0,0,145,58.9,1.5
6,2019,19998,0,6879.0,0,145,51.4,2.0
13,2014,9298,1,45543.0,0,145,53.3,2.0
6,2019,18298,0,2840.0,0,145,74.3,1.5
5,2018,10998,1,10970.0,4,145,58.9,1.0
9,2017,13498,1,8913.0,4,145,54.3,1.0
6,2017,12698,2,14876.0,4,125,51.4,1.0
5,2019,14998,1,3002.0,4,145,60.1,1.0
6,2018,20998,1,5757.0,4,145,41.5,2.0
5,2016,8998,1,12163.0,4,125,54.3,1.2
5,2019,14998,1,5721.0,4,145,60.1,1.0
6,2016,9998,1,27193.0,0,0,74.3,1.5
13,2018,15998,1,11460.0,0,145,54.3,1.5
14,2016,11298,2,66732.0,0,125,57.7,2.0
6,2017,15998,1,16290.0,0,20,67.3,2.0
6,2016,14498,1,32263.0,4,200,41.5,2.0
5,2018,10998,1,16353.0,4,145,65.7,1.0
6,2019,18998,0,11738.0,0,145,64.2,2.0
5,2015,7498,1,23764.0,4,125,54.3,1.2
6,2016,12998,1,41484.0,0,20,67.3,2.0
5,2017,10798,1,20241.0,4,145,65.7,1.0
11,2013,4198,1,45880.0,4,30,57.7,1.2
6,2019,16998,1,6092.0,4,145,49.6,1.0
6,2017,18998,1,11913.0,4,145,41.5,2.0
6,2018,19498,1,19382.0,4,145,41.5,2.0
5,2017,11698,1,10500.0,4,0,65.7,1.0
6,2015,9498,1,24717.0,4,20,60.1,1.0
5,2019,11498,1,6158.0,4,150,48.7,1.1
5,2017,10998,1,2360.0,4,150,65.7,1.0
6,2019,16998,1,19322.0,4,150,60.1,1.0
13,2016,16998,1,18480.0,0,150,54.3,2.0
13,2014,9298,1,52681.0,0,145,53.3,2.0
5,2014,6998,1,29095.0,4,30,54.3,1.2
6,2016,12698,1,7906.0,0,0,74.3,1.5
6,2015,9498,1,22420.0,0,0,74.3,1.5
6,2015,9798,1,18733.0,0,0,74.3,1.5
5,2017,11298,1,23358.0,4,20,62.8,1.0
2,2016,8998,1,34769.0,4,125,53.3,1.0
13,2017,12998,1,16300.0,4,160,45.6,1.5
6,2016,16798,1,15646.0,0,20,67.3,2.0
1,2016,9998,1,17330.0,0,20,68.9,1.5
5,2016,8198,1,23771.0,4,0,65.7,1.0
5,2017,10698,1,6991.0,4,145,65.7,1.0
6,2017,10698,1,11469.0,4,20,61.4,1.0
5,2013,4998,1,54323.0,4,30,54.3,1.2
15,2018,29998,1,20847.0,4,145,20.9,5.0
6,2014,5998,1,62855.0,0,20,67.3,1.6
6,2019,16498,1,2936.0,4,145,60.1,1.0
5,2016,7498,1,41271.0,0,0,88.3,1.5
6,2017,10498,1,24741.0,4,20,60.1,1.0
10,2018,16298,0,10703.0,0,145,56.6,1.5
13,2017,13298,1,11563.0,0,30,64.2,1.5
9,2017,10498,1,29684.0,0,30,64.2,1.5
5,2016,7298,1,20809.0,4,125,54.3,1.2
5,2018,11998,1,10320.0,4,145,56.5,1.0
6,2018,15498,1,14579.0,4,145,60.1,1.0
12,2017,7798,1,12392.0,4,145,57.7,1.2
5,2018,10698,1,7541.0,4,145,55.4,1.1
9,2017,11498,1,6368.0,0,30,64.2,1.5
5,2019,14698,1,10032.0,4,145,58.9,1.0
5,2019,14698,1,8438.0,4,145,58.9,1.0
6,2018,11498,1,27277.0,0,145,74.3,1.5
5,2016,8998,1,19882.0,4,0,65.7,1.0
5,2019,13998,1,6432.0,4,145,58.9,1.0
6,2015,7498,1,55312.0,0,20,67.3,1.6
5,2013,5998,1,51348.0,4,0,65.7,1.0
14,2016,11998,1,29964.0,0,30,65.7,2.0
13,2019,19498,1,9420.0,4,145,39.2,1.5
2,2017,9591,1,21236.0,4,145,52.3,1.0
5,2019,15450,1,5731.0,4,145,60.1,1.0
6,2016,7991,1,53922.0,4,20,60.1,1.0
5,2014,6150,1,31064.0,4,30,54.3,1.2
12,2018,7542,1,9880.0,4,145,57.7,1.2
5,2015,7324,1,27128.0,4,0,65.7,1.0
14,2016,11498,2,59601.0,0,125,57.7,2.0
5,2016,8998,1,11813.0,0,0,78.5,1.5
2,2016,8998,1,30557.0,4,125,53.3,1.0
6,2018,11498,1,25464.0,4,145,60.1,1.0
6,2019,16498,1,13699.0,0,145,74.3,1.5
6,2019,14798,1,12558.0,4,145,58.9,1.0
5,2019,13798,1,9847.0,4,145,58.9,1.0
6,2017,10998,1,14653.0,0,0,74.3,1.5
6,2017,11298,1,2666.0,4,20,61.4,1.0
6,2019,15998,0,9694.0,0,145,64.2,2.0
5,2019,14998,1,7995.0,4,145,60.1,1.0
2,2016,7498,1,48010.0,0,30,64.2,1.5
0,2013,6498,2,33155.0,4,160,44.1,1.6
5,2016,6998,1,49010.0,0,0,78.5,1.5
6,2017,11798,1,15417.0,0,0,74.3,1.5
5,2018,12998,2,9917.0,4,145,54.3,1.0
5,2018,10998,1,16658.0,4,145,65.7,1.0
6,2017,10498,1,28732.0,4,145,61.4,1.0
6,2018,13498,2,12619.0,4,145,51.4,1.0
5,2018,12998,1,17096.0,4,145,58.9,1.0
5,2019,10298,1,23309.0,4,145,55.4,1.1
5,2019,12698,1,7942.0,4,145,56.5,1.0
13,2017,16498,2,24956.0,0,145,54.3,2.0
5,2013,6998,1,15268.0,4,30,54.3,1.2
5,2019,11698,1,14337.0,4,145,58.9,1.0
5,2019,13998,1,17218.0,4,145,58.9,1.0
6,2017,16798,1,18215.0,4,145,41.5,2.0
5,2019,11998,1,9501.0,4,145,58.9,1.0
5,2019,13498,1,10248.0,4,145,58.9,1.0
9,2015,8498,1,47182.0,0,30,64.2,1.5
5,2017,10998,1,19690.0,4,150,65.7,1.0
6,2017,11998,1,8308.0,0,0,74.3,1.5
6,2017,12698,1,13588.0,0,0,74.3,1.5
6,2019,18998,0,2411.0,4,150,42.8,1.0
5,2015,6798,1,30299.0,4,125,54.3,1.2
13,2015,9698,1,37203.0,0,125,60.1,2.0
6,2019,17498,1,11184.0,4,145,60.1,1.0
5,2013,5998,1,50052.0,4,30,54.3,1.2
5,2017,8498,1,6721.0,4,125,54.3,1.2
6,2018,20498,1,10249.0,4,145,41.5,2.0
6,2016,9598,1,20340.0,0,0,74.3,1.5
5,2019,13898,1,7845.0,4,145,58.9,1.0
6,2014,8298,1,32541.0,0,20,67.3,1.6
6,2016,10298,1,34211.0,4,20,60.1,1.0
6,2018,13998,1,9328.0,4,145,58.9,1.0
13,2016,11798,2,15075.0,0,150,52.3,2.0
5,2017,10598,1,11544.0,4,145,65.7,1.0
6,2017,11998,1,10474.0,0,0,74.3,1.5
6,2019,25498,1,4813.0,4,145,34.5,2.3
5,2019,11998,1,14358.0,4,145,58.9,1.0
5,2019,13998,1,7512.0,4,145,58.9,1.0
6,2017,17298,1,16346.0,4,145,41.5,2.0
5,2015,7498,1,34362.0,4,125,54.3,1.2
5,2019,11798,1,12286.0,4,145,58.9,1.0
5,2019,11798,1,14068.0,4,145,58.9,1.0
5,2018,10698,1,14523.0,4,145,65.7,1.0
6,2013,6298,1,37966.0,4,30,56.5,1.0
6,2015,6998,1,76588.0,0,0,74.3,1.5
5,2016,7698,1,40480.0,4,0,65.7,1.0
5,2017,10698,1,23494.0,4,150,62.8,1.0
5,2018,9998,1,8608.0,4,145,55.4,1.1
18,2017,16498,1,33758.0,0,125,56.5,2.0
13,2017,15500,1,30878.0,0,145,60.1,2.0
2,2015,7900,1,26000.0,4,160,44.8,1.5
5,2018,10998,1,22410.0,4,145,56.5,1.0
5,2015,7498,1,25506.0,4,0,65.7,1.0
5,2017,10498,1,22788.0,4,145,65.7,1.0
5,2018,10998,1,21955.0,4,145,56.5,1.0
5,2019,14998,1,8783.0,4,145,55.4,1.0
5,2014,5998,1,43539.0,4,30,54.3,1.2
6,2016,10420,1,18913.0,4,20,60.1,1.0
6,2017,17630,1,25526.0,4,145,41.5,2.0
5,2013,6698,1,27783.0,0,0,76.4,1.5
13,2017,16998,1,19170.0,0,145,60.1,2.0
5,2014,6495,1,54249.0,4,30,54.3,1.2
13,2019,18995,2,4274.0,0,145,37.2,2.0
13,2015,9498,1,65151.0,0,145,54.3,2.0
1,2013,6498,1,45536.0,0,30,62.8,1.6
6,2017,11998,2,18978.0,0,0,74.3,1.5
5,2019,11498,1,14132.0,4,145,58.9,1.0
13,2014,9498,1,59114.0,0,200,47.9,2.0
12,2017,6999,1,11504.0,4,145,57.7,1.2
5,2016,6950,1,27098.0,4,125,54.3,1.2
2,2016,7995,1,31146.0,0,30,64.2,1.5
5,2017,7695,1,12868.0,4,125,54.3,1.2
2,2018,11795,1,32356.0,0,145,64.2,1.5
5,2014,5698,1,52395.0,4,30,54.3,1.2
5,2014,6698,1,45067.0,4,0,65.7,1.0
5,2016,7998,1,21715.0,4,125,54.3,1.2
12,2017,7998,1,5668.0,4,145,57.7,1.2
13,2017,15998,2,26663.0,0,145,54.3,2.0
6,2017,9498,1,35850.0,4,20,61.4,1.0
5,2015,6498,1,39167.0,4,0,65.7,1.0
13,2015,8998,1,61270.0,0,145,54.3,2.0
1,2015,7798,1,35901.0,4,160,44.1,1.6
14,2016,10698,1,64351.0,0,30,62.8,2.0
5,2017,8498,1,21302.0,4,125,54.3,1.2
13,2013,9798,1,39432.0,0,145,53.3,2.0
5,2015,6498,1,46857.0,4,125,54.3,1.2
12,2017,7998,1,6276.0,4,145,57.7,1.2
13,2013,8798,1,50216.0,0,145,53.3,2.0
6,2017,15798,1,27532.0,0,145,67.3,2.0
5,2018,9698,1,11783.0,4,150,64.2,1.1
6,2018,14000,1,12090.0,4,145,58.9,1.0
2,2018,13998,1,18980.0,4,145,52.3,1.0
5,2018,11250,1,15634.0,4,145,60.1,1.0
5,2015,8326,1,25604.0,4,0,65.7,1.0
5,2014,6672,1,29123.0,4,30,54.3,1.2
12,2017,7800,1,3194.0,4,150,57.7,1.2
6,2016,9000,1,19130.0,4,20,61.4,1.0
6,2018,12993,1,19135.0,4,145,57.7,1.0
2,2017,8742,1,38275.0,4,125,52.3,1.0
6,2013,6477,1,41250.0,4,30,56.5,1.0
13,2019,20998,1,100.0,4,150,35.3,1.5
5,2016,10298,1,18016.0,4,0,65.7,1.0
5,2017,8498,1,14110.0,4,150,54.3,1.2
13,2015,9000,1,52180.0,0,125,60.1,2.0
13,2019,18300,1,12587.0,4,145,35.3,1.5
13,2019,18700,1,7536.0,0,145,54.3,1.5
5,2017,7800,1,29543.0,4,125,54.3,1.2
12,2018,8150,1,9763.0,4,145,57.7,1.2
5,2018,12700,1,17299.0,4,145,61.4,1.0
5,2017,9300,1,11474.0,4,145,64.2,1.1
12,2017,7100,1,17750.0,4,145,57.7,1.2
6,2017,9798,1,39763.0,0,0,74.3,1.5
2,2017,9498,1,15750.0,4,145,44.8,1.5
5,2017,8998,1,13684.0,4,125,54.3,1.2
6,2016,10798,1,22904.0,0,0,74.3,1.5
9,2017,10498,1,35853.0,0,30,64.2,1.5
5,2016,8998,1,36488.0,4,20,62.8,1.0
14,2016,9998,2,65249.0,0,125,57.7,2.0
13,2019,17870,1,6618.0,0,145,45.6,1.5
6,2019,16640,1,7864.0,4,145,60.1,1.0
16,2020,20991,1,910.0,4,145,50.4,1.0
5,2018,9491,1,19272.0,4,145,64.2,1.1
6,2018,10700,1,28313.0,4,145,60.1,1.0
0,2018,10550,1,4723.0,4,145,55.4,1.0
6,2018,11000,1,11817.0,4,145,60.1,1.0
6,2019,18391,0,12821.0,4,145,50.4,1.0
5,2017,9157,1,14330.0,4,0,65.7,1.0
6,2017,10930,1,6471.0,4,20,61.4,1.0
5,2017,8000,1,20901.0,4,145,54.3,1.2
5,2018,10950,1,14415.0,4,145,65.7,1.0
5,2013,5200,1,50501.0,4,0,65.7,1.0
6,2018,13400,1,8271.0,4,145,60.1,1.0
12,2018,8000,1,6334.0,4,145,57.7,1.2
5,2017,9350,1,10228.0,4,145,64.2,1.1
5,2017,8500,1,17812.0,4,145,54.3,1.2
6,2016,11500,1,72085.0,0,20,67.3,2.0
5,2018,9650,1,29163.0,4,145,65.7,1.0
13,2017,16750,1,32879.0,0,145,54.3,2.0
6,2019,16998,1,15888.0,4,145,60.1,1.0
5,2016,7498,1,33631.0,4,125,54.3,1.2
5,2018,10498,1,7654.0,4,150,55.4,1.1
2,2016,9698,1,21169.0,4,125,53.3,1.0
13,2015,13998,1,28126.0,0,145,54.3,2.0
5,2017,10498,1,22125.0,4,0,65.7,1.0
6,2016,8798,1,47577.0,0,0,74.3,1.5
6,2017,11698,1,17750.0,0,0,74.3,1.5
6,2018,12998,1,15448.0,4,145,57.7,1.0
6,2019,13998,1,16879.0,4,150,58.9,1.0
5,2018,12500,1,33095.0,4,145,65.7,1.0
6,2017,11700,1,18524.0,4,20,60.1,1.0
5,2018,12500,1,33268.0,4,145,65.7,1.0
5,2018,9500,1,21857.0,4,145,64.2,1.1
5,2018,10000,1,21763.0,4,145,65.7,1.0
6,2017,11450,1,23319.0,4,145,60.1,1.0
12,2017,7500,1,10282.0,4,30,57.7,1.2
6,2017,11450,1,24521.0,4,20,60.1,1.0
5,2020,18000,1,5.0,4,145,55.4,1.0
12,2017,7700,1,7062.0,4,145,57.7,1.2
6,2018,11800,1,17312.0,4,145,60.1,1.0
5,2015,7850,1,19810.0,4,30,54.3,1.2
13,2019,18750,1,6157.0,0,145,54.3,1.5
5,2017,9750,1,9576.0,4,145,64.2,1.1
2,2018,12500,1,9963.0,4,145,54.3,1.0
5,2018,11500,1,16093.0,4,145,65.7,1.0
6,2017,10800,1,36050.0,4,145,60.1,1.0
13,2016,11998,1,28989.0,0,30,64.2,1.5
13,2019,17750,1,10785.0,4,145,34.4,1.5
13,2019,17500,1,14154.0,0,145,38.2,2.0
2,2018,13750,1,16025.0,4,145,54.3,1.0
6,2017,10400,1,13275.0,4,145,60.1,1.0
13,2017,15995,1,22894.0,0,145,64.2,1.5
13,2014,9650,1,63348.0,0,145,53.3,2.0
5,2016,8600,1,32408.0,4,0,65.7,1.0
6,2016,13500,1,36638.0,0,20,67.3,2.0
6,2018,11500,1,10051.0,4,145,60.1,1.0
6,2018,11650,1,7680.0,4,145,60.1,1.0
12,2017,7750,1,22499.0,4,145,57.7,1.2
5,2017,9000,1,15378.0,4,0,65.7,1.0
5,2017,11298,1,11806.0,4,0,65.7,1.0
6,2014,5698,1,70745.0,4,20,60.1,1.0
5,2014,5298,1,69323.0,0,0,76.4,1.5
5,2013,6498,2,40491.0,4,150,47.9,1.6
13,2017,13500,1,9374.0,0,145,64.2,1.5
5,2018,11500,1,23239.0,4,145,65.7,1.0
12,2019,10000,1,3914.0,4,145,47.9,1.2
6,2018,12598,1,22162.0,4,150,57.7,1.0
6,2015,9498,1,29901.0,0,0,74.3,1.5
6,2019,16498,1,14645.0,4,150,60.1,1.0
5,2018,10998,1,25642.0,4,145,65.7,1.0
5,2017,9498,1,8552.0,4,125,54.3,1.2
6,2016,10498,1,17685.0,0,0,74.3,1.5
13,2017,12998,1,6318.0,4,160,45.6,1.5
6,2019,16498,0,5955.0,4,145,51.4,1.0
6,2019,18498,0,6096.0,0,145,64.2,2.0
6,2017,10498,1,26029.0,0,0,74.3,1.5
2,2017,8500,1,27400.0,4,150,53.3,1.0
5,2017,11500,1,12061.0,0,145,78.5,1.5
5,2018,11450,1,15220.0,4,145,65.7,1.0
2,2018,12850,1,19225.0,4,145,54.3,1.0
6,2019,25500,1,3011.0,4,145,34.5,2.3
6,2019,25500,1,6338.0,4,145,34.5,2.3
6,2016,9000,1,36565.0,0,0,74.3,1.5
13,2015,12000,1,28676.0,0,125,60.1,2.0
6,2016,10250,1,23256.0,4,125,51.4,1.5
5,2017,9000,1,19869.0,0,145,78.5,1.5
6,2017,9998,1,28761.0,0,0,74.3,1.5
13,2017,12198,1,25966.0,0,30,64.2,1.5
13,2015,12298,1,33749.0,0,125,60.1,2.0
0,2014,6498,1,34744.0,4,30,55.4,1.0
6,2017,14000,1,43000.0,4,150,41.5,2.0
5,2016,7000,1,65000.0,0,0,88.3,1.5
11,2013,4950,1,25300.0,4,30,57.7,1.2
6,2017,10500,1,37920.0,0,145,74.3,1.5
6,2018,13650,1,13485.0,4,145,57.7,1.0
5,2018,10850,1,12946.0,4,145,65.7,1.0
5,2018,9650,1,15237.0,4,145,64.2,1.1
5,2018,9950,1,9649.0,4,145,64.2,1.1
5,2018,10000,1,27843.0,4,145,65.7,1.0
6,2013,6776,1,35490.0,0,20,67.3,1.6
6,2016,7480,1,62595.0,0,0,74.3,1.5
5,2017,8310,1,18680.0,4,125,54.3,1.2
12,2017,7625,1,13404.0,4,145,57.7,1.2
11,2014,4430,1,28883.0,4,30,57.7,1.2
5,2016,8498,1,20447.0,4,125,54.3,1.2
2,2018,12698,1,1370.0,4,145,54.3,1.0
6,2018,13998,1,12024.0,4,145,58.9,1.0
6,2017,11498,1,15378.0,4,20,61.4,1.0
6,2015,7698,1,43361.0,4,20,60.1,1.0
5,2018,9000,1,9592.0,4,145,64.2,1.1
5,2018,9000,1,10945.0,4,145,64.2,1.1
5,2018,10450,1,9000.0,4,145,64.2,1.1
5,2018,10450,1,20000.0,4,145,65.7,1.0
5,2018,10000,1,8932.0,4,145,65.7,1.0
5,2017,10000,1,19496.0,4,145,65.7,1.0
5,2018,10650,1,11451.0,4,145,65.7,1.0
13,2016,15000,1,18454.0,0,145,54.3,2.0
5,2017,10000,1,12068.0,4,145,65.7,1.0
5,2017,8850,1,16913.0,4,125,54.3,1.2
2,2016,10998,2,13303.0,4,160,44.8,1.5
6,2019,17998,0,2676.0,0,145,64.2,2.0
0,2016,8698,1,24917.0,4,30,57.7,1.0
5,2014,7698,1,8487.0,4,30,54.3,1.2
5,2016,9998,1,24242.0,4,0,65.7,1.0
13,2017,13998,1,21511.0,0,150,64.2,1.5
0,2014,7998,2,29044.0,4,165,44.1,1.6
6,2017,11298,1,14604.0,0,0,74.3,1.5
6,2019,15298,0,12779.0,4,145,48.7,1.0
13,2019,19298,1,11251.0,4,145,39.2,1.5
5,2018,13495,1,14000.0,0,145,88.3,1.5
13,2017,13995,1,58402.0,0,125,60.1,2.0
18,2017,14995,1,67318.0,0,125,56.5,2.0
8,2017,14995,1,50565.0,0,150,56.5,2.0
2,2019,16995,2,4401.0,4,150,45.6,1.0
13,2019,18495,1,9447.0,0,150,54.3,1.5
18,2016,15495,0,72189.0,0,125,56.5,2.0
1,2017,10495,1,34463.0,4,145,55.4,1.0
6,2017,38015,1,197.0,0,145,74.3,1.5
13,2017,13995,1,55121.0,0,145,54.3,2.0
13,2018,16998,1,3713.0,0,145,54.3,1.5
5,2013,8698,1,9734.0,4,0,65.7,1.0
5,2018,10498,1,8163.0,4,150,55.4,1.1
5,2016,7298,1,33349.0,4,125,54.3,1.2
13,2015,9498,1,62232.0,0,125,60.1,2.0
6,2017,14498,1,37886.0,0,20,67.3,2.0
1,2017,10998,1,13888.0,0,145,68.9,1.5
9,2017,10798,1,19318.0,0,30,64.2,1.5
18,2017,16498,1,25595.0,4,150,43.5,1.5
6,2017,16998,1,25129.0,0,20,67.3,2.0
10,2017,14998,0,12757.0,0,145,56.6,1.5
9,2017,12498,2,17367.0,0,30,58.9,1.5
6,2017,15995,1,22947.0,0,20,67.3,2.0
5,2017,7995,1,18250.0,4,125,54.3,1.2
21,2016,16700,1,22704.0,0,200,44.8,2.0
5,2017,7430,1,12370.0,4,125,54.3,1.2
5,2015,6999,1,27425.0,4,125,54.3,1.2
6,2013,5999,1,41675.0,4,20,58.9,1.0
14,2015,9999,1,45971.0,0,20,68.9,2.0
5,2017,7713,1,12370.0,4,125,54.3,1.2
1,2016,9247,1,26199.0,0,20,68.9,1.5
13,2017,13190,1,31181.0,0,145,60.1,2.0
6,2018,11810,1,17330.0,4,145,51.4,1.5
12,2019,10600,1,2179.0,4,145,47.9,1.2
12,2019,10440,1,1524.0,4,145,47.9,1.2
12,2019,10460,1,1161.0,4,145,47.9,1.2
5,2017,10260,1,20926.0,4,0,65.7,1.0
1,2017,9650,1,42581.0,0,20,68.9,1.5
13,2018,15891,1,21651.0,4,145,45.6,1.5
14,2018,13691,1,9055.0,0,145,78.5,1.5
6,2017,9870,1,23699.0,4,145,60.1,1.0
5,2017,9020,1,29535.0,4,0,65.7,1.0
13,2017,12320,1,28866.0,0,145,54.3,2.0
5,2016,8990,1,7872.0,4,0,65.7,1.0
6,2017,11991,1,23445.0,0,0,74.3,1.5
5,2014,5491,1,60259.0,4,30,54.3,1.2
5,2016,9210,1,28720.0,4,0,65.7,1.0
5,2017,10491,1,19980.0,4,0,65.7,1.0
8,2017,20627,0,7743.0,0,145,52.3,2.0
5,2019,10850,1,14669.0,4,145,58.9,1.0
12,2018,7500,1,8879.0,4,145,57.7,1.2
6,2016,9790,1,34006.0,0,0,74.3,1.5
12,2017,7450,1,11690.0,4,145,57.7,1.2
11,2013,3691,1,33735.0,4,30,57.7,1.2
1,2017,10980,1,28523.0,0,20,68.9,1.5
5,2019,14021,0,5489.0,4,145,48.7,1.0
6,2018,16700,1,7732.0,4,145,60.1,1.0
14,2017,12790,1,31959.0,4,145,48.7,1.5
12,2018,8095,1,7933.0,4,145,57.7,1.2
6,2018,18797,1,5946.0,4,145,41.5,2.0
6,2015,8000,1,45566.0,0,0,74.3,1.5
5,2016,8640,1,17782.0,4,125,54.3,1.2
1,2014,8830,1,32123.0,4,30,55.4,1.0
5,2014,6250,1,40946.0,4,0,65.7,1.0
5,2016,7495,1,28805.0,4,125,54.3,1.2
6,2018,13498,1,18744.0,0,145,74.3,1.5
21,2017,17998,1,41269.0,0,145,44.8,2.0
6,2017,10991,1,25899.0,4,150,60.1,1.0
6,2018,12991,1,15623.0,4,150,57.7,1.0
5,2019,12991,1,13505.0,4,150,58.9,1.0
5,2020,15980,1,2489.0,4,150,55.4,1.0
14,2017,13991,2,27492.0,0,125,58.9,2.0
2,2017,9791,1,28000.0,4,145,52.3,1.0
6,2017,11291,2,12857.0,4,125,51.4,1.0
5,2014,7830,1,34567.0,4,0,65.7,1.0
6,2015,7180,1,44583.0,0,0,74.3,1.5
6,2017,18491,1,18523.0,4,200,41.5,2.0
5,2018,10760,1,12849.0,4,145,58.9,1.0
5,2018,11030,1,20271.0,4,145,65.7,1.0
5,2018,10870,1,19733.0,4,145,65.7,1.0
6,2016,11290,1,9928.0,4,20,60.1,1.0
14,2015,9221,1,59292.0,0,20,68.9,2.0
1,2016,9791,2,37561.0,0,20,64.2,1.5
1,2017,10291,1,12812.0,0,20,68.9,1.5
9,2015,8991,1,49633.0,0,30,64.2,1.5
5,2014,6691,1,33391.0,4,30,54.3,1.2
13,2017,17491,1,20000.0,0,150,54.3,2.0
21,2016,15298,1,62505.0,0,200,46.3,2.0
6,2017,10998,1,31953.0,0,145,74.3,1.5
5,2016,7998,1,20777.0,4,125,54.3,1.2
13,2016,12498,1,13920.0,4,160,45.6,1.5
5,2016,8498,1,39271.0,0,0,88.3,1.5
13,2014,9498,1,35003.0,4,200,42.8,1.6
13,2017,16998,1,18787.0,4,165,45.6,1.5
6,2017,16495,1,33770.0,4,145,41.5,2.0
6,2018,14160,1,10109.0,4,145,58.9,1.0
6,2018,14300,1,9713.0,4,145,58.9,1.0
1,2013,6700,1,62445.0,0,30,61.4,1.6
5,2018,10120,1,3665.0,4,145,64.2,1.1
5,2016,8800,1,46730.0,4,0,65.7,1.0
5,2014,7580,1,32356.0,4,0,65.7,1.0
5,2013,7860,2,23079.0,4,145,47.9,1.6
6,2017,11880,1,2435.0,4,145,61.4,1.0
6,2015,7191,1,63780.0,0,20,67.3,1.6
5,2014,6250,1,38906.0,4,30,54.3,1.2
2,2015,7720,1,55417.0,0,30,61.4,1.5
6,2018,19700,1,8022.0,4,145,41.5,2.0
5,2015,7691,1,24755.0,4,0,65.7,1.0
6,2014,7820,1,39000.0,0,0,74.3,1.5
5,2017,10491,1,13326.0,4,145,65.7,1.0
16,2020,20991,1,5750.0,4,145,49.6,1.0
13,2019,18691,1,151.0,0,145,38.2,2.0
12,2017,7350,1,16756.0,4,145,57.7,1.2
2,2018,14030,1,8000.0,4,145,54.3,1.0
5,2018,9981,1,4399.0,4,145,64.2,1.1
5,2016,9998,1,20125.0,4,0,65.7,1.0
12,2018,9291,1,4191.0,4,145,47.9,1.2
5,2017,8770,1,17974.0,4,125,54.3,1.2
5,2015,6991,1,29012.0,4,125,54.3,1.2
5,2017,9290,1,20286.0,4,145,65.7,1.0
5,2018,12990,1,11814.0,4,145,57.7,1.0
5,2018,10490,1,22345.0,4,145,58.9,1.0
9,2018,11176,1,32038.0,0,145,64.2,1.5
6,2018,11150,1,16709.0,4,150,60.1,1.0
5,2017,11150,1,9919.0,4,145,65.7,1.0
6,2017,11190,2,38410.0,0,145,74.3,1.5
10,2016,11410,1,47548.0,0,30,64.2,1.5
6,2017,18930,1,13965.0,4,145,41.5,2.0
5,2017,9607,1,6596.0,4,145,64.2,1.1
2,2018,14790,2,14487.0,4,145,48.7,1.0
12,2018,9691,1,11881.0,4,145,43.5,1.2
16,2020,19970,1,2075.0,4,145,50.4,1.0
5,2016,7180,1,27520.0,4,125,54.3,1.2
5,2018,10060,1,26629.0,4,145,56.5,1.0
5,2018,9880,1,20860.0,4,145,65.7,1.0
5,2018,10290,1,14696.0,4,145,58.9,1.0
5,2019,12880,1,9018.0,4,145,58.9,1.0
2,2017,10000,1,19383.0,4,150,52.3,1.0
12,2017,8000,1,12418.0,4,150,57.7,1.2
6,2017,10650,1,16946.0,4,150,60.1,1.0
6,2017,11650,1,22344.0,4,150,51.4,1.5
2,2018,13500,1,17653.0,4,150,54.3,1.0
2,2017,9550,1,21791.0,4,145,44.8,1.5
2,2018,14700,1,10000.0,4,145,54.3,1.0
12,2017,6800,1,31611.0,4,30,57.7,1.2
5,2017,11000,1,10802.0,4,145,65.7,1.0
5,2018,11000,1,9000.0,4,145,65.7,1.0
5,2019,13860,1,10175.0,4,145,58.9,1.0
5,2019,15050,1,11559.0,4,145,58.9,1.0
6,2019,15470,1,8724.0,4,145,60.1,1.0
6,2019,15590,1,11110.0,4,145,60.1,1.0
6,2019,15020,1,20300.0,4,145,60.1,1.0
5,2019,16370,0,5206.0,4,145,48.7,1.0
6,2019,17250,1,17500.0,0,145,62.8,1.5
6,2017,15480,1,25894.0,4,200,41.5,2.0
5,2017,7960,1,34620.0,4,145,65.7,1.0
6,2019,15860,1,12853.0,0,145,74.3,1.5
5,2019,13000,1,11233.0,4,145,60.1,1.0
5,2013,7020,1,26445.0,4,0,65.7,1.0
6,2016,16700,1,11968.0,4,200,41.5,2.0
0,2017,8791,1,17459.0,4,145,47.1,1.4
13,2017,12480,1,15284.0,4,160,45.6,1.5
14,2018,13491,1,22976.0,0,145,68.9,2.0
14,2016,12991,1,21188.0,0,30,64.2,2.0
2,2017,9210,1,17592.0,4,145,52.3,1.0
5,2018,10498,1,11421.0,4,145,65.7,1.0
5,2015,6998,1,30383.0,4,125,54.3,1.2
6,2018,14498,1,13218.0,0,145,80.7,1.5
5,2016,9998,1,23348.0,4,20,62.8,1.0
6,2019,16998,1,15608.0,4,145,60.1,1.0
5,2019,13998,1,9500.0,4,150,56.5,1.0
5,2018,10500,1,18266.0,4,150,65.7,1.0
13,2017,16500,2,8666.0,0,145,58.9,1.5
13,2018,14280,1,15331.0,0,145,54.3,2.0
13,2013,8698,1,62637.0,0,145,53.3,2.0
2,2019,15998,1,5846.0,4,150,52.3,1.0
5,2016,7498,1,25123.0,4,125,54.3,1.2
5,2016,11298,1,5796.0,4,20,62.8,1.0
6,2019,16998,0,6641.0,0,145,64.2,2.0
6,2016,14998,1,9054.0,0,20,67.3,2.0
5,2015,7698,1,25858.0,4,0,65.7,1.0
0,2017,9698,1,14708.0,0,0,74.3,1.5
1,2017,8998,1,25918.0,0,20,68.9,1.5
5,2016,8698,1,16353.0,4,0,65.7,1.0
6,2017,11298,1,17530.0,0,0,74.3,1.5
13,2019,19698,1,95.0,0,145,54.3,1.5
5,2017,9998,1,17265.0,4,145,65.7,1.0
5,2017,10200,1,11743.0,4,145,64.2,1.1
6,2016,16998,1,16018.0,4,200,41.5,2.0
3,2016,14998,1,77137.0,0,160,48.7,2.0
5,2016,8640,1,21763.0,4,125,54.3,1.2
1,2014,8367,1,36300.0,4,30,55.4,1.0
6,2019,17530,0,7648.0,4,145,47.9,1.5
6,2019,16920,1,4596.0,0,145,61.4,1.5
6,2018,13691,1,12603.0,4,145,58.9,1.0
6,2017,11750,1,8556.0,4,145,60.1,1.0
5,2018,12250,1,8000.0,4,145,65.7,1.0
12,2017,8200,1,7616.0,4,145,57.7,1.2
6,2017,10500,1,28244.0,0,0,74.3,1.5
5,2016,8500,1,19116.0,4,125,54.3,1.2
5,2018,11000,1,8468.0,4,145,65.7,1.0
5,2018,10400,1,18515.0,4,145,65.7,1.0
5,2018,14250,1,24038.0,4,150,60.1,1.0
14,2018,13000,1,42678.0,0,150,62.8,2.0
5,2017,8700,1,20785.0,4,0,65.7,1.0
13,2017,17498,1,8800.0,0,150,54.3,2.0
8,2017,17998,1,34034.0,0,150,56.5,2.0
5,2016,9998,1,14010.0,4,0,65.7,1.0
1,2016,9698,1,62703.0,0,20,68.9,1.5
14,2017,14498,0,22628.0,4,235,38.2,2.0
5,2019,11498,1,9923.0,4,145,58.9,1.0
0,2017,9698,1,13479.0,4,30,55.4,1.0
6,2017,10498,1,17650.0,4,145,61.4,1.0
1,2016,7498,1,51402.0,4,30,55.4,1.0
2,2019,16798,1,1711.0,4,145,51.4,1.0
6,2016,7998,1,69312.0,0,0,74.3,1.5
6,2017,11698,1,8111.0,4,145,61.4,1.0
6,2013,5498,1,67133.0,0,20,67.3,1.6
5,2017,8998,1,14188.0,4,125,54.3,1.2
6,2017,14998,1,39193.0,0,145,67.3,2.0
5,2015,5998,1,33830.0,4,30,54.3,1.2
2,2017,10498,1,21114.0,4,125,52.3,1.0
6,2017,15498,1,37989.0,4,145,41.5,2.0
5,2016,9698,1,29714.0,0,0,78.5,1.5
6,2016,8298,1,49173.0,0,0,74.3,1.5
13,2017,16298,1,25623.0,0,125,60.1,2.0
6,2015,7998,1,29331.0,0,0,83.1,1.5
5,2016,7998,1,26295.0,4,0,65.7,1.0
5,2017,8498,1,26052.0,4,125,54.3,1.2
5,2018,10298,1,17672.0,4,145,65.7,1.0
14,2018,15998,0,19872.0,4,145,44.8,1.5
2,2018,13498,1,12495.0,4,145,54.3,1.0
5,2013,5998,1,28514.0,4,30,54.3,1.2
5,2016,7298,1,33524.0,0,0,78.5,1.5
13,2017,14998,1,15707.0,0,145,64.2,1.5
6,2019,16937,1,18651.0,0,145,74.3,1.5
6,2019,16491,0,18512.0,0,145,74.3,1.5
6,2019,19000,1,7124.0,4,145,60.1,1.0
6,2019,19050,1,4637.0,4,145,60.1,1.0
13,2017,12998,1,16733.0,0,145,64.2,1.5
5,2018,10998,1,25169.0,4,145,56.5,1.0
5,2017,8498,1,20253.0,4,145,54.3,1.2
5,2017,10998,1,10829.0,4,0,65.7,1.0
6,2019,13298,1,15320.0,4,150,60.1,1.0
6,2019,14798,0,12848.0,4,150,50.4,1.0
13,2015,12998,1,37976.0,0,145,54.3,2.0
5,2017,8798,1,26546.0,4,0,65.7,1.0
1,2017,11698,2,10194.0,0,20,64.2,1.5
5,2019,16040,1,1891.0,4,145,58.9,1.0
5,2017,7591,1,27546.0,4,125,54.3,1.2
6,2018,11691,1,13159.0,4,145,61.4,1.0
6,2019,17050,1,3891.0,0,145,74.3,1.5
5,2016,9998,1,33254.0,4,20,62.8,1.0
6,2018,18998,1,11339.0,0,145,67.3,2.0
6,2015,7998,1,46010.0,0,20,67.3,1.6
5,2014,5298,1,52950.0,4,30,54.3,1.2
5,2016,8698,1,38830.0,4,0,65.7,1.0
6,2013,8798,1,63921.0,4,240,39.2,2.0
6,2017,15298,1,16480.0,0,20,67.3,2.0
6,2017,11998,1,25950.0,0,0,74.3,1.5
3,2017,20698,1,17381.0,0,150,47.9,2.0
14,2019,17998,1,12584.0,0,150,65.7,2.0
1,2017,10698,1,17020.0,4,150,55.4,1.0
5,2017,10710,0,12874.0,4,145,54.3,1.0
6,2017,11591,1,7612.0,4,20,61.4,1.0
12,2018,7570,1,14604.0,4,145,57.7,1.2
6,2018,11460,1,21742.0,4,145,61.4,1.0
5,2018,8940,1,6310.0,4,145,64.2,1.1
2,2018,12460,1,22907.0,4,145,54.3,1.0
6,2017,10620,1,18385.0,0,0,74.3,1.5
5,2014,6680,1,39123.0,0,0,76.4,1.5
1,2017,11140,1,15295.0,4,30,55.4,1.0
13,2017,12720,1,33503.0,0,145,54.3,2.0
6,2019,16298,1,14057.0,4,150,49.6,1.0
13,2019,19680,1,15241.0,0,145,47.9,2.0
12,2018,8591,1,13319.0,4,145,48.7,1.2
6,2019,14490,1,6384.0,4,145,58.9,1.0
6,2019,14530,1,4398.0,4,145,58.9,1.0
6,2019,14590,1,3648.0,4,145,58.9,1.0
5,2013,6570,1,33026.0,4,30,54.3,1.2
6,2015,8990,1,34998.0,0,0,74.3,1.5
6,2017,12240,0,15540.0,4,145,46.3,1.5
3,2017,22250,1,7721.0,0,145,48.7,2.0
5,2017,8791,1,34617.0,4,145,64.2,1.1
6,2016,8080,1,57894.0,0,0,74.3,1.5
5,2016,8240,1,30152.0,4,20,62.8,1.0
6,2018,14891,1,14115.0,0,145,74.3,1.5
5,2019,13120,1,1327.0,4,145,48.7,1.1
6,2019,17390,1,3392.0,4,145,60.1,1.0
6,2019,19070,1,4165.0,4,145,60.1,1.0
6,2019,17380,1,4052.0,4,145,60.1,1.0
6,2019,17490,1,944.0,4,145,60.1,1.0
6,2015,8559,1,55601.0,0,0,74.3,1.5
5,2014,6391,1,43904.0,4,30,54.3,1.2
5,2017,10917,0,8323.0,4,145,54.3,1.0
2,2019,16800,1,4586.0,4,145,51.4,1.0
13,2019,19491,1,3114.0,0,145,47.9,2.0
3,2017,19557,1,24271.0,0,145,48.7,2.0
5,2017,8291,1,23080.0,4,145,54.3,1.2
6,2018,14691,1,16364.0,4,145,57.7,1.0
12,2019,9790,1,5588.0,4,145,43.5,1.2
6,2019,16090,1,13696.0,0,145,62.8,1.5
5,2017,10210,1,5146.0,4,0,65.7,1.0
5,2018,8770,1,7340.0,4,145,64.2,1.1
5,2018,12460,2,5759.0,4,145,54.3,1.0
13,2018,13210,1,10945.0,0,145,64.2,1.5
6,2017,11591,1,11055.0,4,145,60.1,1.0
12,2018,8690,1,12696.0,4,145,48.7,1.2
2,2019,15990,1,2339.0,4,145,53.3,1.0
12,2017,7491,1,18084.0,4,30,57.7,1.2
5,2018,10291,1,8340.0,4,145,65.7,1.0
6,2018,10700,1,22749.0,4,145,60.1,1.0
20,2015,9998,1,88927.0,0,30,64.2,1.5
5,2018,10100,1,10748.0,4,145,65.7,1.0
13,2019,23965,1,3489.0,0,150,37.7,2.0
6,2017,9891,1,24065.0,4,150,61.4,1.0
12,2018,8191,1,8001.0,4,150,57.7,1.2
16,2020,20991,1,891.0,4,150,50.4,1.0
6,2020,18991,1,905.0,4,150,60.1,1.0
13,2017,13991,2,18874.0,0,150,58.9,1.5
12,2018,7891,1,12159.0,4,150,57.7,1.2
5,2018,11200,1,11550.0,4,150,65.7,1.0
14,2016,9491,1,60720.0,0,0,78.5,1.5
21,2017,20156,1,4629.0,0,145,44.8,2.0
6,2018,12000,1,18952.0,0,145,74.3,1.5
6,2015,13838,1,26201.0,4,200,41.5,2.0
21,2018,21948,0,26909.0,0,145,31.7,2.0
21,2018,21228,0,22037.0,0,145,31.7,2.0
5,2019,16591,1,2913.0,4,145,60.1,1.0
5,2019,16491,1,898.0,4,145,60.1,1.0
6,2019,18420,1,6479.0,0,145,57.6,2.0
6,2019,17900,1,9504.0,0,145,57.7,1.5
6,2019,17350,1,4539.0,0,145,61.4,1.5
13,2018,17401,2,23995.0,0,145,47.9,2.0
6,2015,9991,1,28351.0,0,0,74.3,1.5
8,2016,15870,2,34145.0,0,145,52.3,2.0
18,2017,16900,1,34314.0,0,145,56.5,2.0
5,2015,6590,1,25737.0,4,125,54.3,1.2
1,2013,8298,1,39632.0,4,30,55.4,1.0
6,2016,8798,1,43101.0,0,0,74.3,1.5
5,2015,7298,1,31387.0,4,125,54.3,1.2
5,2014,8498,1,26276.0,4,0,65.7,1.0
5,2017,14070,1,13106.0,4,145,47.9,1.6
6,2016,10300,1,21117.0,4,20,60.1,1.0
5,2017,10191,1,19068.0,4,145,65.7,1.0
6,2018,18520,1,11958.0,4,145,41.5,2.0
12,2017,8330,1,11531.0,4,145,57.7,1.2
0,2017,8891,1,20226.0,0,0,74.4,1.5
5,2019,16150,2,1952.0,4,145,48.7,1.0
6,2019,17520,1,1987.0,4,145,60.1,1.0
6,2019,17000,1,4920.0,0,145,80.7,1.5
6,2019,17520,1,5000.0,4,145,60.1,1.0
6,2019,17520,1,3214.0,4,145,60.1,1.0
5,2015,6791,1,40206.0,4,125,54.3,1.2
13,2015,9827,1,58837.0,0,125,60.1,2.0
5,2014,7698,1,23576.0,4,0,65.7,1.0
13,2017,14998,1,15389.0,0,30,64.2,1.5
5,2017,11998,1,9177.0,4,20,62.8,1.0
16,2019,19750,1,110.0,4,145,50.4,1.0
5,2020,15750,1,52.0,4,145,54.3,1.0
2,2016,9400,1,29264.0,4,125,53.3,1.0
6,2019,16400,1,8664.0,4,145,60.1,1.0
13,2019,23200,1,2017.0,0,145,37.7,2.0
2,2019,17700,1,618.0,4,145,51.4,1.0
5,2018,10250,1,5220.0,4,145,64.2,1.1
5,2017,10800,1,17465.0,4,145,65.7,1.0
3,2017,20498,1,17399.0,0,145,48.7,2.0
6,2019,16998,1,21480.0,4,145,60.1,1.0
5,2018,9298,1,19448.0,4,145,64.2,1.1
21,2016,18798,1,44233.0,0,200,46.3,2.0
6,2019,16298,0,12029.0,4,145,41.5,1.0
5,2016,9298,1,18502.0,4,0,65.7,1.0
6,2019,16000,1,6238.0,4,145,60.1,1.0
5,2018,9900,1,14825.0,4,145,64.2,1.1
12,2019,10600,1,1802.0,4,145,47.9,1.2
13,2019,20590,1,7580.0,0,145,39.2,2.0
6,2019,19741,0,6750.0,0,145,74.3,1.5
6,2017,9470,1,30493.0,0,145,74.3,1.5
6,2019,19498,0,6621.0,0,145,64.2,2.0
5,2013,6698,1,28685.0,4,30,54.3,1.2
5,2016,7780,1,37981.0,4,0,65.7,1.0
5,2018,9720,1,22038.0,4,145,65.7,1.0
5,2018,8691,1,12251.0,4,145,64.2,1.1
5,2013,6150,1,51341.0,4,0,65.7,1.0
14,2014,7381,1,58372.0,0,30,62.8,2.0
5,2014,6880,1,25180.0,4,30,54.3,1.2
6,2017,9347,1,35013.0,0,145,74.3,1.5
5,2019,14990,1,6591.0,4,145,55.4,1.0
11,2015,5560,1,23593.0,4,30,57.7,1.2
6,2014,8390,1,18680.0,0,20,67.3,1.6
5,2017,9691,1,11377.0,4,145,64.2,1.1
6,2017,10200,1,27353.0,4,145,60.1,1.0
5,2018,10000,1,11377.0,4,145,64.2,1.1
5,2018,14500,1,5223.0,4,145,58.9,1.0
2,2017,9700,1,20771.0,4,145,52.3,1.0
13,2017,14750,1,20855.0,0,145,60.1,2.0
5,2013,6750,1,16072.0,4,30,54.3,1.2
2,2017,10000,1,17331.0,4,145,44.8,1.5
6,2017,10800,1,35629.0,4,145,60.1,1.0
13,2017,13666,1,22164.0,0,30,64.2,1.5
2,2018,11746,1,9152.0,4,145,54.3,1.0
5,2018,12991,1,21528.0,4,145,61.4,1.0
5,2019,15500,1,4551.0,4,145,60.1,1.0
5,2017,9240,1,27667.0,4,145,64.2,1.1
6,2018,13567,1,7756.0,0,145,74.3,1.5
6,2019,15351,1,13064.0,4,145,58.9,1.0
6,2019,15151,1,13591.0,4,145,58.9,1.0
5,2016,7498,1,10892.0,4,125,54.3,1.2
13,2017,11998,1,34577.0,0,30,64.2,1.5
6,2016,14795,1,26000.0,0,20,67.3,2.0
5,2013,5995,1,42400.0,4,0,65.7,1.0
1,2016,8995,1,56000.0,0,20,68.9,1.5
5,2016,10890,1,24954.0,4,145,47.9,1.6
6,2015,7120,1,56561.0,0,0,74.3,1.5
5,2014,6891,1,35009.0,4,30,54.3,1.2
5,2015,9200,2,34808.0,4,0,57.7,1.0
6,2016,11070,1,17975.0,0,0,74.3,1.5
5,2016,11057,1,14644.0,0,0,78.5,1.5
13,2017,12591,1,32590.0,0,30,64.2,1.5
5,2018,9491,1,16517.0,4,145,64.2,1.1
5,2018,9791,1,8600.0,4,145,64.2,1.1
5,2013,5625,1,34049.0,4,30,54.3,1.2
6,2017,12591,1,11627.0,4,145,60.1,1.0
5,2019,12610,1,13589.0,4,145,56.5,1.0
12,2019,10500,1,3081.0,4,145,47.9,1.2
6,2016,9691,1,17915.0,4,20,61.4,1.0
12,2018,8491,1,3482.0,4,145,57.7,1.2
6,2019,19990,0,5796.0,0,145,47.9,1.5
0,2016,6710,1,51016.0,4,145,47.1,1.4
13,2017,16230,1,15837.0,0,145,54.3,2.0
6,2019,17620,0,9014.0,4,145,51.4,1.0
5,2015,6475,1,42716.0,4,0,65.7,1.0
0,2018,10660,1,9065.0,4,145,55.4,1.0
6,2017,11991,1,23161.0,0,145,74.3,1.5
6,2014,6600,1,45623.0,4,30,56.5,1.0
13,2018,18498,1,8924.0,0,145,60.1,2.0
5,2015,6998,1,32775.0,4,125,54.3,1.2
5,2016,9498,1,10963.0,4,0,65.7,1.0
6,2015,9495,2,18683.0,4,160,44.8,1.6
11,2015,4745,1,17328.0,4,30,57.7,1.2
5,2016,6495,1,15083.0,4,30,54.3,1.2
5,2016,8298,1,19062.0,4,125,54.3,1.2
5,2016,8698,1,10697.0,4,0,65.7,1.0
12,2017,6450,1,40068.0,4,145,57.7,1.2
5,2013,5720,1,31998.0,4,30,54.3,1.2
6,2015,14740,1,31685.0,0,20,67.3,2.0
13,2016,12161,1,37099.0,0,125,60.1,2.0
6,2019,21350,0,2314.0,4,145,39.2,1.5
6,2016,12500,1,48876.0,0,20,67.3,2.0
5,2017,9300,1,29885.0,4,150,65.7,1.0
2,2018,15200,1,9892.0,4,145,51.4,1.0
2,2018,14500,1,17252.0,4,145,51.4,1.0
14,2015,12151,1,28039.0,0,30,62.8,2.0
13,2015,13351,1,25000.0,0,145,54.3,2.0
14,2016,11588,1,20709.0,0,0,78.5,1.5
6,2015,7960,1,20188.0,0,0,74.3,1.5
5,2013,5570,1,52290.0,0,0,76.4,1.5
6,2015,8763,1,47799.0,0,0,74.3,1.5
6,2019,19000,1,3756.0,4,145,60.1,1.0
6,2017,11700,1,18587.0,0,20,70.6,2.0
6,2017,9350,1,28880.0,4,20,60.1,1.0
12,2018,8521,1,5570.0,4,145,57.7,1.2
1,2014,6041,1,55152.0,0,30,61.4,1.6
6,2017,12430,1,35050.0,0,0,74.3,1.5
5,2018,10291,1,8324.0,4,145,64.2,1.1
5,2013,5820,1,46191.0,4,30,54.3,1.2
5,2017,9280,1,10599.0,4,145,64.2,1.1
5,2018,11750,1,13278.0,4,145,62.8,1.0
5,2014,6180,1,26105.0,4,30,54.3,1.2
5,2019,15500,1,5248.0,4,145,56.5,1.0
1,2016,7787,1,50656.0,4,160,44.1,1.6
13,2018,17998,1,15575.0,0,145,39.2,2.0
5,2013,6998,1,13603.0,4,30,54.3,1.2
13,2017,14698,0,24799.0,4,240,38.2,1.5
5,2015,6798,1,38271.0,4,125,54.3,1.2
13,2017,14698,0,25614.0,4,240,38.2,1.5
5,2017,8900,1,19937.0,4,145,64.2,1.1
5,2018,9200,1,21000.0,4,145,65.7,1.0
5,2018,11900,1,9080.0,4,145,62.8,1.0
5,2015,7750,1,24000.0,4,0,65.7,1.0
5,2018,13830,2,12963.0,4,150,54.3,1.0
13,2017,15400,1,14850.0,0,125,60.1,2.0
5,2018,10750,1,5723.0,4,145,65.7,1.0
2,2018,13750,1,12932.0,4,145,54.3,1.0
5,2017,9850,1,16600.0,4,145,64.2,1.1
16,2019,21700,1,127.0,4,145,50.4,1.0
5,2018,10700,1,3329.0,4,145,65.7,1.0
2,2019,16100,1,5673.0,4,145,52.3,1.0
5,2018,10200,1,12700.0,4,145,64.2,1.1
6,2019,15150,1,9567.0,4,145,58.9,1.0
5,2013,6000,1,34583.0,4,30,54.3,1.2
6,2015,8170,1,42293.0,0,0,74.3,1.5
13,2018,15991,1,13701.0,0,145,64.2,1.5
5,2018,8190,1,44653.0,4,145,64.2,1.1
6,2019,15300,1,12250.0,4,145,60.1,1.0
6,2019,15590,1,6.0,4,145,60.1,1.0
5,2016,8250,1,37000.0,0,0,78.5,1.5
6,2016,8600,1,42294.0,4,20,60.1,1.0
5,2017,11200,1,12380.0,4,145,65.7,1.0
5,2017,9200,1,17199.0,4,0,65.7,1.0
13,2017,15000,1,6591.0,0,30,64.2,1.5
9,2015,9975,1,30858.0,4,30,54.3,1.0
13,2018,15998,1,4015.0,4,145,45.6,1.5
9,2016,11998,1,34883.0,0,30,61.4,2.0
2,2019,16998,1,1091.0,4,145,51.4,1.0
1,2017,11498,1,21056.0,0,150,68.9,1.5
6,2015,8498,1,46668.0,0,0,74.3,1.5
6,2017,11298,1,29492.0,0,145,74.3,1.5
6,2018,17989,1,19653.0,4,145,41.5,2.0
5,2017,7495,1,18795.0,4,125,54.3,1.2
5,2017,9495,1,23364.0,4,0,65.7,1.0
1,2017,8690,1,31938.0,0,20,68.9,1.5
1,2014,7591,1,39549.0,0,30,61.4,1.6
6,2016,13490,1,35802.0,4,200,41.5,2.0
12,2018,8311,1,11128.0,4,145,57.7,1.2
6,2018,18760,1,12935.0,4,145,41.5,2.0
12,2018,7830,1,14782.0,4,145,57.7,1.2
5,2016,8071,1,13755.0,4,125,54.3,1.2
2,2017,9480,1,15258.0,0,30,64.2,1.5
5,2017,8090,1,13048.0,4,125,54.3,1.2
6,2019,17520,1,6852.0,4,145,60.1,1.0
5,2015,7450,1,16806.0,4,0,65.7,1.0
13,2017,12195,1,50600.0,0,125,60.1,2.0
1,2017,8295,1,62988.0,0,20,68.9,1.5
5,2016,8990,2,12600.0,4,145,47.9,1.6
5,2016,7495,1,40161.0,4,0,65.7,1.0
12,2017,7495,1,10016.0,4,145,57.7,1.2
6,2017,10298,1,20536.0,4,150,60.1,1.0
5,2019,19998,1,3361.0,4,145,40.3,1.5
5,2019,14998,1,4490.0,4,145,60.1,1.0
6,2017,18798,1,17691.0,4,145,41.5,2.0
5,2016,7298,1,36228.0,4,125,54.3,1.2
5,2017,8998,1,17164.0,4,0,65.7,1.0
5,2015,7698,1,24015.0,4,125,54.3,1.2
5,2013,5698,1,60351.0,4,30,54.3,1.2
13,2018,17998,1,4226.0,4,145,39.2,1.5
5,2018,9395,1,19000.0,4,150,64.2,1.1
5,2018,10695,1,8151.0,4,150,58.9,1.0
6,2019,16975,1,290.0,4,150,60.1,1.0
18,2019,24995,1,8524.0,0,150,54.3,2.0
5,2015,6895,1,51621.0,4,30,54.3,1.2
6,2015,8295,1,43636.0,0,0,74.3,1.5
5,2018,10490,1,25174.0,4,150,65.7,1.0
6,2017,9995,1,39414.0,0,150,74.3,1.5
13,2014,8940,1,65000.0,0,200,47.9,2.0
5,2013,6485,1,78000.0,0,0,76.4,1.5
5,2016,7698,1,23039.0,4,125,54.3,1.2
2,2017,10698,2,15033.0,4,160,44.8,1.5
5,2016,7995,1,26863.0,4,0,65.7,1.0
5,2019,14990,2,7350.0,4,145,48.7,1.0
6,2019,17691,1,11982.0,4,145,49.6,1.0
1,2017,10291,1,29000.0,0,20,68.9,1.5
2,2019,16630,1,3128.0,4,145,51.4,1.0
5,2017,8110,1,8801.0,4,145,54.3,1.2
5,2014,6600,1,42112.0,4,30,54.3,1.2
2,2015,7150,1,35901.0,4,160,44.8,1.5
6,2019,15440,1,5800.0,4,145,60.1,1.0
0,2017,8980,1,22522.0,0,0,74.3,1.5
2,2017,9991,1,19576.0,4,150,53.3,1.0
12,2017,7691,1,21512.0,4,150,57.7,1.2
12,2017,7491,1,7000.0,4,150,57.7,1.2
2,2017,8991,1,30267.0,4,150,44.8,1.5
12,2019,8491,1,17363.0,4,145,47.9,1.2
5,2017,9491,1,22571.0,4,0,65.7,1.0
2,2018,12570,1,24479.0,4,145,54.3,1.0
6,2018,10991,1,14000.0,4,145,60.1,1.0
12,2017,6800,1,29000.0,4,145,57.7,1.2
12,2017,7490,1,14000.0,4,145,57.7,1.2
12,2017,7990,1,11630.0,4,145,57.7,1.2
5,2013,6380,1,56725.0,4,0,65.7,1.0
6,2015,8150,1,44048.0,0,0,74.3,1.5
5,2016,7660,1,18839.0,4,125,54.3,1.2
6,2017,9067,1,31967.0,0,0,74.3,1.5
6,2018,10200,1,19450.0,4,145,60.1,1.0
5,2017,7991,1,25316.0,4,145,54.3,1.2
6,2017,10660,1,25453.0,4,20,61.4,1.0
5,2018,10991,1,24793.0,4,145,65.7,1.0
12,2017,7990,1,9330.0,4,145,57.7,1.2
6,2014,7160,1,40736.0,0,20,67.3,1.6
0,2013,5491,1,43036.0,4,30,55.4,1.0
6,2019,15400,1,5068.0,4,145,60.1,1.0
6,2015,7700,1,47192.0,0,20,67.3,1.6
13,2016,13991,1,38554.0,0,145,54.3,2.0
5,2018,10540,1,14435.0,4,145,65.7,1.0
5,2018,11245,1,25622.0,4,145,65.7,1.0
5,2018,10695,1,19428.0,4,145,65.7,1.0
3,2019,33500,2,10.0,0,145,37.2,2.0
6,2018,17995,1,5297.0,0,145,57.7,1.5
0,2017,8750,1,25786.0,0,0,74.3,1.5
5,2014,5350,1,60700.0,4,30,54.3,1.2
13,2017,14900,0,24653.0,4,235,38.2,1.5
5,2017,8995,1,29830.0,4,0,65.7,1.0
13,2017,15995,1,15658.0,4,160,45.6,1.5
6,2017,13295,1,60879.0,0,20,67.3,2.0
6,2015,7790,1,48503.0,0,20,67.3,1.6
5,2019,15030,1,401.0,4,145,58.9,1.0
5,2015,8080,1,25897.0,4,125,54.3,1.2
6,2017,15610,1,26499.0,0,20,67.3,2.0
6,2019,16420,0,10554.0,4,145,47.9,1.5
6,2019,18300,0,5800.0,4,145,47.9,1.5
1,2015,7840,1,50617.0,0,20,68.9,1.5
6,2019,19980,1,6966.0,4,145,51.4,1.5
5,2016,7991,1,28137.0,4,125,54.3,1.2
2,2016,7650,1,73744.0,0,30,64.2,1.5
6,2019,19117,0,2538.0,0,145,64.2,2.0
6,2019,20100,1,4062.0,0,145,70.6,2.0
13,2017,14480,1,29424.0,0,145,54.3,2.0
5,2017,7300,1,11498.0,4,125,54.3,1.2
5,2018,9290,1,26907.0,4,145,64.2,1.1
6,2018,13140,1,12583.0,0,145,74.3,1.5
5,2018,11240,1,15669.0,4,145,65.7,1.0
14,2015,9140,1,53702.0,0,0,78.5,1.6
5,2017,9750,1,16044.0,4,145,65.7,1.0
18,2019,20510,1,8184.0,0,145,56.5,2.0
12,2018,8280,1,5344.0,4,145,57.7,1.2
5,2014,5300,1,63337.0,4,30,54.3,1.2
2,2018,12910,1,14163.0,4,145,53.3,1.0
12,2017,7300,1,12605.0,4,145,57.7,1.2
6,2018,16991,1,7223.0,4,145,60.1,1.0
13,2013,10140,1,35074.0,0,200,47.9,2.0
6,2019,17991,1,4976.0,4,150,60.1,1.0
5,2018,8491,1,18000.0,4,150,64.2,1.1
2,2018,12710,1,9467.0,4,145,54.3,1.0
9,2016,9940,1,29592.0,0,30,64.2,1.5
9,2017,9990,1,30788.0,0,30,64.2,1.5
6,2019,14450,1,7952.0,4,145,58.9,1.0
5,2019,13190,1,8336.0,4,145,56.5,1.0
6,2019,14240,1,7429.0,4,145,60.1,1.0
6,2019,15580,1,16052.0,0,145,74.3,1.5
5,2019,13490,1,2230.0,4,145,58.9,1.0
5,2018,11991,1,25515.0,4,145,62.8,1.0
6,2017,11300,1,31118.0,0,0,74.3,1.5
5,2016,8600,1,28165.0,4,125,54.3,1.2
18,2015,12821,1,55271.0,0,125,56.5,2.0
3,2017,18134,1,28027.0,0,160,48.7,2.0
13,2015,9950,1,60106.0,0,125,60.1,2.0
1,2017,9295,1,32133.0,0,20,68.9,1.5
13,2015,12995,1,63000.0,0,145,54.3,2.0
6,2017,9795,1,19993.0,4,20,61.4,1.0
6,2018,10500,1,28879.0,4,145,60.1,1.0
2,2018,13470,1,22793.0,4,145,54.3,1.0
5,2017,7570,1,24315.0,4,125,54.3,1.2
13,2016,11557,1,15087.0,0,125,60.1,2.0
2,2018,13080,1,17946.0,4,145,54.3,1.0
5,2017,8491,1,23048.0,4,145,65.7,1.0
1,2017,9991,1,25878.0,4,160,44.1,1.6
5,2013,5570,1,48189.0,4,0,65.7,1.0
2,2017,10180,1,22996.0,4,125,52.3,1.0
2,2019,15500,1,1190.0,4,145,52.3,1.0
18,2016,13498,1,38995.0,0,125,56.5,2.0
5,2015,5298,1,66174.0,4,0,65.7,1.0
5,2018,8991,1,30500.0,0,145,88.3,1.5
5,2014,4991,1,31400.0,4,30,54.3,1.2
6,2018,11491,1,36461.0,0,145,74.3,1.5
2,2017,9300,1,27280.0,4,125,52.3,1.0
2,2018,12991,1,13125.0,0,150,68.9,1.5
0,2016,6681,2,54550.0,4,165,44.1,1.6
12,2018,7991,1,13000.0,4,150,57.7,1.2
5,2016,8491,1,19581.0,4,0,65.7,1.0
5,2016,7991,1,38367.0,4,0,65.7,1.0
6,2014,5991,1,57180.0,4,30,56.5,1.0
6,2015,6991,1,45123.0,4,20,60.1,1.0
6,2017,18716,1,11674.0,4,145,41.5,2.0
5,2017,9798,1,10187.0,0,0,78.5,1.5
13,2016,11998,1,12290.0,0,150,54.3,2.0
2,2014,7698,1,34597.0,4,160,44.8,1.5
6,2017,10498,2,26501.0,4,160,44.8,1.6
13,2017,14998,1,19168.0,0,145,54.3,2.0
3,2017,19998,1,26758.0,0,160,48.7,2.0
5,2017,7480,1,30600.0,4,0,65.7,1.0
5,2017,7714,1,24000.0,4,0,65.7,1.0
2,2018,15163,2,16320.0,4,145,48.7,1.0
5,2018,9129,1,14562.0,4,145,64.2,1.1
12,2018,7506,1,18000.0,4,145,57.7,1.2
5,2018,12500,1,13773.0,4,145,62.8,1.0
13,2017,16355,1,20400.0,0,145,60.1,2.0
2,2017,9815,1,20205.0,4,145,53.3,1.0
6,2018,11618,1,10000.0,4,145,61.4,1.0
5,2018,10656,1,6144.0,4,145,65.7,1.0
5,2017,7998,1,30000.0,4,150,64.2,1.1
13,2017,15998,2,46886.0,0,150,54.3,2.0
6,2015,7998,1,46155.0,0,20,67.3,1.6
6,2015,8998,1,37750.0,0,20,67.3,1.6
6,2015,8570,1,29850.0,4,20,60.1,1.0
5,2017,7540,1,22173.0,4,125,54.3,1.2
5,2015,6700,1,41406.0,4,125,54.3,1.2
5,2015,5991,1,61292.0,4,0,65.7,1.0
5,2014,6160,1,43323.0,4,30,54.3,1.2
6,2017,17000,1,26041.0,0,145,67.3,2.0
5,2018,12589,1,5418.0,4,145,58.9,1.0
6,2018,18838,1,13339.0,0,145,67.3,2.0
3,2016,21750,1,13778.0,0,200,47.9,2.0
21,2018,22995,1,20874.0,0,145,44.1,2.0
6,2017,17500,1,21752.0,4,145,41.5,2.0
9,2016,10857,1,8000.0,0,30,64.2,1.5
13,2019,18300,1,11963.0,0,145,54.3,1.5
9,2016,11736,1,33000.0,0,30,64.2,1.5
6,2017,10468,1,13076.0,4,145,60.1,1.0
5,2017,10260,1,12588.0,4,145,65.7,1.0
1,2019,13998,1,4087.0,4,145,50.4,1.0
5,2017,10498,1,14073.0,4,145,65.7,1.0
5,2019,13998,1,13702.0,4,145,58.9,1.0
5,2017,10998,1,29797.0,0,0,78.5,1.5
10,2019,17998,1,1144.0,0,145,61.4,1.5
5,2015,7498,1,28325.0,4,125,54.3,1.2
2,2015,7698,1,47330.0,0,30,61.4,1.5
6,2018,13498,1,15123.0,0,145,74.3,1.5
5,2019,11498,1,14604.0,4,145,58.9,1.0
6,2015,8498,1,22811.0,4,20,60.1,1.0
1,2016,10998,2,10434.0,0,20,64.2,1.5
5,2019,13998,1,16231.0,4,145,58.9,1.0
2,2017,9998,1,5829.0,4,125,52.3,1.0
6,2019,15298,0,13312.0,4,145,50.4,1.0
6,2019,17498,1,11453.0,4,150,48.7,1.0
6,2019,15298,0,13746.0,4,150,50.4,1.0
13,2017,13698,0,22669.0,4,235,38.2,1.5
5,2016,8498,1,7519.0,4,125,54.3,1.2
1,2017,11498,1,13351.0,0,20,68.9,1.5
13,2019,19498,1,5865.0,4,145,39.2,1.5
2,2019,16998,1,3378.0,4,145,51.4,1.0
6,2019,18998,0,8479.0,0,145,64.2,2.0
6,2019,18998,0,7766.0,0,145,64.2,2.0
5,2019,13998,1,10576.0,4,145,58.9,1.0
6,2019,16998,1,18274.0,4,145,60.1,1.0
13,2017,15998,1,33415.0,0,125,60.1,2.0
6,2016,10498,1,25458.0,0,0,74.3,1.5
2,2016,9998,1,32198.0,4,125,52.3,1.0
6,2017,13498,1,27491.0,4,150,56.5,1.0
12,2019,9498,1,7264.0,4,150,48.7,1.2
8,2017,17298,1,25870.0,0,125,56.5,2.0
13,2017,18598,1,25490.0,0,145,54.3,2.0
5,2017,10398,1,16914.0,4,0,65.7,1.0
13,2017,16798,1,16798.0,0,125,60.1,2.0
1,2017,11998,1,22023.0,4,150,55.4,1.0
8,2016,15750,1,22000.0,0,125,56.5,2.0
12,2018,8998,1,7719.0,4,150,47.9,1.2
5,2017,8698,1,33465.0,4,145,65.7,1.0
0,2013,6798,1,26259.0,0,20,70.6,1.6
13,2013,9498,1,49547.0,0,200,47.9,2.0
13,2019,18498,1,13501.0,0,150,54.3,1.5
6,2017,12998,1,7095.0,4,125,51.4,1.5
13,2019,19998,1,4234.0,4,150,39.2,1.5
9,2017,10998,1,31399.0,0,30,64.2,1.5
5,2019,13998,1,11351.0,4,145,58.9,1.0
5,2016,7998,1,30390.0,4,125,54.3,1.2
2,2015,8998,1,6546.0,4,125,53.3,1.0
6,2018,16998,1,31925.0,0,145,67.3,2.0
5,2013,4998,1,48489.0,4,0,65.7,1.0
5,2019,16498,1,3124.0,4,145,58.9,1.0
6,2017,17495,0,13682.0,0,145,61.4,2.0
5,2017,10250,1,20965.0,4,145,65.7,1.0
18,2017,16250,1,36500.0,0,125,56.5,2.0
6,2017,13850,1,40500.0,0,20,67.3,2.0
6,2018,19995,1,12195.0,4,145,41.5,2.0
3,2016,17500,1,28366.0,0,160,48.7,2.0
6,2018,15250,1,21500.0,0,145,74.3,1.5
5,2018,11750,1,6000.0,4,145,65.7,1.0
5,2014,8498,2,17030.0,4,150,47.9,1.6
6,2017,10998,1,28434.0,0,145,74.3,1.5
5,2016,7798,1,56459.0,4,0,65.7,1.0
13,2017,17500,0,12200.0,0,145,54.3,2.0
15,2018,29000,0,11475.0,4,145,28.8,2.3
6,2017,9998,1,27014.0,4,20,60.1,1.0
6,2017,12498,1,12705.0,4,20,60.1,1.0
6,2015,7498,1,54701.0,0,20,67.3,1.6
13,2017,13498,1,3150.0,4,150,45.6,1.5
5,2019,11998,1,2269.0,4,150,48.7,1.1
13,2018,17498,1,9668.0,0,150,64.2,1.5
21,2016,16998,1,25108.0,0,200,44.8,2.0
21,2016,17998,1,30010.0,0,235,44.1,2.0
5,2018,12995,1,11340.0,4,145,62.8,1.0
12,2018,7300,1,20245.0,4,145,57.7,1.2
6,2018,17250,1,24185.0,4,145,41.5,2.0
6,2019,18900,0,9022.0,4,145,50.4,1.0
0,2017,10250,1,17500.0,4,145,57.7,1.0
12,2017,7300,1,15901.0,4,145,57.7,1.2
6,2017,10250,1,18421.0,4,145,61.4,1.0
10,2019,18500,1,542.0,0,145,61.4,1.5
12,2019,10940,1,6.0,4,145,43.5,1.2
18,2018,21250,1,8662.0,0,145,56.5,2.0
13,2018,16695,1,21189.0,0,145,60.1,2.0
5,2018,8800,1,4065.0,4,145,64.2,1.1
6,2018,18500,1,12135.0,0,145,67.3,2.0
5,2018,10500,1,6636.0,4,145,65.7,1.0
6,2017,15750,1,34980.0,4,200,41.5,2.0
5,2017,11450,1,5551.0,4,20,62.8,1.0
5,2017,10400,1,17542.0,4,20,62.8,1.0
5,2017,8000,1,25219.0,4,145,54.3,1.2
5,2017,11300,1,13931.0,4,145,65.7,1.0
6,2018,11300,1,13673.0,4,145,61.4,1.0
13,2016,14500,1,22775.0,0,145,54.3,2.0
13,2019,17500,1,11902.0,4,145,34.4,1.5
13,2019,18750,1,10800.0,0,145,54.3,1.5
15,2018,28750,2,6234.0,4,145,28.8,2.3
6,2019,27995,1,7725.0,4,145,34.5,2.3
5,2016,7500,1,24987.0,4,125,54.3,1.2
2,2018,14000,1,16092.0,4,145,54.3,1.0
2,2018,15500,1,15541.0,4,145,54.3,1.0
6,2013,6800,1,20600.0,4,145,47.9,1.6
5,2019,13000,1,13246.0,4,145,58.9,1.0
5,2015,10500,1,4927.0,4,0,65.7,1.0
5,2017,10400,1,15517.0,4,145,65.7,1.0
13,2017,15450,1,12129.0,0,145,60.1,2.0
5,2018,11200,1,12882.0,4,145,65.7,1.0
13,2017,14250,1,19596.0,0,145,60.1,2.0
5,2017,10495,1,15206.0,4,145,65.7,1.0
13,2017,15500,1,12138.0,0,145,60.1,2.0
6,2018,13600,1,16960.0,4,145,57.7,1.0
6,2018,15000,1,16495.0,0,145,80.7,1.5
6,2019,16500,1,11958.0,0,145,80.7,1.5
13,2018,24250,0,14875.0,0,145,42.2,2.0
6,2018,17750,0,11321.0,0,145,67.3,1.5
6,2019,16000,1,3132.0,0,145,80.7,1.5
13,2019,19350,1,8114.0,0,145,36.7,2.0
18,2018,19750,1,19896.0,0,145,56.5,2.0
13,2019,17400,1,10631.0,4,145,34.4,1.5
6,2015,8500,1,39580.0,0,0,74.3,1.5
6,2015,8000,1,44429.0,0,0,74.3,1.5
6,2016,9698,1,28648.0,0,0,74.3,1.5
5,2015,7498,1,27758.0,4,125,54.3,1.2
6,2018,12998,1,18661.0,4,145,57.7,1.0
6,2018,13998,1,11287.0,4,145,57.7,1.0
18,2016,15298,1,40106.0,0,125,56.5,2.0
6,2016,16498,1,23599.0,4,200,41.5,2.0
5,2017,9998,1,17227.0,4,145,65.7,1.0
6,2015,8998,1,49105.0,0,0,74.3,1.5
9,2013,7698,1,36101.0,0,125,60.1,1.6
13,2016,13295,1,22441.0,0,125,60.1,2.0
2,2015,8298,1,32020.0,4,125,53.3,1.0
5,2016,9798,1,24631.0,4,0,65.7,1.0
5,2016,8298,1,26039.0,4,0,65.7,1.0
5,2016,8698,1,28333.0,4,0,65.7,1.0
6,2018,19998,1,12234.0,4,145,41.5,2.0
6,2018,12898,1,22015.0,4,145,57.7,1.0
3,2016,17800,1,29808.0,0,160,48.7,2.0
13,2019,17150,1,16120.0,0,145,38.2,2.0
5,2018,11200,2,27301.0,4,145,54.3,1.0
6,2016,8000,1,58774.0,0,0,74.3,1.5
5,2019,11798,1,4220.0,4,150,48.7,1.1
6,2017,12798,1,18632.0,0,145,74.3,1.5
5,2019,11998,1,18659.0,4,145,56.5,1.0
13,2016,15998,1,20334.0,0,145,54.3,2.0
2,2019,15498,1,2594.0,4,145,53.3,1.0
6,2017,10698,1,32701.0,0,145,74.3,1.5
13,2017,12998,1,40758.0,0,125,60.1,2.0
5,2013,5998,1,33614.0,0,0,76.4,1.5
5,2017,7298,1,22444.0,4,145,54.3,1.2
13,2017,16798,1,38022.0,0,145,54.3,2.0
5,2019,13998,1,10616.0,4,145,58.9,1.0
6,2019,14498,1,13235.0,4,145,58.9,1.0
6,2019,16598,0,12560.0,4,145,41.5,1.0
5,2017,7820,1,16782.0,4,125,54.3,1.2
6,2017,16730,1,16447.0,0,145,67.3,2.0
5,2013,7830,2,26964.0,4,145,47.9,1.6
21,2018,19776,1,36199.0,0,145,44.8,2.0
13,2016,13480,2,33400.0,0,145,52.3,2.0
5,2016,8600,1,18316.0,4,125,54.3,1.2
5,2016,9700,1,8854.0,4,125,54.3,1.2
5,2016,8691,1,37942.0,0,0,78.5,1.5
6,2019,19298,0,2997.0,0,145,64.2,2.0
6,2019,16998,1,18875.0,4,145,60.1,1.0
6,2018,19500,1,9758.0,4,145,41.5,2.0
5,2017,9300,1,14350.0,4,145,64.2,1.1
6,2017,18750,1,10080.0,4,145,41.5,2.0
5,2017,9600,1,12946.0,4,145,64.2,1.1
5,2017,7800,1,15800.0,4,145,54.3,1.2
5,2017,7750,1,32344.0,4,125,54.3,1.2
13,2017,16750,2,20878.0,0,145,54.3,2.0
6,2018,12000,1,12547.0,4,145,61.4,1.0
6,2017,11500,1,22241.0,4,145,60.1,1.0
5,2016,10498,1,15728.0,4,0,65.7,1.0
6,2019,16998,1,12526.0,4,145,60.1,1.0
6,2017,10498,1,30589.0,0,145,74.3,1.5
20,2017,12998,1,5094.0,0,145,64.2,1.5
2,2016,8798,1,25232.0,0,30,64.2,1.5
2,2016,10998,2,11321.0,4,160,44.8,1.5
0,2013,5298,1,50919.0,4,145,47.1,1.4
3,2016,18995,2,15727.0,0,160,48.7,2.0
6,2015,9495,1,23583.0,4,20,60.1,1.0
13,2015,9895,1,49449.0,0,125,60.1,2.0
3,2018,20795,2,26602.0,0,145,48.7,2.0
13,2014,8795,1,56989.0,0,145,53.3,2.0
6,2017,12495,2,22354.0,0,30,64.2,2.0
18,2016,14995,1,32223.0,0,125,56.5,2.0
5,2016,8998,1,6146.0,4,125,54.3,1.2
14,2015,8600,1,50758.0,0,30,64.2,2.0
5,2018,9780,1,8829.0,4,145,55.4,1.1
2,2017,8995,1,25152.0,4,150,52.3,1.0
5,2019,12995,1,12420.0,4,150,65.7,1.0
5,2019,12995,1,12239.0,4,150,65.7,1.0
5,2019,12995,1,11808.0,4,150,60.1,1.0
12,2018,7995,1,14459.0,4,150,47.9,1.2
13,2017,16698,1,16500.0,0,145,64.2,1.5
5,2014,6498,1,32303.0,4,30,54.3,1.2
12,2017,7298,1,17517.0,4,145,57.7,1.2
5,2016,10498,1,16389.0,4,0,65.7,1.0
6,2015,8395,1,58500.0,0,0,74.3,1.5
5,2017,10000,1,25243.0,4,145,65.7,1.0
12,2017,7311,1,9778.0,4,145,57.7,1.2
2,2018,12000,1,13955.0,4,145,53.3,1.0
6,2018,15395,1,9129.0,4,145,60.1,1.0
6,2016,25000,1,10008.0,4,235,36.7,2.3
6,2016,13000,1,37605.0,0,20,67.3,2.0
10,2016,13000,0,29000.0,0,125,56.6,1.5
6,2019,16998,1,23178.0,4,145,60.1,1.0
5,2014,7298,1,30773.0,4,30,54.3,1.2
6,2017,10998,1,18291.0,0,0,74.3,1.5
5,2017,7998,1,42044.0,4,145,64.2,1.1
5,2019,12498,1,15997.0,4,145,58.9,1.0
5,2013,5198,1,37868.0,4,30,54.3,1.2
6,2019,16998,1,14907.0,4,145,60.1,1.0
5,2018,10888,1,2280.0,4,145,58.9,1.0
5,2014,6990,1,29101.0,4,0,65.7,1.0
6,2016,9690,1,27708.0,4,20,60.1,1.0
6,2019,15495,1,17325.0,4,150,60.1,1.0
8,2017,19995,1,20488.0,0,125,56.5,2.0
6,2016,11999,1,15002.0,4,125,51.4,1.5
13,2017,14000,1,27711.0,0,145,64.2,1.5
13,2017,12398,1,20800.0,0,145,64.2,1.5
12,2019,10950,1,6.0,4,145,43.5,1.2
5,2017,7365,1,26858.0,4,145,54.3,1.2
5,2017,8374,1,17226.0,4,145,54.3,1.2
2,2017,9815,1,20000.0,4,145,52.3,1.0
5,2015,7678,1,16023.0,4,125,54.3,1.2
5,2018,9090,1,17200.0,4,145,64.2,1.1
6,2017,9498,1,50875.0,0,0,74.3,1.5
6,2013,5390,1,60326.0,0,20,67.3,1.6
5,2017,10870,1,22648.0,0,0,78.5,1.5
13,2017,19990,0,13128.0,0,145,54.3,2.0
6,2015,8160,1,63117.0,0,0,74.3,1.5
10,2019,14998,1,11500.0,0,150,46.3,1.5
13,2019,14995,1,20605.0,0,145,54.3,1.5
13,2016,12750,1,29963.0,0,145,54.3,2.0
13,2019,17995,1,10491.0,0,145,38.2,2.0
5,2018,7999,1,30800.0,4,145,64.2,1.1
5,2014,5622,1,54770.0,4,30,54.3,1.2
18,2019,21673,1,13490.0,0,145,56.5,2.0
13,2019,17800,1,16691.0,4,145,35.3,1.5
13,2019,17865,1,10768.0,0,145,38.2,2.0
5,2019,12900,1,12128.0,4,145,58.9,1.0
6,2017,10882,1,12094.0,4,145,61.4,1.0
6,2018,13000,1,15462.0,4,145,57.7,1.0
13,2017,12500,1,8816.0,0,145,64.2,1.5
5,2016,10175,1,7917.0,4,0,65.7,1.0
13,2017,14687,1,16551.0,0,145,64.2,1.5
5,2017,8400,1,14448.0,4,145,54.3,1.2
0,2014,6940,1,41628.0,4,30,57.7,1.0
11,2015,4810,1,15155.0,4,30,57.7,1.2
5,2016,7580,1,33056.0,4,125,54.3,1.2
6,2016,9157,1,9971.0,4,20,61.4,1.0
5,2019,10995,1,6928.0,4,145,55.4,1.1
5,2019,12995,1,8.0,4,145,55.4,1.1
5,2019,12995,1,7.0,4,145,55.4,1.1
6,2019,29495,1,4430.0,4,145,34.5,2.3
13,2016,12495,2,37877.0,0,145,52.3,2.0
5,2018,8975,1,20884.0,4,145,65.7,1.0
13,2018,16495,2,6988.0,0,145,58.9,1.5
5,2019,11298,1,13733.0,4,145,58.9,1.0
5,2019,10398,1,16114.0,4,145,55.4,1.1
5,2019,11298,1,13546.0,4,145,58.9,1.0
5,2015,6998,1,45112.0,0,0,88.3,1.5
6,2017,11498,2,23361.0,4,145,51.4,1.0
13,2014,10698,0,57797.0,4,260,36.7,1.6
6,2017,11498,1,27307.0,4,20,60.1,1.0
10,2018,12298,1,25546.0,0,145,61.4,1.5
6,2017,16698,1,27542.0,0,145,67.3,2.0
13,2017,16698,1,14122.0,0,125,60.1,2.0
6,2019,18998,1,2494.0,4,145,49.6,1.5
5,2019,13598,1,10348.0,4,145,58.9,1.0
6,2019,22498,1,9.0,0,145,74.3,1.5
13,2019,14995,1,18406.0,0,145,64.2,1.5
18,2015,13995,1,49531.0,0,145,49.6,2.0
5,2018,9750,1,24788.0,4,145,65.7,1.0
2,2018,13750,1,5338.0,4,145,54.3,1.0
13,2019,18495,1,9902.0,0,145,47.9,2.0
2,2019,14995,1,15341.0,0,145,68.9,1.5
5,2019,13498,1,13723.0,4,145,58.9,1.0
6,2017,9698,1,23764.0,4,145,61.4,1.0
5,2019,19698,1,5234.0,4,145,40.3,1.5
6,2018,25998,1,13847.0,4,145,58.9,1.0
5,2017,7995,1,58535.0,0,0,78.5,1.5
6,2014,5998,1,61889.0,4,20,60.1,1.0
6,2017,18498,1,12096.0,4,145,41.5,2.0
6,2016,15698,1,42060.0,4,200,41.5,2.0
6,2019,15990,1,8276.0,4,150,60.1,1.0
8,2017,17495,1,25745.0,0,125,56.5,2.0
6,2017,10250,1,53457.0,0,150,74.3,1.5
13,2018,14495,1,37127.0,0,145,64.2,1.5
5,2017,9295,1,22619.0,4,145,65.7,1.0
13,2015,11495,1,29200.0,0,145,54.3,2.0
11,2014,3495,1,50452.0,4,30,57.7,1.2
1,2017,9295,1,52138.0,0,150,68.9,1.5
2,2019,13995,1,11468.0,4,150,53.3,1.0
5,2015,5995,1,63305.0,4,125,54.3,1.2
6,2017,16998,1,19097.0,0,20,67.3,2.0
13,2017,12498,1,37889.0,0,30,64.2,1.5
1,2016,11698,1,13800.0,4,30,55.4,1.0
13,2018,16998,1,11385.0,0,145,64.2,1.5
2,2018,11298,1,10421.0,4,150,52.3,1.0
6,2017,11798,1,14772.0,0,150,74.3,1.5
2,2017,10298,1,17331.0,4,150,53.3,1.0
13,2017,14998,0,6829.0,4,150,38.2,1.5
5,2019,11498,1,5262.0,4,150,48.7,1.1
6,2019,16998,0,6521.0,4,150,50.4,1.0
6,2019,15995,1,12563.0,4,145,58.9,1.0
5,2020,14995,1,1798.0,4,145,56.5,1.0
18,2019,25995,1,12369.0,0,145,54.3,2.0
5,2018,11698,1,5620.0,4,145,65.7,1.0
5,2018,10498,1,10356.0,4,145,65.7,1.0
13,2015,9498,1,32884.0,0,125,60.1,2.0
6,2018,18498,1,26904.0,0,145,67.3,2.0
6,2019,16498,1,9970.0,0,145,62.8,2.0
6,2019,18998,1,36.0,4,150,60.1,1.0
5,2013,4698,1,69315.0,4,30,54.3,1.2
6,2015,7998,1,61904.0,0,0,74.3,1.5
5,2015,6698,1,36895.0,0,0,76.4,1.5
5,2016,7698,1,33286.0,4,125,54.3,1.2
20,2016,13990,1,16740.0,0,30,64.2,1.5
5,2017,9298,1,24252.0,4,0,65.7,1.0
1,2016,9498,1,17231.0,0,20,68.9,1.5
6,2016,9498,1,34913.0,0,0,74.3,1.5
5,2013,5498,1,69990.0,4,30,54.3,1.2
2,2016,9298,1,33540.0,4,125,53.3,1.0
13,2019,18795,1,7452.0,0,145,38.2,2.0
2,2019,15495,1,8963.0,0,145,67.3,1.5
14,2019,14995,2,21156.0,0,150,45.6,2.0
14,2019,14995,2,23954.0,0,150,45.6,2.0
14,2019,14795,2,33542.0,0,150,45.6,2.0
5,2019,12595,1,11086.0,0,150,55.4,1.5
12,2016,7195,1,6777.0,4,30,57.7,1.2
13,2018,17295,2,20308.0,0,145,58.9,1.5
13,2015,11295,2,43211.0,0,145,52.3,2.0
5,2018,14995,1,16504.0,4,145,40.3,1.5
6,2017,15995,1,26929.0,0,20,67.3,2.0
13,2014,9498,0,51007.0,4,260,36.7,1.6
2,2015,7498,1,40975.0,0,30,61.4,1.5
6,2019,14698,1,10812.0,0,150,80.7,1.5
6,2019,16998,0,16919.0,4,150,51.4,1.0
13,2019,19498,1,7184.0,0,150,45.6,1.5
6,2015,8998,1,10172.0,4,20,60.1,1.0
5,2014,5495,1,55259.0,4,30,54.3,1.2
6,2015,7795,2,30000.0,4,165,44.8,1.6
5,2018,9995,1,14368.0,4,145,64.2,1.1
2,2017,7500,1,44430.0,4,160,44.8,1.5
13,2019,17990,1,100.0,0,145,38.2,2.0
1,2018,11000,1,15803.0,0,145,68.9,1.5
2,2019,15000,1,5901.0,4,145,53.3,1.0
2,2020,16795,1,384.0,4,145,53.3,1.0
5,2019,10995,1,28798.0,4,145,56.5,1.0
3,2017,19995,2,23620.0,0,160,48.7,2.0
5,2017,7295,1,15649.0,4,125,54.3,1.2
9,2015,10495,2,31221.0,0,165,48.7,2.0
5,2014,4295,1,72121.0,4,30,54.3,1.2
5,2018,11350,1,20824.0,4,150,65.7,1.0
13,2019,18300,1,9033.0,0,150,54.3,1.5
6,2019,15500,1,3380.0,4,150,58.9,1.0
5,2013,6500,1,25600.0,4,30,54.3,1.2
2,2019,14000,1,11334.0,4,145,53.3,1.0
13,2019,17990,1,1050.0,0,145,38.2,2.0
13,2014,8500,1,72000.0,0,145,53.3,2.0
18,2019,21000,1,16461.0,0,145,56.5,2.0
5,2018,10700,1,17247.0,4,145,65.7,1.0
9,2018,13000,1,13202.0,4,145,47.1,1.0
5,2013,6490,1,30155.0,4,30,54.3,1.2
18,2014,12000,1,63694.0,0,145,54.3,1.6
12,2018,7800,1,7741.0,4,145,57.7,1.2
3,2019,33500,0,10.0,0,145,37.2,2.0
6,2018,18500,1,5297.0,0,145,57.7,1.5
12,2017,7450,1,8621.0,4,145,57.7,1.2
5,2017,10800,1,17594.0,4,145,65.7,1.0
12,2018,7550,1,12010.0,4,145,57.7,1.2
6,2019,15995,1,8496.0,4,150,60.1,1.0
13,2018,13995,1,11643.0,0,150,54.3,1.5
1,2016,9990,1,21986.0,4,30,55.4,1.0
5,2016,7995,1,28694.0,4,125,54.3,1.2
2,2019,15750,1,9969.0,4,150,51.4,1.0
6,2017,6995,2,87659.0,0,150,67.3,1.5
12,2018,7300,1,21662.0,4,145,57.7,1.2
9,2017,10500,1,28958.0,0,30,64.2,1.5
20,2016,9000,1,72777.0,0,30,64.2,1.5
9,2016,9500,2,52126.0,0,30,58.9,1.5
13,2017,12000,1,30088.0,0,145,64.2,1.5
1,2017,9000,1,33584.0,0,20,68.9,1.5
2,2016,9290,1,14004.0,4,125,53.3,1.0
9,2017,9995,1,46391.0,4,30,54.3,1.0
13,2019,16950,1,11449.0,0,150,45.6,1.5
6,2018,12995,1,10727.0,4,150,57.7,1.0
1,2017,9500,1,12408.0,0,20,68.9,1.5
13,2017,11250,1,22989.0,0,30,64.2,1.5
2,2019,14200,1,11065.0,0,145,67.3,1.5
5,2018,11500,1,13199.0,4,145,56.5,1.0
5,2019,11400,1,3874.0,4,145,58.9,1.0
12,2017,6799,1,7176.0,4,145,57.7,1.2
5,2016,8990,1,46000.0,4,0,65.7,1.0
13,2014,9495,1,66500.0,0,200,47.9,2.0
5,2015,6750,1,42819.0,4,0,65.7,1.0
13,2019,16995,1,13255.0,0,145,47.9,2.0
13,2019,16495,0,13463.0,4,145,31.0,1.5
13,2017,14985,0,17731.0,0,145,54.3,2.0
13,2019,21845,0,6322.0,4,145,29.1,1.5
13,2017,15000,1,24101.0,0,125,60.1,2.0
6,2019,16000,1,5000.0,4,150,58.9,1.0
13,2019,20000,1,4051.0,0,150,47.9,2.0
6,2015,8000,1,49327.0,4,20,60.1,1.0
12,2018,8500,1,6043.0,4,150,48.7,1.2
5,2018,12000,1,8538.0,4,150,56.5,1.0
5,2019,12990,1,4675.0,4,150,56.5,1.0
13,2017,13650,1,38969.0,0,125,60.1,2.0
13,2014,10000,1,52634.0,0,150,53.3,2.0
18,2016,19544,0,18920.0,4,260,35.8,2.0
2,2015,8200,1,23420.0,4,125,53.3,1.0
6,2018,11300,1,28271.0,4,145,57.7,1.0
5,2018,14200,1,9947.0,4,145,55.4,1.0
13,2016,12500,1,34868.0,0,125,60.1,2.0
13,2017,13900,1,33059.0,0,125,60.1,2.0
9,2017,11500,1,5859.0,4,30,54.3,1.0
5,2017,10250,1,17549.0,4,145,65.7,1.0
6,2018,19500,1,6112.0,4,145,41.5,2.0
6,2018,17400,2,21900.0,0,145,61.4,2.0
5,2017,10000,1,25233.0,4,20,62.8,1.0
6,2019,16500,1,5910.0,4,150,46.3,1.5
6,2019,14490,1,8274.0,4,150,58.9,1.0
5,2018,10000,1,6797.0,4,150,65.7,1.0
5,2016,8500,1,42000.0,4,20,62.8,1.0
5,2018,9790,1,5879.0,4,150,64.2,1.1
6,2014,5490,2,71445.0,4,165,44.1,1.6
18,2017,18990,2,28911.0,0,125,51.4,2.0
5,2017,10490,1,16087.0,4,0,65.7,1.0
12,2017,6495,1,30092.0,4,30,57.7,1.2
11,2014,4499,1,21303.0,4,30,57.7,1.2
2,2015,7995,1,22500.0,4,125,52.3,1.0
5,2017,9995,1,27755.0,4,20,62.8,1.0
5,2018,10995,1,17316.0,4,145,65.7,1.0
5,2016,7495,1,39012.0,4,0,65.7,1.0
13,2017,15450,0,26854.0,4,235,38.2,1.5
18,2018,20359,2,7222.0,0,145,52.3,2.0
18,2019,24990,1,7725.0,0,150,54.3,2.0
14,2015,8795,1,62248.0,0,20,68.9,2.0
8,2017,16995,1,48533.0,0,125,56.5,2.0
13,2019,18395,1,10568.0,0,145,54.3,1.5
3,2017,18490,2,36000.0,0,160,48.7,2.0
9,2017,9690,1,40911.0,0,150,64.2,1.5
5,2018,12995,1,8578.0,4,145,58.9,1.0
8,2018,17995,2,34880.0,0,145,52.3,2.0
0,2014,6495,1,52851.0,0,20,70.6,1.6
1,2017,9695,1,32793.0,0,20,68.9,1.5
5,2018,14500,1,4906.0,4,150,49.6,1.0
5,2018,10490,1,8864.0,4,150,64.2,1.1
5,2015,8250,1,26937.0,4,0,65.7,1.0
13,2017,12200,1,48744.0,0,125,60.1,2.0
6,2017,12390,2,26482.0,0,150,74.3,1.5
13,2017,14990,2,13562.0,0,145,58.9,1.5
10,2016,11790,1,29416.0,0,30,64.2,1.5
5,2016,7995,1,46702.0,0,0,78.5,1.5
2,2016,7890,1,30035.0,0,30,64.2,1.5
5,2016,7290,1,54184.0,0,0,88.3,1.5
13,2017,16490,2,15121.0,0,150,58.9,1.5
13,2015,9490,1,32803.0,0,125,60.1,2.0
0,2016,7995,0,25109.0,4,160,44.1,1.6
9,2016,9795,1,48154.0,0,30,64.2,1.5
9,2016,9995,2,22885.0,0,30,58.9,1.5
21,2017,19194,1,64432.0,0,145,44.8,2.0
13,2019,14995,1,7641.0,4,150,40.4,1.5
9,2017,11695,2,15866.0,0,30,58.9,1.5
18,2015,9995,1,50178.0,0,145,54.3,1.6
3,2016,20645,0,23743.0,0,200,47.9,2.0
13,2017,17345,2,29084.0,0,145,54.3,2.0
5,2013,5790,1,40000.0,4,30,54.3,1.2
13,2019,17990,1,880.0,0,150,38.2,2.0
15,2020,36500,2,672.0,4,145,30.7,2.3
5,2018,12490,1,16975.0,0,145,88.3,1.5
5,2019,13690,1,4401.0,4,145,48.7,1.1
5,2017,7390,1,40782.0,4,125,54.3,1.2
3,2017,18490,1,19775.0,0,165,48.7,2.0
5,2018,9990,1,12639.0,4,150,65.7,1.0
5,2018,10490,1,11785.0,4,150,65.7,1.0
6,2018,13290,1,9459.0,4,150,60.1,1.0
6,2016,7490,1,62398.0,0,0,74.3,1.5
9,2016,10490,1,26985.0,4,30,54.3,1.0
5,2018,9990,1,5029.0,4,145,65.7,1.0
6,2013,6490,1,30869.0,0,20,67.3,1.6
5,2018,9590,1,9864.0,4,145,65.7,1.0
6,2019,24990,1,4380.0,4,145,34.5,2.3
8,2013,8790,1,45987.0,0,145,52.3,1.6
5,2018,15990,1,15292.0,4,150,40.3,1.5
5,2018,12495,1,11042.0,0,150,88.3,1.5
6,2019,15790,1,8422.0,4,150,60.1,1.0
5,2018,9495,1,10126.0,4,150,65.7,1.0
2,2019,15590,1,7513.0,4,150,51.4,1.0
6,2018,13250,1,13090.0,4,150,57.7,1.0
6,2019,17990,1,4967.0,4,150,48.7,1.0
9,2017,10990,1,22888.0,4,30,54.3,1.0
13,2018,15790,1,7721.0,0,150,54.3,1.5
13,2017,16990,1,7271.0,4,165,45.6,1.5
5,2019,14190,1,3816.0,4,150,58.9,1.0
5,2017,9750,1,25500.0,4,145,65.7,1.0
16,2020,20775,1,270.0,4,145,50.4,1.0
6,2020,21490,1,295.0,4,145,60.1,1.0
5,2014,6995,1,32500.0,4,0,65.7,1.0
6,2019,19990,1,2280.0,0,145,57.7,1.5
2,2018,14950,1,8480.0,4,145,53.3,1.0
13,2017,15495,1,20530.0,0,145,54.3,2.0
5,2013,6595,1,33842.0,4,30,54.3,1.2
0,2016,7995,1,21299.0,0,20,70.6,1.6
5,2017,9990,1,19263.0,4,0,65.7,1.0
11,2015,4950,1,12864.0,4,30,57.7,1.2
6,2016,8450,1,45444.0,0,0,74.3,1.5
6,2016,15450,1,27000.0,4,200,41.5,2.0
6,2017,11950,2,12739.0,4,125,51.4,1.0
2,2019,15795,1,5152.0,4,145,51.4,1.0
5,2018,12495,1,12810.0,4,145,56.5,1.0
3,2017,19995,1,22930.0,0,160,48.7,2.0
5,2019,13395,1,12043.0,4,145,65.7,1.0
6,2018,14495,1,9700.0,4,145,57.7,1.0
2,2018,14995,2,9990.0,4,150,48.7,1.0
6,2016,7995,1,36500.0,4,20,60.1,1.0
13,2017,15250,1,46800.0,0,150,54.3,2.0
2,2017,8650,1,36700.0,4,145,52.3,1.0
5,2019,14995,1,200.0,4,145,58.9,1.0
6,2017,10950,1,31079.0,0,0,74.3,1.5
6,2019,15888,1,2445.0,4,150,58.9,1.0
1,2015,8950,1,21182.0,0,20,68.9,1.5
6,2019,16495,1,7137.0,4,150,60.1,1.0
9,2017,12950,1,14369.0,0,150,64.2,1.5
6,2018,13950,1,22188.0,4,150,57.7,1.0
5,2016,8990,1,21871.0,4,0,65.7,1.0
13,2017,14950,1,13411.0,0,125,60.1,2.0
6,2015,11995,1,43393.0,0,20,67.3,2.0
15,2020,39990,2,691.0,4,145,22.1,5.0
1,2017,9450,1,28463.0,0,20,68.9,1.5
5,2018,9200,1,13751.0,4,145,64.2,1.1
9,2017,10200,1,32058.0,0,30,64.2,1.5
5,2018,10250,1,26457.0,4,150,65.7,1.0
5,2017,7250,1,32880.0,4,145,64.2,1.1
3,2016,17750,1,24984.0,0,160,48.7,2.0
6,2019,17698,1,6543.0,4,145,60.1,1.0
11,2014,4698,1,22455.0,4,30,57.7,1.2
5,2015,5498,1,57311.0,4,30,54.3,1.2
5,2013,6298,1,33627.0,4,30,54.3,1.2
5,2015,6298,1,30797.0,4,125,54.3,1.2
13,2017,14998,1,33184.0,0,125,60.1,2.0
2,2016,8998,1,22773.0,4,125,53.3,1.0
0,2013,6598,1,18143.0,4,145,47.1,1.4
6,2015,11998,1,46780.0,0,20,67.3,2.0
13,2017,13495,1,37000.0,4,160,45.6,1.5
13,2018,15450,1,15574.0,0,145,64.2,1.5
12,2017,6950,1,28215.0,4,145,57.7,1.2
12,2018,9995,1,5143.0,4,145,43.5,1.2
13,2016,14998,1,36023.0,0,145,54.3,2.0
6,2015,8495,2,36000.0,4,165,44.8,1.6
10,2019,16500,1,6069.0,0,145,61.4,1.5
5,2018,14250,1,4706.0,4,145,65.7,1.0
5,2018,9490,1,15196.0,4,145,64.2,1.1
5,2019,13250,1,7896.0,4,145,58.9,1.0
5,2017,9400,1,36239.0,4,0,65.7,1.0
12,2018,7950,1,5023.0,4,145,57.7,1.2
18,2018,21390,1,15800.0,0,145,56.5,2.0
13,2017,13390,1,32123.0,0,30,64.2,1.5
13,2015,9690,1,65000.0,0,125,60.1,2.0
13,2016,9790,1,50192.0,0,125,60.1,2.0
13,2014,11990,2,37800.0,0,200,45.6,2.0
6,2013,9990,1,51097.0,4,240,39.2,2.0
14,2018,13790,1,26984.0,0,145,47.1,2.0
6,2016,8990,1,39000.0,0,0,74.3,1.5
5,2015,5490,1,58000.0,4,0,65.7,1.0
0,2013,4990,2,48232.0,4,165,44.1,1.6
12,2017,6699,1,33315.0,4,30,57.7,1.2
2,2018,12799,1,12949.0,0,145,68.9,1.5
13,2014,10699,1,45497.0,0,200,47.9,2.0
12,2018,7699,1,16241.0,4,145,57.7,1.2
5,2017,10300,1,23296.0,4,0,65.7,1.0
13,2018,16300,1,17287.0,0,145,60.1,2.0
5,2018,12500,1,10349.0,4,150,65.7,1.0
12,2018,8300,1,23043.0,4,150,57.7,1.2
5,2018,10350,1,10573.0,4,150,65.7,1.0
0,2015,7250,2,47360.0,4,165,44.1,1.6
5,2014,7250,1,45000.0,4,0,65.7,1.0
13,2016,16500,1,31100.0,0,150,54.3,2.0
13,2019,20500,1,10465.0,0,145,37.7,2.0
6,2015,12695,1,32659.0,0,20,67.3,2.0
5,2016,7495,1,28290.0,4,125,54.3,1.2
5,2016,8995,1,20741.0,4,0,65.7,1.0
6,2019,17495,1,6800.0,4,145,60.1,1.0
5,2015,7695,1,13000.0,4,125,54.3,1.2
6,2014,6495,1,43000.0,4,20,58.9,1.0
6,2019,26698,1,3498.0,0,145,50.4,2.0
2,2017,10298,1,13095.0,4,125,53.3,1.0
1,2016,9798,1,23858.0,4,30,55.4,1.0
6,2016,14998,1,23589.0,0,20,67.3,2.0
5,2014,6998,1,33353.0,4,0,65.7,1.0
6,2019,18498,1,2369.0,4,150,49.6,1.0
5,2014,7498,1,29951.0,4,0,65.7,1.0
13,2017,15998,1,24024.0,4,150,45.6,1.5
6,2017,9995,1,20102.0,4,20,60.1,1.0
6,2018,14998,1,9712.0,4,145,58.9,1.0
5,2019,13798,1,11680.0,4,145,58.9,1.0
0,2015,7498,1,17151.0,4,145,47.1,1.4
2,2018,14500,1,15644.0,4,145,54.3,1.0
2,2018,15300,1,4311.0,4,145,54.3,1.0
6,2017,12400,1,26719.0,0,145,74.3,1.5
5,2018,12377,1,30335.0,4,145,65.7,1.0
5,2016,9500,1,15636.0,4,125,54.3,1.2
5,2015,7400,1,31563.0,4,125,54.3,1.2
5,2016,9300,1,4520.0,4,125,54.3,1.2
12,2017,7950,1,6073.0,4,145,57.7,1.2
5,2019,15950,1,6768.0,4,145,58.9,1.0
6,2019,25250,1,7416.0,4,145,34.5,2.3
5,2017,7990,1,33699.0,4,150,64.2,1.1
5,2015,7495,1,4627.0,4,125,54.3,1.2
5,2018,9599,1,28240.0,4,150,65.7,1.0
5,2019,12995,1,9597.0,4,150,58.9,1.0
13,2019,17690,1,7404.0,0,150,45.6,1.5
12,2019,10250,1,6613.0,4,150,47.9,1.2
5,2017,9800,1,14522.0,4,145,64.2,1.1
12,2017,8100,1,10468.0,4,145,57.7,1.2
5,2018,11300,1,13802.0,4,145,58.9,1.0
13,2018,19000,1,16316.0,0,145,54.3,2.0
13,2017,13998,1,35448.0,0,150,60.1,2.0
5,2017,11998,1,7721.0,4,0,65.7,1.0
2,2015,7998,1,33515.0,0,30,61.4,1.5
6,2017,11998,1,20758.0,0,0,74.3,1.5
2,2018,13700,1,9889.0,4,145,54.3,1.0
13,2019,16450,1,10265.0,0,145,54.3,1.5
5,2015,7995,1,14631.0,4,30,54.3,1.2
1,2017,11450,2,13056.0,0,125,58.9,2.0
5,2017,11450,1,25133.0,4,145,47.9,1.6
6,2018,16950,1,2684.0,4,145,41.5,2.0
5,2017,11950,1,6046.0,0,0,78.5,1.5
6,2018,14250,1,11591.0,4,145,60.1,1.0
12,2016,7250,1,13865.0,4,30,57.7,1.2
5,2018,10050,1,14830.0,4,145,64.2,1.1
12,2018,9000,1,10920.0,4,145,57.7,1.2
5,2018,12400,1,14346.0,4,145,62.8,1.0
5,2018,11200,1,10357.0,4,145,65.7,1.0
6,2020,21000,1,52.0,4,145,60.1,1.0
5,2018,9741,1,23860.0,4,145,64.2,1.1
6,2019,17498,0,13743.0,4,150,51.4,1.0
13,2015,9998,1,37962.0,0,150,53.3,2.0
6,2017,12698,2,5715.0,4,125,51.4,1.0
2,2017,9998,1,11599.0,4,145,52.3,1.0
13,2017,15998,1,22814.0,0,145,54.3,2.0
1,2017,10298,1,41460.0,4,30,55.4,1.0
6,2018,11980,2,30898.0,4,150,51.4,1.0
2,2017,9698,1,24505.0,0,145,64.2,1.5
5,2013,4998,1,71825.0,4,0,65.7,1.0
13,2018,15998,2,21173.0,0,150,58.9,1.5
11,2015,4698,1,19502.0,4,30,57.7,1.2
5,2015,6998,1,39405.0,4,0,65.7,1.0
6,2017,17298,1,10044.0,0,150,67.3,2.0
6,2017,11998,1,14032.0,0,150,74.3,1.5
13,2018,17498,1,13058.0,0,145,54.3,1.5
6,2018,16998,1,18678.0,0,145,74.3,1.5
13,2017,13995,0,20893.0,4,235,38.2,1.5
9,2018,11995,1,21643.0,4,145,47.9,1.0
13,2019,15995,1,2350.0,0,145,54.3,1.5
1,2017,9290,1,30803.0,0,20,68.9,1.5
13,2017,13990,1,37187.0,0,145,54.3,2.0
18,2019,25990,2,9282.0,0,145,51.4,2.0
5,2013,6290,1,33428.0,4,30,54.3,1.2
5,2019,15490,1,8028.0,4,145,55.4,1.0
1,2017,10690,1,15650.0,4,145,55.4,1.0
2,2016,8498,2,55102.0,4,165,44.8,1.5
6,2017,11498,1,22213.0,0,0,74.3,1.5
5,2018,11998,1,15798.0,4,150,65.7,1.0
6,2017,10598,1,14212.0,4,145,60.1,1.0
6,2017,10998,1,27412.0,0,150,74.3,1.5
5,2015,7498,1,2263.0,4,0,65.7,1.0
13,2014,7998,1,69211.0,0,150,53.3,2.0
6,2017,11998,1,16121.0,0,150,74.3,1.5
6,2017,12698,1,15619.0,0,145,74.3,1.5
6,2017,9998,1,28534.0,0,0,74.3,1.5
2,2015,7998,1,41527.0,4,160,44.8,1.5
0,2017,9598,1,29720.0,4,30,57.7,1.0
6,2018,14598,1,6194.0,4,145,57.7,1.0
21,2015,15998,1,30324.0,0,235,43.5,2.2
2,2016,9998,1,4027.0,0,30,64.2,1.5
6,2018,16998,1,21284.0,0,145,74.3,1.5
2,2018,14498,1,22338.0,4,145,54.3,1.0
6,2016,13798,1,24123.0,0,20,67.3,2.0
5,2015,6998,1,37376.0,4,125,54.3,1.2
13,2017,14998,1,9587.0,0,150,60.1,2.0
5,2017,9998,1,5012.0,4,150,65.7,1.0
6,2017,12498,1,20554.0,0,0,74.3,1.5
6,2017,13298,0,12912.0,4,150,46.3,1.5
5,2016,7998,1,30654.0,4,0,65.7,1.0
2,2017,9998,1,42692.0,4,125,52.3,1.0
2,2017,8998,1,36501.0,0,30,64.2,1.5
5,2016,9998,1,22147.0,0,0,78.5,1.5
5,2016,10998,1,14345.0,4,0,65.7,1.0
10,2017,12298,1,17442.0,0,30,64.2,1.5
13,2014,9298,1,59701.0,0,145,53.3,2.0
5,2013,5798,1,33850.0,4,30,54.3,1.2
5,2018,10498,1,14272.0,4,145,65.7,1.0
5,2016,7998,1,22016.0,4,125,54.3,1.2
5,2019,12498,1,14348.0,4,145,56.5,1.0
6,2019,16498,1,9557.0,4,145,60.1,1.0
5,2018,10798,1,18847.0,0,145,88.3,1.5
5,2019,11298,1,13778.0,4,150,58.9,1.0
0,2018,11698,1,9782.0,4,145,55.4,1.0
5,2018,10298,1,18192.0,4,145,65.7,1.0
6,2018,18998,1,19725.0,0,145,67.3,2.0
6,2017,11998,1,9038.0,0,0,74.3,1.5
5,2017,9998,1,19096.0,4,145,65.7,1.0
5,2017,8498,1,17292.0,4,145,54.3,1.2
2,2018,12998,1,30127.0,4,145,54.3,1.0
5,2018,9998,1,14519.0,4,145,64.2,1.1
2,2017,9698,1,33005.0,4,145,53.3,1.0
1,2016,10498,2,25356.0,0,20,64.2,1.5
5,2016,7998,1,29531.0,4,125,54.3,1.2
5,2016,6998,1,34716.0,4,125,54.3,1.2
13,2017,17698,2,7373.0,0,150,54.3,2.0
5,2016,7298,1,35367.0,4,125,54.3,1.2
6,2016,8498,1,38313.0,4,20,60.1,1.0
6,2014,7298,1,52544.0,0,20,67.3,1.6
6,2019,16798,1,17998.0,4,150,60.1,1.0
5,2019,13598,1,12391.0,4,145,58.9,1.0
13,2018,15998,0,7063.0,4,150,31.0,1.5
9,2017,10830,0,14420.0,0,30,58.9,1.5
11,2014,4290,1,54096.0,4,30,57.7,1.2
5,2015,7790,1,30947.0,4,0,65.7,1.0
5,2017,11490,1,30993.0,4,145,47.9,1.6
11,2016,6340,1,13954.0,4,30,57.7,1.2
20,2016,11298,1,24939.0,0,30,61.4,1.5
6,2018,14998,1,10306.0,4,145,58.9,1.0
6,2018,16298,0,7097.0,0,145,64.2,2.0
13,2017,17298,2,32451.0,0,145,54.3,2.0
6,2019,15798,1,11614.0,4,145,60.1,1.0
6,2019,16998,1,12926.0,4,145,60.1,1.0
5,2017,11495,1,28500.0,4,150,47.9,1.6
13,2015,11698,1,48523.0,0,150,54.3,2.0
6,2018,13498,1,12726.0,4,145,51.4,1.5
12,2018,9998,1,6963.0,4,145,43.5,1.2
6,2019,23695,0,3541.0,0,145,74.3,1.5
6,2019,20498,0,9987.0,0,145,74.3,1.5
6,2019,16998,1,13998.0,4,145,60.1,1.0
5,2019,11198,1,16997.0,4,145,58.9,1.0
9,2018,11998,1,36244.0,4,145,54.3,1.0
9,2017,12698,1,12628.0,0,30,64.2,1.5
6,2017,12998,1,25279.0,0,0,74.3,1.5
5,2019,11798,1,5029.0,4,150,48.7,1.1
1,2019,13798,1,6505.0,4,150,48.7,1.0
5,2018,14660,0,2150.0,4,145,54.3,1.0
6,2015,7050,1,70672.0,0,0,74.3,1.5
6,2016,8370,1,43924.0,4,20,60.1,1.0
5,2015,8990,1,26437.0,4,20,62.8,1.0
5,2013,4990,1,66175.0,0,0,85.6,1.6
5,2019,12998,1,10102.0,4,145,58.9,1.0
6,2019,16998,1,21277.0,4,145,60.1,1.0
6,2019,17298,1,12142.0,4,145,48.7,1.0
5,2018,10495,1,33237.0,4,145,60.1,1.0
5,2018,11250,1,16787.0,4,145,56.5,1.0
5,2017,8550,1,16173.0,4,145,65.7,1.0
13,2017,15086,1,40198.0,0,145,64.2,1.5
2,2014,6420,1,76314.0,0,30,61.4,1.5
5,2016,9699,1,23149.0,4,20,62.8,1.0
5,2019,13200,1,2803.0,4,145,58.9,1.0
0,2018,10500,1,7994.0,4,145,55.4,1.0
5,2017,10998,2,6931.0,4,0,57.7,1.0
13,2017,14298,1,20442.0,0,150,64.2,1.5
14,2015,9998,1,51916.0,0,0,78.5,1.5
5,2017,9698,1,12920.0,4,0,65.7,1.0
5,2016,8998,1,14342.0,4,0,65.7,1.0
5,2014,7698,1,22384.0,4,0,65.7,1.0
13,2016,12990,1,29106.0,0,30,64.2,1.5
5,2017,9770,1,23653.0,4,0,65.7,1.0
6,2016,9280,1,30150.0,0,0,74.3,1.5
6,2014,12046,1,48254.0,4,235,39.2,2.0
6,2018,18991,1,19460.0,0,145,67.3,2.0
13,2019,19991,0,11559.0,0,145,37.7,2.0
5,2014,7491,1,17200.0,4,30,54.3,1.2
5,2017,9849,1,13998.0,4,145,65.7,1.0
14,2016,10799,1,59193.0,0,30,65.7,2.0
6,2016,10699,1,9027.0,4,20,60.1,1.0
5,2015,7499,1,16427.0,4,0,65.7,1.0
5,2013,5698,1,70048.0,4,0,65.7,1.0
2,2017,10298,1,21420.0,4,125,53.3,1.0
5,2018,10298,1,18840.0,4,145,65.7,1.0
6,2017,9998,1,46011.0,0,0,74.3,1.5
6,2017,15798,1,38199.0,0,145,67.3,2.0
5,2019,13998,1,13024.0,4,145,58.9,1.0
13,2018,15498,1,21602.0,0,145,64.2,1.5
13,2016,16498,2,23151.0,0,145,54.3,2.0
6,2019,16498,0,12368.0,0,145,74.3,1.5
5,2014,6998,1,20325.0,4,30,54.3,1.2
5,2016,8998,1,12118.0,4,125,54.3,1.2
6,2017,18698,1,14087.0,4,200,41.5,2.0
2,2019,13998,1,13194.0,4,145,54.3,1.0
5,2017,9698,1,27025.0,4,145,65.7,1.0
13,2018,14390,1,37813.0,0,145,60.1,2.0
8,2017,17799,1,20747.0,0,150,56.5,2.0
5,2015,6999,1,49000.0,4,0,65.7,1.0
2,2017,9380,1,33929.0,0,145,64.2,1.5
5,2019,11999,1,12700.0,4,145,65.7,1.0
6,2017,10500,1,31350.0,0,145,74.3,1.5
13,2018,15270,1,37484.0,0,145,54.3,2.0
5,2017,8617,1,11560.0,4,145,65.7,1.0
5,2016,11499,1,24300.0,4,145,47.9,1.6
2,2017,10478,1,30069.0,0,150,64.2,1.5
10,2017,14998,0,18209.0,0,145,56.6,1.5
6,2017,9698,1,34371.0,0,0,74.3,1.5
6,2019,16498,0,12245.0,4,145,51.4,1.0
6,2019,16598,0,11256.0,4,145,51.4,1.0
5,2018,15498,1,3059.0,4,145,60.1,1.0
6,2017,9298,1,30987.0,4,20,60.1,1.0
13,2018,17498,1,17662.0,0,150,60.1,2.0
6,2017,16998,1,29068.0,0,150,67.3,2.0
13,2017,16298,1,35121.0,0,145,54.3,2.0
2,2017,10498,1,13613.0,4,125,53.3,1.0
5,2016,8980,1,8346.0,4,125,54.3,1.2
13,2015,12150,1,63000.0,0,145,54.3,2.0
13,2016,13200,2,33698.0,0,145,52.3,2.0
6,2019,15900,1,11507.0,4,145,60.1,1.0
13,2019,17860,1,8011.0,0,145,38.2,2.0
6,2017,12980,1,11600.0,4,150,51.4,1.5
5,2015,6810,1,49853.0,0,0,88.3,1.5
11,2014,4490,1,31423.0,4,30,57.7,1.2
6,2017,10050,1,36789.0,0,0,74.3,1.5
6,2015,12500,1,40310.0,4,205,41.5,2.0
13,2018,20850,0,4957.0,4,145,31.0,1.5
13,2018,20700,1,10439.0,0,145,39.2,2.0
6,2017,11500,2,19386.0,4,125,51.4,1.0
13,2018,19380,0,36859.0,4,145,38.2,1.5
13,2018,19980,1,18911.0,0,145,39.2,2.0
11,2014,5480,1,35000.0,4,30,57.7,1.2
6,2017,9980,1,27700.0,4,150,61.4,1.0
5,2015,5980,1,26000.0,4,30,54.3,1.2
6,2016,8980,1,56000.0,0,0,74.3,1.5
13,2019,18300,1,9600.0,4,150,35.3,1.5
18,2017,18990,2,35601.0,0,145,52.3,2.0
5,2017,9490,1,12620.0,4,0,65.7,1.0
12,2019,10990,1,2851.0,4,145,43.5,1.2
5,2018,10490,1,30922.0,4,145,65.7,1.0
13,2014,10500,1,22500.0,0,145,53.3,2.0
5,2015,9000,2,34921.0,4,0,57.7,1.0
5,2016,7250,1,22440.0,4,125,54.3,1.2
5,2017,12495,1,13174.0,4,150,47.9,1.6
5,2020,18290,1,1005.0,4,145,51.4,1.0
16,2020,23155,1,1250.0,4,145,50.4,1.0
6,2019,19725,1,3309.0,0,145,74.3,1.5
0,2016,8430,2,31842.0,4,160,44.1,1.6
6,2016,10170,1,36563.0,4,20,60.1,1.0
21,2019,24995,1,6375.0,0,145,32.5,2.0
21,2019,24995,1,5341.0,0,145,32.5,2.0
6,2018,19690,1,16000.0,4,145,41.5,2.0
5,2016,11750,1,22000.0,4,145,47.9,1.6
1,2014,7471,1,53301.0,0,30,62.8,1.6
6,2013,5971,1,73411.0,0,20,67.3,1.6
5,2017,9471,1,11212.0,4,145,54.3,1.2
5,2017,9690,1,23000.0,4,0,65.7,1.0
5,2017,7710,1,34261.0,0,145,78.5,1.5
6,2016,8667,1,47832.0,0,0,74.3,1.5
6,2017,9000,1,41482.0,0,0,74.3,1.5
5,2018,11991,2,31107.0,4,145,54.3,1.0
1,2015,7495,1,33958.0,4,165,42.8,1.6
5,2014,5995,1,44523.0,0,0,76.4,1.5
6,2018,13990,1,7423.0,4,150,57.7,1.0
6,2018,12670,1,7162.0,4,150,60.1,1.0
5,2013,6890,1,27732.0,0,0,76.4,1.5
6,2019,19490,1,2000.0,4,145,58.9,1.0
13,2019,21390,1,6901.0,0,145,37.7,2.0
5,2014,8280,1,28371.0,4,0,65.7,1.0
5,2016,7990,1,20362.0,4,0,65.7,1.0
12,2018,8890,1,3669.0,4,145,47.9,1.2
12,2018,8989,1,4536.0,4,145,47.9,1.2
5,2019,15495,1,2112.0,4,145,58.9,1.0
6,2015,12940,1,33000.0,0,20,67.3,2.0
8,2019,28450,2,4577.0,0,145,54.3,2.0
13,2019,22980,2,3377.0,0,145,37.2,2.0
13,2019,22620,2,9963.0,0,145,38.7,2.0
13,2019,23190,2,5099.0,0,145,38.7,2.0
13,2019,23880,2,4507.0,0,145,38.7,2.0
8,2019,23780,1,12500.0,0,145,55.4,2.0
5,2016,7220,1,50211.0,0,0,88.3,1.5
13,2015,10191,1,50000.0,0,165,47.9,2.0
2,2017,10491,1,8801.0,4,125,53.3,1.0
0,2016,8650,1,11871.0,0,0,74.4,1.5
6,2019,19298,0,5689.0,0,145,50.4,1.5
9,2017,10607,1,20366.0,4,30,54.3,1.0
5,2018,13091,1,33937.0,4,145,62.8,1.0
2,2014,6990,1,48462.0,4,30,61.4,1.5
9,2016,10495,0,15146.0,0,30,58.9,1.5
6,2018,13180,2,19065.0,0,145,74.3,1.5
5,2013,6800,1,15974.0,4,0,65.7,1.0
9,2016,10277,1,15414.0,0,30,64.2,1.5
6,2015,13338,1,23117.0,4,205,41.5,2.0
6,2017,12890,1,14509.0,4,145,60.1,1.0
5,2013,4780,1,47969.0,4,30,54.3,1.2
6,2017,19320,1,11909.0,4,145,41.5,2.0
5,2014,6590,1,24916.0,4,30,54.3,1.2
13,2017,19990,2,18500.0,0,145,54.3,2.0
13,2017,12240,1,20245.0,0,30,64.2,1.5
6,2018,17060,1,9000.0,0,145,67.3,2.0
14,2015,10547,1,35226.0,0,30,64.2,2.0
5,2015,9578,1,44000.0,4,145,47.9,1.6
5,2015,8082,1,32309.0,4,0,65.7,1.0
6,2017,11731,1,22522.0,4,20,60.1,1.0
13,2015,10441,1,46032.0,0,125,60.1,2.0
6,2018,15250,1,3939.0,4,150,57.7,1.0
5,2015,6999,1,28861.0,4,30,54.3,1.2
13,2017,13480,1,37652.0,0,125,60.1,2.0
1,2017,7950,1,52053.0,0,20,68.9,1.5
6,2019,22998,0,7030.0,0,145,74.3,1.5
5,2018,9298,1,20369.0,4,145,65.7,1.0
6,2017,17298,1,9463.0,4,145,41.5,2.0
6,2019,16998,1,11651.0,4,150,60.1,1.0
1,2017,12298,1,18593.0,4,30,55.4,1.0
5,2013,6100,1,48438.0,4,30,54.3,1.2
0,2016,7197,1,49132.0,0,0,74.4,1.5
6,2017,10490,2,47018.0,4,145,51.4,1.0
6,2014,7470,1,50039.0,4,30,56.5,1.0
5,2018,12698,1,5987.0,4,150,58.9,1.0
6,2017,12498,1,16549.0,0,150,74.3,1.5
0,2017,10798,1,13167.0,4,30,55.4,1.0
6,2013,5840,1,58804.0,0,20,67.3,1.6
5,2017,9420,2,40792.0,4,0,57.7,1.0
6,2018,10870,1,19862.0,4,145,60.1,1.0
5,2018,8791,1,13579.0,4,150,64.2,1.1
1,2017,10298,1,40375.0,0,150,68.9,1.5
8,2017,18498,2,40512.0,0,150,52.3,2.0
6,2019,18798,1,5015.0,0,150,62.8,2.0
5,2018,10298,1,11552.0,4,150,55.4,1.1
5,2015,6298,1,34701.0,4,125,54.3,1.2
6,2017,9798,1,27485.0,4,150,60.1,1.0
13,2017,13298,1,16400.0,4,165,45.6,1.5
6,2018,13998,2,10826.0,4,150,51.4,1.0
6,2016,10250,1,30086.0,0,0,74.3,1.5
6,2017,11750,1,27800.0,4,145,60.1,1.0
13,2019,21000,0,10671.0,4,145,31.0,1.5
6,2015,8000,1,40253.0,4,20,60.1,1.0
6,2018,13500,1,9999.0,4,145,57.7,1.0
13,2017,16000,1,8543.0,0,145,64.2,1.5
5,2014,6650,1,57016.0,4,0,65.7,1.0
6,2016,15500,1,13036.0,4,200,41.5,2.0
0,2017,12000,1,8589.0,4,145,57.7,1.0
2,2017,11750,1,14372.0,4,145,53.3,1.0
5,2016,11498,2,15411.0,4,0,57.7,1.0
9,2017,11498,1,36658.0,0,150,64.2,1.5
8,2017,19298,2,26035.0,0,150,52.3,2.0
5,2019,11498,1,5492.0,4,150,48.7,1.1
6,2019,19498,0,4551.0,0,145,64.2,2.0
12,2016,7698,1,9578.0,4,30,57.7,1.2
5,2014,6698,1,35725.0,4,30,54.3,1.2
6,2017,10298,1,18563.0,4,150,60.1,1.0
5,2015,7410,1,53593.0,0,0,78.5,1.5
2,2016,10000,1,40200.0,4,125,52.3,1.0
6,2017,15877,1,40454.0,0,145,67.3,2.0
5,2018,11000,1,18039.0,4,145,65.7,1.0
12,2018,8471,1,18703.0,4,145,48.7,1.2
5,2017,9312,1,18850.0,4,145,65.7,1.0
5,2017,9500,1,17226.0,4,145,65.7,1.0
13,2016,15000,1,29680.0,0,145,54.3,2.0
6,2019,17000,1,3745.0,4,145,60.1,1.0
0,2016,8498,1,24348.0,0,0,74.4,1.5
1,2017,11698,1,22997.0,4,145,55.4,1.0
3,2018,25498,2,19364.0,0,145,47.9,2.0
5,2016,10298,1,24745.0,0,0,78.5,1.5
6,2019,17998,1,23521.0,4,145,60.1,1.0
6,2019,17498,1,14074.0,0,145,61.4,1.5
5,2019,14998,1,8147.0,4,145,60.1,1.0
13,2015,14498,1,37623.0,0,145,54.3,2.0
8,2016,13998,1,77495.0,0,125,56.5,2.0
5,2016,7899,1,25465.0,4,125,54.3,1.2
6,2017,11000,1,50940.0,0,0,74.3,1.5
6,2015,6999,1,63259.0,4,20,61.4,1.0
0,2014,7500,1,15800.0,4,150,47.1,1.4
12,2017,7999,1,14796.0,4,145,57.7,1.2
5,2017,8999,1,19300.0,4,125,54.3,1.2
6,2017,10950,1,21631.0,4,150,60.1,1.0
5,2016,10500,1,19255.0,0,0,78.5,1.5
5,2018,14750,1,12604.0,4,145,55.4,1.0
5,2017,8000,1,16756.0,4,125,54.3,1.2
6,2017,19000,1,11717.0,4,145,41.5,2.0
1,2014,6750,1,40621.0,4,165,42.8,1.6
6,2017,11500,1,27000.0,0,150,74.3,1.5
2,2017,8799,1,52333.0,4,165,44.8,1.5
5,2014,5995,1,58769.0,4,0,65.7,1.0
12,2017,7500,1,22867.0,4,150,57.7,1.2
6,2017,9999,1,47311.0,0,0,74.3,1.5
5,2014,8222,1,42102.0,4,0,65.7,1.0
0,2013,6899,1,31910.0,0,20,70.6,1.6
13,2017,16688,1,16735.0,0,150,60.1,2.0
6,2014,8000,1,47911.0,0,20,67.3,1.6
12,2017,7495,1,15060.0,4,150,57.7,1.2
5,2017,9823,1,28828.0,4,145,65.7,1.0
13,2014,9877,1,58317.0,0,200,47.9,2.0
6,2017,10000,1,49904.0,0,145,74.3,1.5
6,2017,9998,1,30605.0,0,0,74.3,1.5
6,2019,18875,0,1137.0,4,145,47.9,1.5
6,2019,18000,0,5770.0,0,145,64.2,2.0
13,2018,17550,1,16672.0,0,145,64.2,1.5
5,2018,13766,1,12983.0,4,145,58.9,1.0
5,2018,10642,1,16364.0,4,145,65.7,1.0
5,2018,10463,1,13811.0,4,145,65.7,1.0
3,2019,34000,2,10.0,0,145,37.2,2.0
13,2014,9356,1,42342.0,0,145,53.3,2.0
8,2016,22000,2,10637.0,0,145,52.3,2.0
5,2018,10000,1,32709.0,4,145,65.7,1.0
1,2016,10450,2,22380.0,0,20,64.2,1.5
6,2013,6900,2,28154.0,4,160,44.1,1.6
6,2016,13240,0,58644.0,0,30,61.4,2.0
6,2018,13195,1,29730.0,4,145,58.9,1.0
5,2015,7700,1,11015.0,4,125,54.3,1.2
5,2017,9600,1,22772.0,4,0,65.7,1.0
18,2015,14460,0,30981.0,0,145,52.3,2.0
6,2020,16975,0,293.0,0,145,54.3,1.5
5,2018,11699,1,36928.0,4,150,62.8,1.0
6,2016,9399,1,14944.0,4,20,60.1,1.0
20,2016,13250,0,36145.0,0,125,56.6,1.5
5,2017,10980,1,18982.0,4,150,65.7,1.0
5,2017,7999,1,36987.0,4,145,54.3,1.2
0,2015,7250,2,47360.0,4,160,44.1,1.6
5,2017,8500,1,45345.0,4,145,65.7,1.0
6,2014,7250,1,40412.0,4,30,56.5,1.0
5,2017,10500,1,29533.0,4,20,62.8,1.0
5,2017,10998,1,12790.0,4,145,62.8,1.0
5,2016,9998,1,19504.0,4,20,62.8,1.0
3,2018,22998,2,9343.0,0,145,47.9,2.0
6,2015,7690,1,46306.0,4,20,61.4,1.0
5,2017,10990,1,18487.0,4,145,65.7,1.0
6,2015,8490,1,48547.0,0,0,74.3,1.5
5,2017,9990,1,21047.0,4,145,65.7,1.0
5,2018,13990,1,14752.0,4,145,65.7,1.0
12,2017,7495,1,22364.0,4,145,57.7,1.2
5,2018,8930,1,38151.0,4,145,65.7,1.0
5,2018,11491,1,15341.0,4,145,65.7,1.0
0,2015,6777,1,30544.0,4,30,55.4,1.0
6,2018,14591,1,37880.0,4,145,60.1,1.0
6,2016,9999,1,27977.0,0,0,74.3,1.5
5,2017,10999,1,22612.0,4,150,65.7,1.0
5,2013,5000,1,56497.0,4,30,54.3,1.2
13,2016,14133,2,28896.0,0,150,52.3,2.0
5,2017,9417,1,35731.0,4,150,62.8,1.0
6,2018,14581,1,15535.0,0,145,80.7,1.5
14,2016,9840,1,47219.0,0,20,67.3,2.0
18,2015,14620,1,30098.0,0,125,43.5,2.0
6,2016,10141,1,42792.0,0,20,70.6,2.0
13,2017,16190,1,16814.0,0,145,64.2,1.5
5,2016,7760,1,38914.0,4,0,65.7,1.0
5,2019,16280,1,7512.0,4,145,55.4,1.0
6,2018,12600,1,35211.0,0,145,74.3,1.5
6,2014,6991,1,57483.0,0,20,67.3,1.6
5,2014,6991,1,21020.0,4,30,54.3,1.2
6,2013,5397,1,80146.0,0,20,67.3,1.6
13,2017,15999,1,31065.0,0,145,54.3,2.0
5,2014,8999,1,29893.0,4,0,65.7,1.0
14,2017,12490,1,36139.0,0,145,64.2,2.0
14,2017,12599,1,27776.0,0,145,64.2,2.0
14,2017,12480,1,32140.0,0,145,64.2,2.0
5,2016,8230,1,50784.0,4,0,65.7,1.0
6,2015,8250,1,64734.0,0,0,74.3,1.5
14,2017,11990,1,25490.0,0,145,67.3,2.0
0,2014,7200,2,32318.0,4,160,44.1,1.6
14,2016,9850,1,60668.0,0,0,78.5,1.5
11,2014,4290,1,45201.0,4,30,57.7,1.2
5,2017,8000,1,13369.0,4,125,54.3,1.2
9,2015,9797,2,40521.0,0,125,56.5,2.0
0,2014,6890,1,29431.0,0,20,68.9,1.5
2,2017,8890,1,22709.0,4,145,44.8,1.5
9,2013,7690,1,36270.0,0,125,60.1,1.6
13,2017,18497,0,13128.0,0,145,54.3,2.0
14,2017,12890,1,65040.0,0,30,62.8,2.0
14,2016,11591,1,29573.0,0,20,68.9,2.0
2,2017,9990,1,12000.0,4,150,53.3,1.0
6,2016,8990,1,53500.0,0,0,74.3,1.5
6,2016,9463,1,39275.0,0,0,74.3,1.5
20,2016,10873,0,56892.0,0,125,56.6,1.5
13,2017,10987,1,33627.0,0,30,64.2,1.5
12,2017,6968,1,23745.0,4,30,57.7,1.2
5,2015,7995,1,8700.0,4,125,54.3,1.2
12,2017,6995,1,22653.0,4,145,57.7,1.2
5,2013,7495,1,36700.0,4,0,65.7,1.0
5,2017,8999,1,12850.0,4,145,65.7,1.0
5,2018,8997,1,24046.0,4,145,65.7,1.0
5,2018,11250,1,21666.0,4,145,56.5,1.0
5,2018,10770,1,31306.0,4,145,56.5,1.0
5,2017,7890,1,39876.0,4,0,65.7,1.0
5,2016,8950,1,10864.0,4,125,54.3,1.2
6,2017,9500,1,25887.0,0,0,74.3,1.5
6,2017,15187,1,17981.0,0,20,67.3,2.0
5,2017,8450,1,29193.0,4,125,54.3,1.2
5,2014,6700,1,47000.0,4,0,65.7,1.0
6,2016,15200,1,15440.0,0,20,67.3,2.0
13,2016,15512,1,15641.0,0,145,54.3,2.0
14,2017,15822,0,13402.0,0,125,58.9,2.0
5,2018,10360,1,39478.0,4,145,56.5,1.0
18,2015,14950,1,24421.0,4,160,43.5,1.5
2,2018,14750,1,7709.0,4,145,54.3,1.0
5,2017,8500,1,13196.0,4,0,65.7,1.0
6,2018,12090,0,12279.0,4,145,51.4,1.0
5,2015,7250,1,19913.0,4,0,65.7,1.0
6,2018,14480,1,13807.0,4,145,58.9,1.0
6,2016,10660,1,18560.0,0,0,74.3,1.5
1,2014,9500,2,30124.0,0,165,50.4,2.0
6,2017,11000,1,28840.0,4,20,60.1,1.0
6,2015,8682,1,35938.0,4,20,61.4,1.0
5,2017,14932,1,5696.0,4,145,65.7,1.0
13,2014,10582,1,38547.0,0,145,53.3,2.0
6,2017,15612,1,24421.0,0,145,67.3,2.0
6,2017,17252,1,15834.0,4,145,41.5,2.0
6,2015,9362,1,45588.0,4,20,60.1,1.0
14,2018,17122,1,20877.0,0,145,62.8,2.0
5,2016,12852,1,12240.0,4,145,47.9,1.6
5,2015,7900,1,27372.0,4,0,65.7,1.0
6,2019,15950,1,3333.0,0,150,80.7,1.5
6,2018,12590,1,29440.0,0,150,74.3,1.5
6,2018,13220,1,9812.0,4,145,61.4,1.0
5,2018,10180,1,12689.0,4,150,65.7,1.0
5,2017,7990,1,39592.0,4,150,65.7,1.0
6,2019,16090,1,5473.0,4,150,60.1,1.0
6,2019,15410,1,8150.0,4,145,60.1,1.0
6,2013,6500,1,71250.0,0,20,67.3,1.6
5,2016,8500,1,15542.0,4,125,54.3,1.2
6,2019,16350,0,9790.0,4,145,50.4,1.0
5,2013,5898,1,42045.0,4,30,54.3,1.2
5,2017,9499,1,3266.0,4,145,64.2,1.1
14,2016,10260,1,22268.0,0,0,78.5,1.5
6,2014,6590,1,56557.0,0,20,67.3,1.6
6,2017,12360,1,15311.0,0,145,74.3,1.5
13,2017,12750,1,53033.0,0,145,54.3,2.0
5,2018,11000,1,16830.0,4,145,56.5,1.0
5,2018,11000,1,22140.0,4,145,56.5,1.0
6,2015,12638,1,46628.0,0,20,67.3,2.0
6,2014,5290,1,59003.0,0,20,67.3,1.6
6,2013,6790,1,34521.0,4,150,47.9,1.6
5,2017,10410,1,14344.0,4,145,62.8,1.0
6,2016,14950,1,13820.0,4,200,41.5,2.0
2,2019,15450,1,5000.0,0,145,58.9,1.5
3,2018,19790,1,18301.0,0,145,48.7,2.0
6,2016,9495,1,28740.0,0,0,74.3,1.5
11,2013,4995,1,40289.0,4,30,57.7,1.2
2,2016,8995,1,28474.0,4,125,53.3,1.0
6,2017,10990,1,21554.0,4,20,61.4,1.0
6,2018,17891,1,14384.0,4,145,41.5,2.0
6,2019,16970,1,5922.0,0,145,74.3,1.5
6,2019,16780,1,3075.0,4,145,58.9,1.0
13,2017,16820,1,33391.0,0,145,54.3,2.0
5,2017,10850,1,14698.0,4,0,65.7,1.0
5,2019,16590,1,4720.0,4,145,60.1,1.0
5,2017,8930,1,12397.0,4,145,54.3,1.2
5,2018,9420,1,18332.0,4,145,64.2,1.1
5,2017,7110,1,37374.0,4,145,47.9,1.6
5,2017,6900,1,50380.0,4,145,65.7,1.0
5,2014,7491,1,34300.0,0,0,76.4,1.5
18,2015,14450,2,45003.0,0,125,56.5,2.0
5,2015,5980,1,69043.0,4,0,65.7,1.0
5,2014,7360,1,28000.0,4,0,65.7,1.0
12,2017,6790,1,29375.0,4,150,57.7,1.2
5,2017,8240,1,12253.0,4,150,64.2,1.1
6,2016,11330,1,24903.0,4,125,51.4,1.5
5,2016,7160,1,40065.0,0,0,88.3,1.5
16,2020,20990,1,2459.0,4,150,50.4,1.0
5,2017,9270,1,15032.0,4,0,65.7,1.0
2,2017,9320,1,14821.0,0,30,64.2,1.5
5,2019,14730,1,7269.0,4,145,60.1,1.0
6,2019,17520,1,2679.0,4,145,60.1,1.0
13,2015,9540,1,77251.0,0,125,60.1,2.0
5,2013,5850,1,49649.0,4,30,54.3,1.2
6,2013,5991,1,53080.0,4,30,56.5,1.0
13,2017,16720,2,20839.0,0,145,54.3,2.0
14,2013,5491,1,75526.0,0,125,57.7,2.0
5,2019,13140,1,2359.0,4,145,48.7,1.1
6,2019,17350,1,2931.0,4,145,60.1,1.0
1,2015,6140,1,78329.0,0,30,61.4,1.6
5,2017,9160,1,29692.0,4,145,62.8,1.0
6,2017,16370,1,9717.0,4,145,41.5,2.0
6,2019,20391,0,6050.0,4,145,51.4,1.0
6,2017,17547,1,12675.0,4,145,41.5,2.0
5,2018,10750,1,15502.0,4,145,65.7,1.0
13,2016,15220,1,22607.0,0,145,54.3,2.0
5,2013,5130,1,76151.0,4,0,65.7,1.0
5,2019,13140,1,5211.0,4,145,48.7,1.1
6,2019,16600,1,12500.0,0,145,74.3,1.5
5,2019,12990,1,5744.0,4,145,48.7,1.1
5,2016,9295,1,16671.0,0,0,78.5,1.5
6,2019,19090,1,2480.0,4,145,60.1,1.0
5,2019,13140,1,5011.0,4,145,48.7,1.1
12,2017,6930,1,12555.0,4,145,57.7,1.2
5,2019,15780,1,9803.0,4,145,60.1,1.0
6,2019,14890,1,11867.0,4,145,60.1,1.0
6,2019,18600,0,10855.0,0,145,74.3,1.5
6,2019,15660,1,8387.0,0,145,80.7,1.5
6,2019,15530,1,16778.0,0,145,74.3,1.5
2,2018,12980,2,12803.0,4,145,48.7,1.0
0,2014,5995,1,46012.0,4,30,55.4,1.0
5,2014,6295,1,12251.0,4,30,54.3,1.2
6,2018,13600,1,13144.0,4,145,58.9,1.0
5,2017,8250,1,31956.0,4,0,65.7,1.0
6,2016,16810,1,20841.0,4,200,41.5,2.0
6,2019,18000,1,14184.0,4,145,45.6,1.5
6,2018,13300,1,30098.0,0,145,80.7,1.5
5,2018,11250,1,20186.0,4,145,56.5,1.0
13,2017,16430,1,26993.0,0,145,54.3,2.0
5,2014,5860,1,64834.0,4,0,65.7,1.0
12,2017,6990,1,7394.0,4,30,57.7,1.2
12,2018,7300,1,11534.0,4,145,57.7,1.2
12,2018,6870,1,32715.0,4,145,57.7,1.2
12,2018,7950,1,13192.0,4,145,54.3,1.2
5,2020,17481,2,1352.0,4,145,41.5,1.0
5,2017,9420,1,30045.0,4,0,65.7,1.0
5,2017,7260,1,24986.0,4,125,54.3,1.2
13,2018,16311,1,27506.0,0,145,64.2,1.5
6,2018,13698,1,12502.0,0,145,74.3,1.5
6,2018,11998,1,20932.0,0,145,74.3,1.5
13,2017,16698,1,13170.0,0,125,60.1,2.0
14,2017,9498,1,74351.0,0,20,68.9,2.0
13,2017,14498,1,18129.0,0,125,60.1,2.0
13,2017,14798,1,38719.0,0,125,60.1,2.0
5,2018,14490,1,12053.0,4,145,60.1,1.0
13,2017,16990,2,9019.0,0,145,54.3,2.0
5,2016,6298,1,53005.0,4,125,54.3,1.2
10,2016,13995,1,30000.0,0,125,61.4,1.5
13,2018,16700,1,10261.0,0,145,54.3,1.5
6,2017,12250,1,12548.0,4,145,61.4,1.0
9,2017,12850,1,8764.0,0,30,64.2,1.5
13,2017,18350,0,6985.0,4,235,38.2,1.5
12,2017,8250,1,18127.0,4,145,57.7,1.2
5,2016,9000,1,22740.0,4,0,65.7,1.0
5,2017,9450,1,29926.0,4,145,65.7,1.0
12,2018,8550,1,10681.0,4,145,57.7,1.2
12,2018,8650,1,15707.0,4,145,57.7,1.2
5,2019,11170,1,8237.0,4,145,58.9,1.0
13,2015,14750,1,5839.0,0,145,54.3,2.0
5,2015,6995,1,41385.0,4,125,54.3,1.2
13,2013,8995,1,97364.0,0,200,47.9,2.0
5,2016,8899,1,24828.0,4,20,62.8,1.0
2,2015,7430,1,55422.0,4,125,53.3,1.0
12,2017,6650,1,16702.0,4,145,57.7,1.2
6,2013,5750,1,61747.0,4,20,58.9,1.0
18,2016,15995,1,18541.0,0,125,56.5,2.0
6,2013,6995,1,37557.0,4,30,56.5,1.0
5,2015,7995,1,18209.0,4,0,65.7,1.0
12,2017,7995,1,6815.0,4,145,57.7,1.2
5,2013,6890,1,14602.0,4,30,54.3,1.2
5,2017,7690,1,19189.0,4,125,54.3,1.2
6,2017,13000,1,22997.0,4,145,51.4,1.5
5,2013,7400,1,17508.0,4,30,54.3,1.2
6,2018,14120,1,17708.0,0,145,74.3,1.5
5,2017,10187,1,7987.0,4,145,65.7,1.0
6,2017,9000,1,44148.0,0,0,74.3,1.5
13,2017,15045,1,34912.0,0,125,60.1,2.0
6,2017,13750,1,26275.0,4,145,41.5,2.0
12,2018,7600,1,15084.0,4,145,57.7,1.2
5,2017,8180,1,10299.0,4,145,64.2,1.1
6,2019,17190,1,6744.0,4,145,60.1,1.0
6,2019,16770,1,3200.0,4,145,58.9,1.0
13,2015,9000,1,52900.0,0,125,60.1,2.0
5,2014,6999,1,40793.0,4,0,65.7,1.0
5,2016,9000,1,24806.0,4,0,65.7,1.0
6,2018,13500,1,10111.0,4,145,57.7,1.0
6,2016,16250,1,13036.0,4,200,41.5,2.0
14,2018,17365,0,8500.0,4,145,37.2,1.5
5,2018,12465,1,17522.0,4,145,58.9,1.0
6,2017,10465,1,16000.0,4,150,61.4,1.0
6,2018,13298,1,13905.0,4,145,57.7,1.0
5,2017,8998,1,9281.0,4,125,54.3,1.2
5,2019,15200,2,9791.0,4,145,48.7,1.0
13,2019,19700,1,1616.0,0,145,38.2,2.0
13,2017,16350,1,24008.0,0,145,54.3,2.0
5,2018,10300,1,26995.0,4,145,64.2,1.1
13,2016,15000,0,16242.0,4,235,38.2,1.5
5,2017,12000,2,25878.0,4,0,57.7,1.0
5,2018,10900,1,23079.0,4,145,65.7,1.0
14,2019,19800,1,22.0,0,145,65.7,2.0
1,2018,14000,2,5044.0,0,145,58.9,2.0
5,2019,13130,1,2871.0,4,145,48.7,1.1
6,2019,17520,1,4835.0,4,145,60.1,1.0
6,2019,17520,1,151.0,4,145,60.1,1.0
13,2018,16137,1,27331.0,0,145,64.2,1.5
5,2015,6840,1,37110.0,4,125,54.3,1.2
5,2019,16750,1,2053.0,4,145,60.1,1.0
13,2014,10191,1,39222.0,0,145,53.3,2.0
13,2018,20491,0,17152.0,4,145,31.0,1.5
1,2017,10691,1,10367.0,0,20,68.9,1.5
1,2017,10490,1,6490.0,4,160,44.1,1.6
5,2018,10291,1,14278.0,4,145,65.7,1.0
5,2018,12191,1,9610.0,4,145,65.7,1.0
12,2018,8500,1,4870.0,4,145,54.3,1.2
6,2019,17290,1,4987.0,4,145,60.1,1.0
6,2016,13480,1,26008.0,0,20,67.3,2.0
2,2017,8891,1,19123.0,4,145,44.8,1.5
12,2017,7190,1,15823.0,4,145,57.7,1.2
12,2018,8391,1,12456.0,4,145,47.9,1.2
2,2017,9600,1,31087.0,4,125,53.3,1.0
6,2018,12190,1,32340.0,0,145,74.3,1.5
6,2018,11991,1,24174.0,0,145,74.3,1.5
2,2018,12991,1,17123.0,4,145,54.3,1.0
5,2017,9530,1,3807.0,4,145,54.3,1.2
2,2015,7590,1,30373.0,4,160,44.8,1.5
12,2018,7991,1,7860.0,4,145,57.7,1.2
5,2018,10191,1,12349.0,4,145,65.7,1.0
13,2019,18280,1,4195.0,0,145,54.3,1.5
6,2014,6991,1,40155.0,4,20,60.1,1.0
5,2019,13830,1,6484.0,4,145,60.1,1.0
6,2014,6991,1,48460.0,4,20,58.9,1.0
6,2018,16460,1,19800.0,4,145,41.5,2.0
12,2017,7440,1,5380.0,4,145,57.7,1.2
3,2017,18991,1,11841.0,0,145,48.7,2.0
5,2018,12491,1,6397.0,4,145,56.5,1.0
5,2013,6520,1,28411.0,0,0,76.4,1.5
6,2018,11341,1,18256.0,4,145,61.4,1.0
5,2016,7800,1,14994.0,4,0,65.7,1.0
6,2019,16770,1,12942.0,0,145,74.3,1.5
2,2016,8680,1,23919.0,0,30,64.2,1.5
6,2020,19995,1,403.0,4,150,60.1,1.0
9,2017,12491,1,21689.0,0,145,61.4,2.0
5,2015,8291,1,20927.0,4,0,65.7,1.0
6,2018,11991,1,20595.0,0,145,74.3,1.5
6,2014,5700,1,68343.0,0,20,67.3,1.6
5,2016,8291,1,30155.0,4,0,65.7,1.0
5,2017,10891,2,11417.0,4,145,54.3,1.0
6,2018,15771,1,48905.0,0,145,67.3,2.0
12,2017,7643,1,8895.0,4,30,57.7,1.2
5,2017,10503,1,7970.0,4,145,65.7,1.0
12,2018,8343,1,7852.0,4,145,57.7,1.2
1,2017,7491,1,70629.0,4,30,55.4,1.0
13,2017,16598,0,10117.0,4,235,38.2,1.5
6,2017,10995,1,43578.0,0,0,74.3,1.5
12,2018,8995,1,21992.0,4,145,57.7,1.2
5,2018,11995,1,6203.0,4,145,58.9,1.0
5,2018,12495,1,12135.0,4,145,65.7,1.0
5,2013,7995,1,45187.0,4,0,65.7,1.0
2,2018,13990,2,17461.0,4,145,48.7,1.0
6,2016,8691,1,46038.0,0,0,74.3,1.5
6,2016,8997,1,44139.0,0,0,74.3,1.5
5,2019,13130,1,2400.0,4,145,48.7,1.1
5,2019,15910,1,5752.0,4,145,58.9,1.0
6,2019,19780,0,9605.0,0,145,74.3,1.5
5,2019,13130,1,2306.0,4,145,48.7,1.1
6,2019,17200,0,2952.0,4,145,51.4,1.0
1,2017,11091,1,22813.0,0,20,68.9,1.5
5,2013,6100,1,38141.0,4,0,65.7,1.0
5,2016,9770,1,18703.0,4,0,65.7,1.0
6,2017,12091,1,25250.0,0,0,74.3,1.5
5,2013,7750,1,31933.0,0,0,78.5,1.6
6,2019,19160,0,3418.0,0,145,54.3,1.5
6,2019,18791,0,1704.0,4,145,40.9,1.5
16,2020,20890,1,2548.0,4,150,50.4,1.0
13,2016,15371,0,13179.0,4,240,38.2,1.5
5,2016,8290,1,18500.0,4,125,54.3,1.2
1,2013,6990,1,54178.0,0,30,62.8,1.6
13,2018,17890,2,39821.0,0,145,54.3,2.0
9,2016,11390,0,27571.0,0,30,58.9,1.5
5,2018,10890,1,22451.0,4,145,56.5,1.0
5,2020,17990,1,494.0,4,145,53.3,1.0
16,2020,21990,1,1255.0,4,145,50.4,1.0
13,2019,17998,2,11111.0,0,145,37.2,2.0
5,2018,10798,1,15051.0,0,145,55.4,1.5
6,2017,17450,1,15116.0,4,145,41.5,2.0
5,2015,9750,2,12000.0,4,145,47.9,1.6
5,2017,9695,1,21803.0,4,145,62.8,1.0
13,2017,15495,1,21000.0,0,125,60.1,2.0
13,2017,16998,2,35245.0,0,150,54.3,2.0
5,2013,4998,1,74512.0,0,0,76.4,1.5
5,2017,8498,1,22864.0,4,150,64.2,1.1
6,2019,16798,1,13415.0,4,150,60.1,1.0
5,2016,6298,1,69801.0,0,0,88.3,1.5
6,2018,12298,1,27494.0,4,150,60.1,1.0
5,2018,9998,1,12299.0,4,150,55.4,1.1
5,2019,9998,1,20991.0,4,150,55.4,1.1
5,2015,6298,1,60813.0,4,0,65.7,1.0
5,2014,6995,1,25000.0,4,30,54.3,1.2
6,2017,12100,1,13579.0,0,145,74.3,1.5
13,2019,21995,1,4010.0,4,145,34.4,1.5
12,2018,8995,1,16885.0,4,145,57.7,1.2
5,2015,7995,1,59255.0,0,0,88.3,1.5
12,2018,8995,1,6757.0,4,150,57.7,1.2
11,2015,5995,1,26333.0,4,30,57.7,1.2
2,2019,15995,1,13474.0,4,150,51.4,1.0
0,2016,8995,1,19995.0,4,30,55.4,1.0
5,2016,10790,1,15666.0,4,20,62.8,1.0
13,2019,18990,1,2403.0,0,145,45.6,1.5
13,2019,17990,1,7038.0,4,145,34.4,1.5
12,2016,7490,1,28020.0,4,30,57.7,1.2
5,2019,16990,1,21322.0,4,150,40.3,1.5
1,2016,13490,2,20240.0,0,20,67.3,1.5
5,2014,6995,1,22325.0,4,30,54.3,1.2
2,2016,10995,2,16430.0,4,160,44.8,1.5
6,2013,7495,1,38537.0,0,20,67.3,1.6
6,2014,8495,1,46042.0,4,20,60.1,1.0
6,2019,18990,1,8197.0,4,145,49.6,1.0
5,2015,8390,1,20000.0,4,0,65.7,1.0
5,2017,8700,1,11000.0,4,145,54.3,1.2
5,2017,10200,1,23278.0,4,150,65.7,1.0
6,2016,10000,1,39417.0,0,0,74.3,1.5
1,2016,9300,1,40507.0,0,20,68.9,1.5
12,2017,7698,1,9271.0,4,145,57.7,1.2
1,2016,9998,1,24609.0,0,20,68.9,1.5
6,2018,17500,1,17280.0,0,145,67.3,2.0
13,2016,13488,1,17989.0,0,125,60.1,2.0
12,2017,7695,1,24402.0,4,145,57.7,1.2
13,2018,14490,1,54793.0,0,145,54.3,2.0
12,2017,7995,1,9000.0,4,30,57.7,1.2
6,2016,12495,1,25661.0,4,125,51.4,1.5
2,2017,8998,1,45755.0,0,150,64.2,1.5
13,2015,12995,1,35383.0,0,125,60.1,2.0
18,2016,14995,2,56347.0,0,150,52.3,2.0
12,2017,8495,1,7000.0,4,150,57.7,1.2
2,2018,12995,1,13851.0,4,150,54.3,1.0
5,2013,5995,1,46028.0,4,30,54.3,1.2
6,2019,19995,1,1600.0,4,150,49.6,1.0
6,2017,10178,1,19325.0,0,0,74.3,1.5
6,2017,11298,1,26781.0,4,145,60.1,1.0
5,2019,10498,1,20636.0,4,150,55.4,1.1
13,2017,17498,2,28291.0,0,150,54.3,2.0
6,2017,9698,1,42148.0,4,150,60.1,1.0
6,2017,10498,1,22627.0,0,150,74.3,1.5
5,2018,11498,1,37001.0,4,150,58.9,1.0
6,2018,19998,1,16882.0,4,145,41.5,2.0
5,2016,8998,1,28164.0,4,0,65.7,1.0
5,2016,6998,1,60964.0,0,0,88.3,1.5
3,2017,20250,0,33576.0,0,160,48.7,2.0
6,2019,17480,1,4213.0,4,145,60.1,1.0
6,2019,17480,1,4286.0,4,145,60.1,1.0
13,2017,12950,1,28608.0,0,145,54.3,2.0
6,2019,14642,1,4442.0,4,145,58.9,1.0
6,2014,6990,1,34001.0,4,20,58.9,1.0
15,2017,27890,2,26452.0,4,580,23.5,5.0
6,2015,8662,2,32407.0,4,165,44.8,1.6
5,2017,9851,1,20400.0,4,150,65.7,1.0
13,2014,9690,1,46660.0,0,125,60.1,2.0
5,2018,12495,1,10561.0,4,150,56.5,1.0
21,2016,15995,1,49913.0,0,235,42.2,2.2
13,2017,15000,1,39148.0,0,150,64.2,1.5
5,2017,8998,1,25221.0,0,145,85.6,1.5
5,2013,6465,1,43500.0,0,0,76.4,1.5
6,2017,17695,1,7782.0,4,145,41.5,2.0
5,2014,7495,2,33800.0,4,150,47.9,1.6
5,2014,6498,1,40399.0,4,30,54.3,1.2
10,2017,14698,1,14801.0,0,30,64.2,1.5
6,2018,12000,1,11457.0,4,145,60.1,1.0
12,2017,7591,1,19647.0,4,145,57.7,1.2
6,2017,10691,1,18899.0,4,145,60.1,1.0
6,2019,16991,1,8735.0,4,145,60.1,1.0
13,2019,18291,1,6831.0,0,145,54.3,1.5
5,2016,9650,1,22083.0,4,20,62.8,1.0
6,2019,15791,1,12624.0,4,145,58.9,1.0
6,2019,16481,1,11407.0,0,145,80.7,1.5
6,2018,10491,1,30370.0,4,145,58.9,1.0
13,2017,14810,1,14097.0,0,145,60.1,2.0
11,2013,4990,1,35000.0,4,30,57.7,1.2
5,2019,13130,1,151.0,4,145,48.7,1.1
5,2019,12490,1,960.0,4,145,48.7,1.1
6,2018,18991,1,20147.0,4,145,41.5,2.0
10,2019,16930,1,15297.0,0,145,61.4,1.5
5,2014,6191,1,38149.0,4,30,54.3,1.2
6,2017,12491,0,27000.0,4,145,46.3,1.5
2,2017,9880,1,12773.0,4,125,52.3,1.0
5,2018,11291,1,25993.0,4,145,62.8,1.0
5,2018,9491,1,21098.0,4,145,65.7,1.0
5,2019,16400,1,4001.0,4,145,60.1,1.0
5,2019,15410,1,1710.0,4,145,60.1,1.0
6,2018,13561,1,15071.0,4,145,57.7,1.0
5,2018,13191,1,11805.0,4,145,62.8,1.0
12,2019,9990,1,3285.0,4,145,47.9,1.2
12,2019,9990,1,1953.0,4,145,47.9,1.2
5,2016,9891,1,14038.0,4,0,65.7,1.0
6,2013,5470,1,76081.0,0,20,67.3,1.6
6,2018,10700,1,23738.0,4,145,60.1,1.0
6,2019,17280,1,7088.0,4,145,60.1,1.0
6,2019,18490,1,11056.0,4,145,58.9,1.0
6,2019,18391,1,8636.0,4,145,58.9,1.0
6,2019,15340,1,7602.0,4,145,60.1,1.0
6,2019,15320,1,9010.0,4,145,60.1,1.0
5,2018,10191,1,11462.0,4,145,65.7,1.0
13,2019,18390,0,23796.0,0,145,47.9,2.0
13,2019,19800,1,8089.0,0,145,47.9,2.0
6,2019,15510,1,4198.0,4,145,60.1,1.0
14,2019,23590,0,6378.0,0,145,49.6,2.0
6,2018,11860,1,23769.0,0,145,74.3,1.5
6,2018,19427,1,21863.0,4,145,41.5,2.0
5,2018,11200,1,11741.0,4,145,65.7,1.0
12,2018,7600,1,10693.0,4,145,57.7,1.2
5,2018,11260,1,7891.0,4,145,65.7,1.0
13,2018,17200,1,16786.0,0,145,60.1,2.0
6,2017,17337,1,21661.0,0,145,67.3,2.0
5,2018,13191,2,6072.0,4,145,48.7,1.0
9,2019,16750,1,15097.0,0,145,56.5,1.5
2,2019,15240,1,8601.0,4,145,53.3,1.0
5,2018,12927,1,5829.0,4,145,58.9,1.0
5,2019,12490,1,3327.0,4,145,48.7,1.1
5,2016,6991,1,54039.0,0,0,88.3,1.5
6,2016,10391,1,33589.0,0,0,74.3,1.5
5,2018,10991,1,5699.0,4,145,58.9,1.0
6,2018,18050,1,22727.0,4,145,41.5,2.0
6,2019,15860,1,10916.0,0,145,74.3,1.5
13,2019,21770,1,14782.0,0,145,47.9,2.0
6,2019,15460,1,7170.0,4,145,60.1,1.0
6,2019,15300,1,6541.0,4,145,60.1,1.0
5,2019,12790,1,10147.0,4,145,58.9,1.0
5,2019,13200,1,6995.0,4,145,58.9,1.0
5,2019,14140,0,4471.0,4,145,48.7,1.0
13,2017,12520,1,11443.0,0,145,64.2,1.5
5,2017,10410,1,17188.0,4,145,62.8,1.0
13,2017,13490,1,38121.0,0,150,60.1,2.0
5,2017,9390,1,13200.0,4,150,65.7,1.0
6,2018,11680,1,12500.0,4,150,60.1,1.0
6,2018,12000,1,11300.0,4,150,60.1,1.0
13,2017,16590,1,6419.0,4,160,45.6,1.5
18,2017,14090,1,50668.0,0,145,56.5,2.0
2,2018,12847,1,12467.0,4,145,54.3,1.0
13,2017,12191,1,26251.0,0,145,64.2,1.5
5,2019,13060,1,2016.0,4,145,48.7,1.1
6,2017,10200,1,31586.0,0,145,74.3,1.5
5,2019,15370,1,5001.0,4,145,60.1,1.0
12,2019,9990,1,1581.0,4,145,47.9,1.2
6,2018,19900,1,9196.0,4,145,41.5,2.0
5,2015,7691,1,28367.0,4,0,65.7,1.0
6,2017,19100,1,7131.0,4,145,41.5,2.0
5,2016,7691,1,22822.0,4,125,54.3,1.2
2,2018,13091,1,8169.0,4,145,53.3,1.0
6,2019,17480,1,1350.0,4,145,60.1,1.0
5,2019,12490,1,2623.0,4,145,48.7,1.1
6,2019,17330,1,3523.0,4,145,60.1,1.0
6,2019,17480,1,8469.0,4,145,60.1,1.0
5,2019,12490,1,2583.0,4,145,48.7,1.1
6,2019,17280,1,5001.0,4,145,60.1,1.0
6,2019,17480,1,3284.0,4,145,60.1,1.0
12,2017,7500,1,4549.0,4,145,57.7,1.2
5,2014,6590,1,36886.0,4,0,65.7,1.0
2,2019,15740,1,5824.0,4,145,51.4,1.0
6,2018,10990,1,15302.0,4,150,60.1,1.0
13,2017,16570,2,19876.0,0,150,54.3,2.0
5,2017,9590,1,19605.0,4,150,65.7,1.0
5,2018,10731,1,4026.0,4,145,65.7,1.0
5,2019,14177,1,8043.0,4,145,58.9,1.0
5,2019,14467,1,4126.0,4,145,58.9,1.0
2,2019,14791,1,7716.0,4,145,54.3,1.0
6,2014,5298,1,90391.0,0,20,67.3,1.6
6,2018,15498,1,35090.0,0,145,67.3,2.0
5,2017,11498,1,13430.0,4,20,62.8,1.0
2,2017,10498,1,6245.0,4,125,53.3,1.0
6,2017,9998,1,37583.0,4,150,61.4,1.0
0,2017,9698,1,16981.0,4,150,55.4,1.0
5,2016,8998,1,27446.0,4,0,65.7,1.0
5,2017,10698,1,22660.0,4,150,65.7,1.0
5,2014,6998,1,32677.0,0,0,76.4,1.5
11,2015,4498,1,55346.0,4,30,57.7,1.2
1,2016,8498,1,47835.0,0,20,68.9,1.5
2,2017,10798,1,9361.0,4,125,53.3,1.0
6,2015,7798,1,43287.0,0,0,74.3,1.5
2,2017,9998,1,9625.0,4,125,53.3,1.0
13,2019,19498,1,9341.0,4,145,39.2,1.5
2,2017,9998,1,23259.0,4,145,53.3,1.0
6,2017,9998,1,34025.0,4,20,60.1,1.0
13,2017,14698,0,3379.0,4,235,38.2,1.5
9,2017,10998,1,12360.0,0,30,64.2,1.5
13,2018,16498,1,15645.0,0,145,64.2,1.5
2,2017,9620,1,22431.0,4,145,53.3,1.0
5,2017,8291,1,24450.0,4,145,64.2,1.1
6,2019,15530,1,6857.0,4,145,60.1,1.0
12,2018,6991,1,21105.0,4,145,57.7,1.2
6,2017,11291,1,17904.0,0,0,74.3,1.5
1,2017,9850,1,23701.0,4,30,55.4,1.0
5,2015,6970,1,21309.0,4,125,54.3,1.2
6,2017,13350,0,19167.0,4,145,46.3,1.5
6,2019,15690,1,12998.0,4,145,60.1,1.0
6,2016,16442,1,13400.0,4,200,41.5,2.0
5,2014,5295,1,58680.0,4,30,54.3,1.2
6,2019,18500,0,3600.0,4,145,42.8,1.0
5,2013,5995,1,26700.0,4,30,54.3,1.2
5,2015,8499,1,13964.0,4,0,65.7,1.0
5,2019,10298,1,14422.0,4,145,55.4,1.1
13,2017,12898,1,24388.0,0,150,64.2,1.5
5,2017,7798,1,32039.0,4,125,54.3,1.2
5,2017,10498,1,23992.0,4,20,62.8,1.0
5,2017,8298,1,23091.0,4,125,54.3,1.2
14,2017,11298,1,58827.0,4,145,48.7,1.5
5,2017,9490,1,8062.0,4,145,65.7,1.0
5,2018,9730,1,7305.0,4,145,65.7,1.0
16,2020,20491,1,4998.0,4,145,50.4,1.0
2,2017,9491,1,27827.0,0,145,64.2,1.5
5,2017,13280,1,8567.0,4,145,47.9,1.6
6,2019,15290,1,8811.0,4,145,60.1,1.0
5,2017,10020,1,16247.0,4,145,65.7,1.0
6,2020,19991,0,4998.0,4,145,51.4,1.0
5,2018,8691,1,34064.0,4,145,64.2,1.1
13,2016,13930,1,32398.0,0,145,54.3,2.0
6,2018,19490,1,9196.0,0,145,67.3,2.0
13,2017,15991,1,20549.0,0,145,64.2,1.5
8,2019,26360,1,2725.0,0,145,55.4,2.0
5,2019,14400,1,3398.0,4,145,58.9,1.0
6,2019,18991,0,2986.0,4,145,51.4,1.0
5,2017,11617,2,5009.0,4,145,54.3,1.0
3,2017,22030,0,18810.0,0,145,47.9,2.0
5,2019,13140,1,6987.0,4,145,48.7,1.1
5,2016,7430,1,38744.0,4,0,65.7,1.0
6,2019,17210,1,6351.0,4,145,60.1,1.0
6,2018,17391,1,11977.0,4,145,41.5,2.0
13,2017,15660,0,15962.0,0,145,54.3,2.0
5,2018,9990,1,33116.0,4,150,65.7,1.0
2,2017,8690,1,51000.0,0,145,64.2,1.5
5,2017,8755,1,30791.0,4,145,64.2,1.1
5,2018,8995,1,17870.0,4,145,64.2,1.1
5,2018,11389,1,9343.0,4,145,65.7,1.0
6,2019,17140,1,7987.0,4,145,60.1,1.0
6,2019,17000,1,10998.0,4,145,60.1,1.0
6,2019,17290,1,4989.0,4,145,60.1,1.0
5,2013,6780,1,55243.0,4,0,65.7,1.0
6,2017,10491,1,15245.0,4,20,61.4,1.0
5,2016,10877,1,11104.0,4,0,65.7,1.0
6,2018,18891,1,12000.0,4,145,41.5,2.0
6,2014,6625,1,31078.0,4,20,58.9,1.0
5,2016,9600,1,14535.0,4,0,65.7,1.0
6,2015,8699,1,48000.0,0,0,74.3,1.5
5,2013,8080,1,32448.0,4,0,65.7,1.0
6,2017,11498,1,35491.0,0,150,74.3,1.5
0,2014,6298,1,42125.0,4,145,47.1,1.4
6,2017,11998,1,20986.0,4,145,57.7,1.0
5,2017,9998,1,25850.0,4,20,62.8,1.0
9,2017,12498,1,17813.0,0,30,64.2,1.5
5,2017,8955,1,38000.0,4,0,65.7,1.0
6,2016,10955,1,41394.0,0,0,74.3,1.5
2,2016,9495,1,40000.0,0,30,64.2,1.5
5,2018,10750,1,31000.0,0,150,88.3,1.5
5,2018,10000,1,25062.0,4,145,65.7,1.0
9,2016,10250,2,24512.0,0,30,58.9,1.5
6,2018,16491,1,13631.0,4,145,60.1,1.0
13,2019,19787,1,2770.0,4,145,39.2,1.5
5,2014,6940,1,27224.0,0,0,76.4,1.5
5,2018,9591,1,18847.0,4,150,65.7,1.0
12,2017,6521,1,42981.0,4,30,57.7,1.2
5,2018,10291,1,9250.0,4,150,65.7,1.0
5,2017,11531,1,8263.0,4,0,65.7,1.0
13,2017,14790,1,33995.0,0,125,60.1,2.0
6,2016,9301,2,67733.0,0,30,64.2,2.0
6,2019,15700,1,7989.0,4,145,60.1,1.0
6,2015,9491,1,27455.0,0,0,74.3,1.5
6,2017,11491,1,11045.0,4,150,60.1,1.0
11,2013,3991,1,30626.0,4,30,57.7,1.2
5,2014,8191,1,23250.0,4,0,65.7,1.0
5,2018,8991,1,15560.0,4,150,64.2,1.1
6,2017,11491,1,31397.0,4,125,51.4,1.5
13,2016,9681,1,81332.0,0,125,60.1,2.0
5,2016,9295,1,10476.0,4,0,65.7,1.0
10,2016,12157,0,45228.0,0,125,56.6,1.5
5,2017,9491,1,16892.0,4,145,65.7,1.0
5,2017,9950,1,20011.0,4,20,62.8,1.0
0,2016,8030,1,39674.0,4,30,56.5,1.0
11,2016,6451,1,6160.0,4,30,57.7,1.2
5,2018,11540,1,12052.0,4,145,65.7,1.0
5,2013,6740,2,38495.0,4,150,47.9,1.6
5,2018,11180,1,18885.0,4,150,62.8,1.0
13,2018,16010,1,9660.0,4,150,39.2,1.5
5,2017,8570,1,17674.0,4,145,65.7,1.0
12,2017,8311,1,9586.0,4,145,57.7,1.2
5,2018,10040,1,9863.0,4,145,65.7,1.0
15,2017,28000,2,23179.0,4,570,23.5,5.0
0,2013,4960,1,73324.0,0,20,68.9,1.5
5,2017,9400,1,14415.0,4,145,65.7,1.0
5,2017,12041,1,20596.0,4,145,47.9,1.6
5,2018,11640,1,7205.0,4,150,65.7,1.0
6,2017,11880,1,30345.0,0,150,70.6,2.0
2,2018,13990,1,11699.0,4,150,54.3,1.0
2,2019,17480,2,5964.0,4,150,44.1,1.0
5,2018,10300,1,27929.0,4,150,65.7,1.0
14,2016,12830,2,38118.0,0,125,58.9,2.0
5,2018,15890,1,7974.0,4,150,40.3,1.5
12,2017,7850,1,16910.0,4,145,57.7,1.2
5,2017,9991,1,26394.0,4,145,65.7,1.0
12,2017,6990,1,16131.0,4,145,57.7,1.2
5,2017,7911,1,16920.0,4,145,54.3,1.2
5,2018,10771,1,20441.0,4,145,65.7,1.0
12,2018,8220,1,13709.0,4,145,54.3,1.2
3,2018,23740,0,13712.0,0,145,47.9,2.0
6,2017,17977,1,8237.0,4,145,41.5,2.0
6,2015,9791,2,33821.0,4,160,44.8,1.6
6,2017,11990,1,17212.0,0,0,74.3,1.5
5,2018,10491,1,14598.0,4,145,58.9,1.0
5,2014,7131,1,42714.0,4,0,65.7,1.0
13,2019,21490,2,7561.0,0,145,37.2,2.0
5,2019,12990,1,4002.0,4,145,58.9,1.0
5,2013,6260,1,38673.0,4,30,54.3,1.2
5,2018,10991,1,9343.0,4,145,65.7,1.0
13,2019,22620,0,11981.0,0,145,38.7,2.0
6,2019,17490,1,6845.0,4,145,46.3,1.5
5,2014,7250,1,13495.0,4,0,65.7,1.0
6,2018,9980,1,51198.0,0,145,74.3,1.5
6,2017,12880,1,19340.0,0,145,74.3,1.5
5,2014,7965,1,23627.0,4,0,65.7,1.0
0,2017,8495,1,19740.0,4,30,55.4,1.0
5,2015,7695,1,25128.0,4,125,54.3,1.2
5,2017,9150,1,9150.0,4,145,65.7,1.0
5,2013,7500,1,42165.0,4,0,65.7,1.0
13,2017,14855,1,24000.0,0,145,54.3,2.0
5,2016,7850,1,9954.0,4,125,54.3,1.2
5,2017,12695,1,16762.0,4,145,47.9,1.6
1,2015,8295,1,29229.0,0,30,61.4,1.6
6,2018,15795,0,5268.0,0,145,67.3,1.5
5,2016,8995,1,32204.0,4,20,62.8,1.0
13,2018,17520,1,6466.0,4,145,45.6,1.5
5,2019,13140,1,5.0,4,145,48.7,1.1
5,2015,7520,1,43341.0,4,0,65.7,1.0
13,2017,15110,0,4674.0,4,235,38.2,1.5
6,2018,15991,1,13448.0,4,145,51.4,1.5
6,2017,10491,1,29300.0,0,0,74.3,1.5
6,2019,17520,1,100.0,4,145,60.1,1.0
5,2019,16950,1,11000.0,4,145,55.4,1.0
5,2019,16950,1,100.0,4,145,55.4,1.0
8,2016,17990,1,24276.0,0,125,56.5,2.0
5,2013,5981,1,31926.0,4,30,54.3,1.2
5,2015,8491,1,14757.0,4,145,55.4,1.0
5,2014,6090,1,58693.0,4,30,54.3,1.2
5,2016,8230,1,24295.0,4,0,65.7,1.0
5,2017,8850,1,13125.0,4,125,54.3,1.2
12,2018,7951,1,22013.0,4,145,57.7,1.2
12,2018,8321,1,17980.0,4,145,54.3,1.2
9,2017,12931,1,17509.0,4,145,54.3,1.0
5,2016,6800,1,36400.0,4,0,65.7,1.0
12,2018,6690,1,34545.0,4,145,57.7,1.2
5,2014,7760,1,36610.0,4,0,65.7,1.0
5,2017,9790,1,7471.0,4,0,65.7,1.0
12,2018,8710,1,8714.0,4,145,54.3,1.2
5,2016,8340,1,21030.0,4,0,65.7,1.0
5,2016,7791,1,26985.0,4,125,54.3,1.2
5,2014,6340,1,66695.0,4,30,54.3,1.2
5,2017,9267,1,6532.0,4,145,65.7,1.0
5,2016,9350,1,10373.0,4,0,65.7,1.0
6,2019,17520,1,150.0,4,145,60.1,1.0
15,2017,31317,2,9511.0,4,145,23.5,5.0
5,2015,7780,1,43008.0,4,0,65.7,1.0
1,2013,5250,1,94825.0,4,30,55.4,1.0
6,2015,8650,1,47907.0,0,0,74.3,1.5
5,2019,13140,1,4052.0,4,145,60.1,1.0
5,2019,13220,1,6000.0,4,145,56.5,1.0
5,2019,14070,1,44.0,4,145,58.9,1.0
0,2016,7991,2,34924.0,4,160,44.1,1.6
5,2017,9200,1,25182.0,4,20,62.8,1.0
1,2014,6275,1,54724.0,0,30,62.8,1.6
5,2013,6350,1,36289.0,4,0,65.7,1.0
13,2017,14291,1,30306.0,4,160,45.6,1.5
5,2018,12795,1,12501.0,4,145,58.9,1.0
0,2018,7991,1,48631.0,0,150,47.1,1.4
12,2019,8991,1,14286.0,4,150,47.9,1.2
5,2015,7670,1,36626.0,4,0,65.7,1.0
6,2014,7849,1,35136.0,0,20,67.3,1.6
12,2018,8037,1,4101.0,4,145,57.7,1.2
6,2018,11091,1,20745.0,4,145,60.1,1.0
13,2018,16987,1,15925.0,4,145,45.6,1.5
5,2018,11460,1,17076.0,4,145,65.7,1.0
12,2018,8030,1,12309.0,4,145,54.3,1.2
5,2018,13340,1,18433.0,4,145,62.8,1.0
13,2019,19800,1,11000.0,0,145,47.9,2.0
12,2017,6990,1,10790.0,4,145,57.7,1.2
6,2019,15310,1,5308.0,4,145,60.1,1.0
5,2013,5910,1,43577.0,4,30,54.3,1.2
15,2018,33000,2,5064.0,4,145,23.5,5.0
5,2016,7400,1,36923.0,4,0,65.7,1.0
6,2018,12241,1,10627.0,4,145,61.4,1.0
5,2016,7887,1,24153.0,4,0,65.7,1.0
5,2013,6721,1,39859.0,4,0,65.7,1.0
5,2015,7791,1,17456.0,4,125,54.3,1.2
5,2018,11967,1,7076.0,4,145,58.9,1.0
5,2017,8610,1,41037.0,4,0,65.7,1.0
5,2017,7531,1,22282.0,4,145,54.3,1.2
5,2019,11940,1,9985.0,4,145,58.9,1.0
6,2018,18497,1,13933.0,4,145,41.5,2.0
5,2016,9800,1,19333.0,4,0,65.7,1.0
13,2015,10720,1,53362.0,0,125,60.1,2.0
5,2014,7521,1,47220.0,4,0,65.7,1.0
13,2017,14900,1,20857.0,0,145,54.3,2.0
5,2017,7591,1,21922.0,4,145,54.3,1.2
2,2017,10591,1,29814.0,4,125,52.3,1.0
6,2015,7561,1,63630.0,0,20,67.3,1.6
5,2014,6391,1,44637.0,4,30,54.3,1.2
5,2016,9851,1,28581.0,0,0,78.5,1.5
5,2017,11998,1,29124.0,0,145,88.3,1.5
6,2019,16998,1,18040.0,4,145,60.1,1.0
5,2016,8998,1,35064.0,4,0,65.7,1.0
11,2014,5698,1,13294.0,4,30,57.7,1.2
21,2017,17998,1,51252.0,0,200,44.8,2.0
5,2018,9998,1,12280.0,4,145,55.4,1.1
8,2016,18498,1,21744.0,0,125,56.5,2.0
13,2015,12998,0,31916.0,4,235,38.2,1.5
5,2018,9998,1,16567.0,4,145,55.4,1.1
5,2017,10498,1,15293.0,4,20,62.8,1.0
5,2017,10998,1,12273.0,4,20,62.8,1.0
6,2019,14898,1,10868.0,4,145,58.9,1.0
8,2016,16798,1,19406.0,0,125,56.5,2.0
9,2017,11998,1,11663.0,0,30,64.2,1.5
6,2017,17500,1,23678.0,4,145,41.5,2.0
6,2019,16990,1,8668.0,4,150,60.1,1.0
3,2017,19650,2,20397.0,0,165,48.7,2.0
6,2014,6500,1,70584.0,4,30,56.5,1.0
13,2018,18999,2,18000.0,0,150,58.9,1.5
2,2017,12999,1,7453.0,4,125,52.3,1.0
5,2017,8980,1,24000.0,4,0,65.7,1.0
13,2019,11698,2,53825.0,0,145,42.2,2.0
18,2018,15998,1,32077.0,0,145,56.5,2.0
13,2018,16498,1,14779.0,4,145,45.6,1.5
6,2019,18398,0,5949.0,0,145,74.3,1.5
13,2015,13998,1,32544.0,0,145,54.3,2.0
1,2017,10498,1,19926.0,4,150,55.4,1.0
5,2017,9250,2,27133.0,4,0,57.7,1.0
14,2015,10990,1,73197.0,0,20,68.9,2.0
6,2016,10990,1,30353.0,0,0,74.3,1.5
8,2018,18999,2,42164.0,0,145,52.3,2.0
21,2019,18990,1,21529.0,0,145,32.5,2.0
6,2018,13999,2,3407.0,4,145,51.4,1.0
1,2018,14490,1,15317.0,4,145,55.4,1.0
6,2019,16999,1,10000.0,4,145,60.1,1.0
6,2017,10990,1,16548.0,4,20,61.4,1.0
5,2015,7999,1,45837.0,4,125,54.3,1.2
13,2019,18450,1,3781.0,4,145,39.2,1.5
5,2018,11490,1,18485.0,4,145,65.7,1.0
5,2018,10999,1,24608.0,4,145,65.7,1.0
5,2014,6999,1,47269.0,4,30,54.3,1.2
5,2016,8450,1,42450.0,4,125,54.3,1.2
1,2017,9980,1,70860.0,4,30,55.4,1.0
3,2019,31499,2,10300.0,0,145,37.2,2.0
11,2016,5990,1,22543.0,4,30,57.7,1.2
10,2017,15999,1,24712.0,0,30,64.2,1.5
6,2016,15998,1,26950.0,4,200,41.5,2.0
13,2017,14490,1,16629.0,0,30,64.2,1.5
6,2017,12490,1,35981.0,0,0,74.3,1.5
13,2015,14950,1,25014.0,0,145,54.3,2.0
5,2018,10990,1,3331.0,4,145,65.7,1.0
14,2013,7990,1,50083.0,0,125,57.7,2.0
2,2019,16999,2,11538.0,4,150,45.6,1.0
5,2016,10990,2,13942.0,4,150,47.9,1.6
13,2017,15980,2,16414.0,0,150,54.3,2.0
6,2015,9499,1,41200.0,4,20,61.4,1.0
13,2017,15999,2,40682.0,0,150,54.3,2.0
2,2018,10990,1,12743.0,4,145,52.3,1.0
5,2018,10990,1,33500.0,4,145,65.7,1.0
13,2019,18999,1,11407.0,4,145,39.2,1.5
6,2018,13790,1,19910.0,4,145,51.4,1.5
13,2015,11990,1,40902.0,0,125,60.1,2.0
2,2018,15490,1,10708.0,4,145,54.3,1.0
5,2018,12990,1,20859.0,4,145,65.7,1.0
5,2016,9490,1,18005.0,4,125,54.3,1.2
3,2019,27499,0,1657.0,0,145,40.4,2.0
6,2019,17499,1,13462.0,4,145,60.1,1.0
5,2017,11999,1,13985.0,4,145,65.7,1.0
6,2018,13990,1,9500.0,4,145,57.7,1.0
13,2019,18490,1,18694.0,0,145,39.2,2.0
5,2016,9990,1,9562.0,4,0,65.7,1.0
5,2017,10270,1,22295.0,4,145,65.7,1.0
6,2019,17410,1,1546.0,4,145,60.1,1.0
9,2017,12490,1,8121.0,4,145,54.3,1.0
5,2020,16891,1,3862.0,4,150,49.6,1.0
5,2016,9992,2,10251.0,4,0,57.7,1.0
6,2016,22992,1,17515.0,4,235,36.7,2.3
6,2019,17270,1,5250.0,4,145,60.1,1.0
6,2019,17390,1,2072.0,4,145,60.1,1.0
5,2019,13140,1,4570.0,4,145,48.7,1.1
6,2019,17470,1,1120.0,4,145,60.1,1.0
6,2019,17470,1,1152.0,4,145,60.1,1.0
6,2019,17320,1,3850.0,4,145,60.1,1.0
13,2015,9614,1,60904.0,0,205,47.9,2.0
5,2017,8591,1,17082.0,4,150,64.2,1.1
5,2018,11491,1,7652.0,4,150,65.7,1.0
5,2017,8791,1,30368.0,4,0,65.7,1.0
6,2017,11291,1,17555.0,0,0,74.3,1.5
13,2017,15591,1,15219.0,0,150,54.3,2.0
5,2019,14440,1,9525.0,4,145,58.9,1.0
13,2018,12428,1,33230.0,0,145,64.2,1.5
5,2015,8991,1,27035.0,4,20,62.8,1.0
5,2017,7992,1,19493.0,4,145,54.3,1.2
5,2013,6992,2,51086.0,4,145,47.9,1.6
6,2016,9292,2,46636.0,0,0,67.3,1.5
14,2015,12812,0,34241.0,4,200,43.5,1.5
6,2017,16492,1,16449.0,4,200,41.5,2.0
5,2015,6597,1,44787.0,4,125,54.3,1.2
5,2018,9390,1,20834.0,4,145,55.4,1.1
5,2016,9490,1,17707.0,4,0,65.7,1.0
5,2013,5550,1,59817.0,4,30,54.3,1.2
13,2017,14980,1,11855.0,0,145,60.1,2.0
5,2016,8880,1,28595.0,4,0,65.7,1.0
5,2018,10991,1,20390.0,4,145,56.5,1.0
14,2015,8470,1,73991.0,0,30,65.7,2.0
5,2018,9150,1,24046.0,4,145,65.7,1.0
6,2016,10190,1,18560.0,0,0,74.3,1.5
5,2018,9741,1,8647.0,4,150,55.4,1.1
5,2019,13140,1,3950.0,4,145,48.7,1.1
5,2016,8120,1,29867.0,4,0,65.7,1.0
6,2017,16950,1,30815.0,4,145,41.5,2.0
13,2017,14591,1,43239.0,0,145,54.3,2.0
5,2017,10591,2,6217.0,4,145,47.9,1.6
8,2017,16990,1,50446.0,0,125,56.5,2.0
5,2018,10020,1,29874.0,4,145,65.7,1.0
5,2019,13940,1,9137.0,4,145,56.5,1.0
13,2018,18430,0,13733.0,4,145,38.2,1.5
13,2016,14270,1,23544.0,0,125,60.1,2.0
6,2016,9400,1,32718.0,0,0,74.3,1.5
14,2016,11291,1,51139.0,0,30,64.2,2.0
6,2016,9191,1,27763.0,4,20,60.1,1.0
6,2019,15300,1,5660.0,4,145,60.1,1.0
5,2019,13790,1,4571.0,4,145,58.9,1.0
6,2019,17410,1,1714.0,4,145,60.1,1.0
6,2019,17500,1,151.0,4,145,60.1,1.0
6,2017,12050,0,26059.0,4,125,51.4,1.0
6,2018,19747,1,10242.0,4,145,41.5,2.0
6,2017,16250,1,10816.0,4,145,41.5,2.0
5,2016,8687,1,11387.0,4,0,65.7,1.0
5,2015,7610,1,41758.0,0,0,88.3,1.5
6,2015,6250,1,82446.0,0,0,74.3,1.5
6,2019,15590,1,10.0,4,145,60.1,1.0
13,2016,10967,1,16791.0,0,30,64.2,1.5
5,2018,11851,1,10625.0,4,150,65.7,1.0
5,2018,9991,1,10675.0,4,150,64.2,1.1
21,2017,16991,1,48822.0,0,150,44.8,2.0
5,2014,6750,1,40998.0,0,0,76.4,1.5
5,2017,11990,1,27549.0,4,145,47.9,1.6
2,2019,17550,2,4.0,4,145,45.6,1.0
5,2017,10000,1,24205.0,4,145,65.7,1.0
5,2016,7990,1,32917.0,4,0,65.7,1.0
12,2017,7000,1,3172.0,4,30,57.7,1.2
5,2018,10850,1,12394.0,4,145,65.7,1.0
5,2018,11450,1,12709.0,4,145,65.7,1.0
12,2017,7150,1,29383.0,4,30,57.7,1.2
5,2017,9850,1,31623.0,4,0,65.7,1.0
5,2016,6991,1,29775.0,4,125,54.3,1.2
5,2019,16191,1,7942.0,4,145,55.4,1.0
5,2014,5340,1,76298.0,0,0,76.4,1.5
5,2018,12000,1,15287.0,4,145,58.9,1.0
5,2017,8980,1,24466.0,4,145,65.7,1.0
6,2017,11491,1,5178.0,4,20,61.4,1.0
5,2018,10980,1,13672.0,4,145,65.7,1.0
13,2018,17970,1,10718.0,0,145,60.1,2.0
5,2017,9990,1,12691.0,4,145,65.7,1.0
6,2017,12030,0,24776.0,4,145,46.3,1.5
13,2017,11516,1,36311.0,0,30,64.2,1.5
6,2017,10891,1,15725.0,4,20,60.1,1.0
6,2017,15087,1,54631.0,0,20,67.3,2.0
5,2018,14750,1,15891.0,4,145,40.3,1.5
5,2018,11750,1,14927.0,4,145,65.7,1.0
2,2014,6990,1,60381.0,0,30,61.4,1.5
5,2017,9990,1,19571.0,4,145,65.7,1.0
0,2017,9500,1,13909.0,0,145,74.3,1.5
5,2018,10000,1,6820.0,4,145,55.4,1.1
5,2019,20000,1,6841.0,4,145,40.3,1.5
6,2019,19500,0,10679.0,0,145,54.3,1.5
5,2019,18000,1,4863.0,4,145,55.4,1.0
5,2017,7850,1,16210.0,4,150,54.3,1.2
12,2018,8295,1,6313.0,4,150,57.7,1.2
5,2018,13390,1,8000.0,4,150,62.8,1.0
15,2016,26475,1,12000.0,4,570,20.9,5.0
5,2018,9700,1,10326.0,4,145,64.2,1.1
12,2017,7450,1,11500.0,4,145,57.7,1.2
5,2018,8750,1,24545.0,4,145,65.7,1.0
13,2019,19500,1,9386.0,0,145,47.9,2.0
13,2019,20000,1,9191.0,4,145,35.3,1.5
13,2019,18300,1,19026.0,0,145,47.9,2.0
6,2017,10750,1,33196.0,0,145,74.3,1.5
2,2019,17550,2,5.0,4,145,45.6,1.0
5,2018,10990,1,12493.0,4,145,58.9,1.0
6,2015,7590,1,52671.0,0,20,67.3,1.6
6,2019,19790,1,8686.0,0,145,62.8,1.5
6,2016,10991,1,3125.0,4,20,60.1,1.0
13,2015,12960,1,41392.0,4,160,45.6,1.5
6,2019,20491,1,10699.0,4,145,50.4,1.5
6,2019,20090,0,10352.0,0,145,49.6,2.0
14,2018,17991,2,22071.0,0,145,58.9,2.0
6,2019,26250,1,3775.0,4,145,34.5,2.3
8,2017,17999,1,37614.0,0,125,56.5,2.0
0,2015,8499,1,23266.0,0,0,74.4,1.5
5,2017,9399,1,23534.0,4,145,65.7,1.0
5,2017,10999,1,10394.0,4,145,65.7,1.0
13,2019,21995,1,4000.0,0,145,39.2,2.0
5,2017,10246,1,14285.0,4,20,62.8,1.0
5,2018,9987,1,3736.0,4,145,64.2,1.1
5,2017,10350,2,12443.0,4,0,57.7,1.0
5,2016,8495,1,19718.0,4,0,65.7,1.0
5,2013,6695,1,21790.0,4,30,54.3,1.2
6,2018,13750,1,13000.0,4,145,58.9,1.0
6,2016,10695,1,20408.0,4,20,60.1,1.0
5,2017,8750,1,44344.0,4,150,65.7,1.0
5,2018,12595,1,20088.0,4,150,65.7,1.0
5,2016,7595,1,35240.0,4,0,65.7,1.0
5,2018,10250,1,17389.0,4,150,65.7,1.0
3,2018,23495,2,25270.0,0,150,47.9,2.0
1,2016,9450,1,39360.0,0,30,64.2,2.0
12,2019,11999,1,11.0,4,145,43.5,1.2
2,2018,14999,1,9605.0,4,145,54.3,1.0
13,2019,18999,1,9202.0,4,145,39.2,1.5
5,2017,10999,1,7873.0,4,145,65.7,1.0
5,2014,9499,1,42285.0,4,145,47.9,1.6
5,2019,15500,1,4032.0,4,145,56.5,1.0
5,2019,13450,1,11884.0,4,145,58.9,1.0
13,2018,17290,1,18572.0,0,145,64.2,1.5
13,2017,14700,1,13986.0,0,125,60.1,2.0
5,2019,13000,1,12838.0,4,145,56.5,1.0
1,2015,8750,1,29110.0,0,20,68.9,1.5
1,2017,9150,1,29844.0,0,20,68.9,1.5
5,2017,12750,2,12687.0,4,145,54.3,1.0
6,2017,9000,1,54900.0,0,0,74.3,1.5
5,2017,10500,1,6225.0,4,0,65.7,1.0
6,2017,9550,1,28414.0,0,0,74.3,1.5
3,2017,21000,2,21955.0,0,145,47.9,2.0
5,2018,11000,1,12351.0,4,145,65.7,1.0
6,2017,12750,1,3640.0,4,145,60.1,1.0
2,2017,10900,1,22291.0,4,125,52.3,1.0
6,2018,11997,1,15332.0,4,145,61.4,1.0
15,2016,24497,1,38322.0,4,260,34.4,2.3
13,2017,16997,1,6240.0,4,145,45.6,1.5
5,2018,10897,1,7122.0,4,145,64.2,1.1
6,2018,13999,1,10441.0,0,150,74.3,1.5
2,2018,13599,1,19806.0,4,150,54.3,1.0
6,2018,11699,1,31607.0,0,150,74.3,1.5
6,2017,14899,1,28786.0,0,20,67.3,2.0
6,2019,14999,1,4975.0,4,145,58.9,1.0
6,2016,9999,1,42315.0,4,20,60.1,1.0
3,2016,16499,1,44947.0,0,160,48.7,2.0
2,2019,14999,1,5899.0,4,145,51.4,1.0
5,2018,10999,1,5918.0,4,145,55.4,1.1
6,2016,8999,1,45934.0,0,0,74.3,1.5
5,2016,8399,1,27928.0,0,0,78.5,1.5
6,2015,9450,2,20445.0,4,160,44.8,1.6
5,2018,10150,1,8135.0,4,145,65.7,1.0
6,2015,9495,1,20018.0,4,20,60.1,1.0
5,2017,9795,1,12302.0,4,0,65.7,1.0
5,2014,9195,1,18980.0,4,0,65.7,1.0
13,2017,16995,1,19172.0,0,145,60.1,2.0
5,2018,10500,1,23047.0,4,145,65.7,1.0
12,2018,8450,1,17554.0,4,145,54.3,1.2
5,2019,12500,1,17695.0,4,145,56.5,1.0
12,2017,7850,1,11149.0,4,145,57.7,1.2
2,2016,8750,1,25434.0,4,125,52.3,1.0
5,2017,10350,1,18730.0,4,145,65.7,1.0
6,2017,11499,1,21063.0,0,0,74.3,1.5
13,2018,18999,1,13154.0,0,145,60.1,2.0
5,2018,11999,1,9899.0,4,145,65.7,1.0
5,2018,10999,1,5732.0,4,145,55.4,1.1
5,2017,8999,1,34280.0,4,0,65.7,1.0
5,2019,19000,1,7584.0,4,145,58.9,1.0
3,2019,32500,2,1521.0,0,145,37.2,2.0
1,2017,9150,1,29336.0,0,20,68.9,1.5
13,2019,18800,1,14375.0,0,145,47.9,2.0
13,2019,18400,1,7957.0,4,145,34.4,1.5
5,2018,10350,1,6460.0,4,145,64.2,1.1
2,2017,8900,1,40861.0,0,30,64.2,1.5
5,2013,7250,1,28708.0,4,0,65.7,1.0
5,2019,13000,1,35.0,4,145,48.7,1.1
6,2017,12250,1,14554.0,0,145,74.3,1.5
6,2019,15497,1,12378.0,4,145,60.1,1.0
2,2018,13739,1,8230.0,4,145,54.3,1.0
5,2018,10190,1,24417.0,4,145,65.7,1.0
5,2018,10497,1,15968.0,4,145,64.2,1.1
5,2018,10690,1,7114.0,4,145,64.2,1.1
6,2018,13790,1,12047.0,4,145,57.7,1.0
13,2017,15790,1,5509.0,0,145,60.1,2.0
6,2018,11890,1,13914.0,4,145,61.4,1.0
5,2018,9690,1,14961.0,4,145,65.7,1.0
6,2017,12990,1,12822.0,4,145,57.7,1.0
5,2017,9690,1,19725.0,4,145,65.7,1.0
5,2018,9997,1,5777.0,4,145,64.2,1.1
6,2017,12497,1,12206.0,4,145,60.1,1.0
13,2017,16497,1,13378.0,0,145,64.2,1.5
6,2018,15997,1,13794.0,4,145,60.1,1.0
5,2018,13690,1,10223.0,4,145,60.1,1.0
5,2018,11690,1,22477.0,4,145,58.9,1.0
5,2017,7250,1,33810.0,4,125,54.3,1.2
5,2018,9897,1,4868.0,4,145,64.2,1.1
2,2015,7490,1,31779.0,4,160,44.8,1.5
6,2019,14997,1,8745.0,4,145,58.9,1.0
5,2017,7997,1,20158.0,4,145,54.3,1.2
5,2018,9997,1,17476.0,4,145,64.2,1.1
5,2018,9697,1,30611.0,4,145,65.7,1.0
5,2016,6990,1,26138.0,4,125,54.3,1.2
12,2017,7997,1,10094.0,4,145,57.7,1.2
6,2018,11497,1,9379.0,4,145,61.4,1.0
6,2019,17497,1,8493.0,4,145,60.1,1.0
5,2017,10997,1,5508.0,4,145,65.7,1.0
6,2018,13497,1,17860.0,4,145,57.7,1.0
2,2018,13997,1,22084.0,4,145,54.3,1.0
6,2013,5997,1,75032.0,4,20,58.9,1.0
5,2018,11690,1,11483.0,4,145,65.7,1.0
6,2019,17497,1,9321.0,4,145,60.1,1.0
5,2017,7697,1,16886.0,4,125,54.3,1.2
2,2017,10997,1,16683.0,4,145,53.3,1.0
5,2017,8997,1,22040.0,4,0,65.7,1.0
13,2017,14997,1,15746.0,0,145,64.2,1.5
6,2018,12997,1,16568.0,4,145,57.7,1.0
5,2018,10997,1,11651.0,4,145,65.7,1.0
6,2017,11350,1,11892.0,4,145,60.1,1.0
6,2017,10490,1,21044.0,4,145,61.4,1.0
5,2017,9997,1,15220.0,4,145,64.2,1.1
5,2017,8900,1,11521.0,4,145,64.2,1.1
5,2017,8990,1,24872.0,4,145,64.2,1.1
6,2018,16950,1,7687.0,4,145,60.1,1.0
6,2017,10997,1,21136.0,4,20,61.4,1.0
13,2017,16500,1,19444.0,0,145,54.3,2.0
6,2017,10490,1,14576.0,4,20,60.1,1.0
5,2017,8790,1,16143.0,4,125,54.3,1.2
5,2018,10997,1,8389.0,4,145,65.7,1.0
6,2018,13497,1,19293.0,4,145,57.7,1.0
6,2019,16797,1,4523.0,4,145,60.1,1.0
5,2018,9997,1,20670.0,4,145,65.7,1.0
5,2018,11990,1,6952.0,4,145,65.7,1.0
5,2018,9750,1,15696.0,4,145,65.7,1.0
5,2018,9690,1,21175.0,4,145,65.7,1.0
6,2018,13497,1,12928.0,4,145,57.7,1.0
5,2018,11490,1,11876.0,4,145,65.7,1.0
5,2014,6497,1,52293.0,0,0,78.5,1.6
5,2015,7497,1,21747.0,4,125,54.3,1.2
6,2018,13997,1,17734.0,4,145,57.7,1.0
6,2018,11497,1,16558.0,4,145,60.1,1.0
5,2018,9997,1,13040.0,4,145,64.2,1.1
2,2019,14997,1,7810.0,4,145,53.3,1.0
11,2014,5997,1,32385.0,4,30,57.7,1.2
5,2017,10497,1,19200.0,4,145,65.7,1.0
5,2018,9997,1,20507.0,4,145,64.2,1.1
5,2014,9697,1,27864.0,4,145,47.9,1.6
6,2017,10497,1,19686.0,4,145,61.4,1.0
6,2017,9774,1,26437.0,4,145,61.4,1.0
5,2017,8997,1,7987.0,4,145,54.3,1.2
6,2017,10990,1,9667.0,4,145,61.4,1.0
5,2018,9690,1,11667.0,4,145,64.2,1.1
5,2018,9997,1,15683.0,4,145,64.2,1.1
13,2017,17950,1,17689.0,0,145,64.2,1.5
6,2018,18250,1,20132.0,4,145,41.5,2.0
5,2018,10490,1,8256.0,4,145,65.7,1.0
5,2018,9690,1,14562.0,4,145,64.2,1.1
5,2018,10190,1,19686.0,4,145,65.7,1.0
5,2018,10290,1,10845.0,4,145,64.2,1.1
5,2018,10997,1,7689.0,4,145,64.2,1.1
6,2018,10950,1,20191.0,4,145,61.4,1.0
5,2018,9890,1,16390.0,4,145,64.2,1.1
6,2018,13497,1,17804.0,4,145,57.7,1.0
13,2018,15737,1,35831.0,0,145,64.2,1.5
0,2017,8890,1,16803.0,4,30,56.5,1.0
5,2017,9697,1,18250.0,4,145,64.2,1.1
5,2018,10990,1,13474.0,4,145,65.7,1.0
6,2018,14650,1,3943.0,4,145,57.7,1.0
6,2018,11997,1,7269.0,4,145,61.4,1.0
5,2018,9890,1,10109.0,4,145,64.2,1.1
6,2018,13490,1,13842.0,4,145,57.7,1.0
6,2018,14497,1,7255.0,4,145,57.7,1.0
5,2016,8750,1,16421.0,4,0,65.7,1.0
5,2017,11390,2,18331.0,4,145,54.3,1.0
6,2017,10390,1,16122.0,4,145,60.1,1.0
5,2017,10697,1,13130.0,4,145,65.7,1.0
6,2017,10997,1,8915.0,4,145,61.4,1.0
6,2016,9997,1,30085.0,0,0,74.3,1.5
5,2018,10497,1,5786.0,4,145,64.2,1.1
6,2018,11990,1,21567.0,4,145,57.7,1.0
2,2018,14690,1,10816.0,4,145,54.3,1.0
5,2015,6997,1,30901.0,4,30,54.3,1.2
5,2018,11997,1,8159.0,4,145,65.7,1.0
2,2018,12390,1,6369.0,4,145,54.3,1.0
5,2018,10997,1,10956.0,4,145,65.7,1.0
6,2018,12497,1,24396.0,4,145,57.7,1.0
5,2017,8490,1,30178.0,4,145,64.2,1.1
5,2018,14497,1,16601.0,4,145,60.1,1.0
13,2017,16497,1,17407.0,0,145,64.2,1.5
6,2017,10981,1,25782.0,4,145,60.1,1.0
6,2017,10690,1,6321.0,4,145,61.4,1.0
6,2017,8690,1,70143.0,0,145,74.3,1.5
5,2018,9697,1,6327.0,4,145,64.2,1.1
6,2018,13797,1,15230.0,4,145,57.7,1.0
2,2015,8997,1,28985.0,4,160,44.8,1.5
5,2018,12850,1,6127.0,4,145,62.8,1.0
6,2018,14541,1,5050.0,4,145,57.7,1.0
5,2018,9790,1,20146.0,4,145,65.7,1.0
13,2018,17997,1,16284.0,0,145,54.3,1.5
5,2018,15990,1,7874.0,4,145,40.3,1.5
5,2017,8750,1,5262.0,4,125,54.3,1.2
6,2017,10997,1,18676.0,4,145,60.1,1.0
6,2017,15490,1,17988.0,4,145,41.5,2.0
6,2017,11390,1,19419.0,4,145,60.1,1.0
6,2017,9997,1,29942.0,4,145,61.4,1.0
5,2017,8497,1,5806.0,4,145,54.3,1.2
5,2018,10697,1,9823.0,4,145,64.2,1.1
5,2018,9890,1,12875.0,4,145,64.2,1.1
6,2018,11490,1,14991.0,4,145,60.1,1.0
13,2018,16997,1,7654.0,4,145,45.6,1.5
5,2018,11820,1,6732.0,4,145,58.9,1.0
5,2018,10497,1,14455.0,4,145,64.2,1.1
5,2017,9350,1,17027.0,4,145,64.2,1.1
6,2017,16690,1,24692.0,4,145,41.5,2.0
5,2017,9661,1,10864.0,4,145,64.2,1.1
6,2017,11841,1,17434.0,4,145,60.1,1.0
6,2017,10497,1,33274.0,4,145,60.1,1.0
5,2017,8750,1,10458.0,4,145,64.2,1.1
14,2017,18290,0,9641.0,2,145,56.5,2.0
6,2016,23997,1,28170.0,4,235,36.7,2.3
6,2017,27497,1,1973.0,4,235,36.7,2.3
13,2017,14490,1,17957.0,0,125,60.1,2.0
0,2013,6890,1,20881.0,0,20,70.6,1.6
6,2019,17981,1,3892.0,0,145,80.7,1.5
5,2018,11350,1,12981.0,4,145,65.7,1.0
8,2018,18741,0,8878.0,0,145,52.3,2.0
13,2017,13900,1,22139.0,0,30,64.2,1.5
6,2017,10997,1,6348.0,4,20,61.4,1.0
6,2018,16990,1,8348.0,4,145,60.1,1.0
5,2017,8697,1,20518.0,4,125,54.3,1.2
5,2017,10997,1,12425.0,4,20,62.8,1.0
6,2018,12497,1,13589.0,4,145,60.1,1.0
5,2018,11997,1,10131.0,4,145,65.7,1.0
2,2018,13841,1,9398.0,4,145,54.3,1.0
5,2018,10497,1,9615.0,4,145,64.2,1.1
6,2018,20990,1,7122.0,4,145,41.5,2.0
6,2018,16750,1,10561.0,4,145,60.1,1.0
6,2018,14497,1,18608.0,4,145,58.9,1.0
12,2017,6789,1,27914.0,4,150,57.7,1.2
5,2014,7700,2,28882.0,4,145,47.9,1.6
5,2017,8997,1,9965.0,4,125,54.3,1.2
13,2017,15997,1,19744.0,0,145,60.1,2.0
6,2018,13497,1,13588.0,4,145,57.7,1.0
6,2018,11997,1,11502.0,4,145,61.4,1.0
5,2015,6997,1,37090.0,4,0,65.7,1.0
5,2017,8997,1,17616.0,4,125,54.3,1.2
13,2017,17497,1,13416.0,0,125,60.1,2.0
5,2017,7997,1,31803.0,4,125,54.3,1.2
5,2017,8497,1,14487.0,4,145,54.3,1.2
2,2018,12997,1,14868.0,4,145,54.3,1.0
1,2019,12950,0,13807.0,0,145,56.5,1.5
5,2015,8700,2,23459.0,4,145,47.9,1.6
13,2018,17800,0,33421.0,0,145,54.3,2.0
0,2013,5700,1,66449.0,4,30,57.7,1.0
5,2014,6200,1,49939.0,0,0,78.5,1.6
13,2017,16750,1,17035.0,0,145,54.3,2.0
14,2015,8973,1,54803.0,0,20,68.9,2.0
5,2016,12995,0,2874.0,4,0,57.7,1.0
6,2018,17750,1,9836.0,0,145,67.3,2.0
2,2017,10250,1,14554.0,4,125,53.3,1.0
2,2014,8000,1,16323.0,0,30,61.4,1.5
6,2018,11500,1,8286.0,4,150,60.1,1.0
2,2017,9500,1,31691.0,4,125,53.3,1.0
13,2017,14500,1,25951.0,0,150,60.1,2.0
2,2019,16000,1,7684.0,4,150,51.4,1.0
5,2018,10000,1,12490.0,4,150,64.2,1.1
5,2019,12500,1,3685.0,4,150,56.5,1.0
5,2019,11000,1,7775.0,4,145,55.4,1.1
5,2017,8690,1,17932.0,4,125,54.3,1.2
5,2018,9997,1,7469.0,4,145,64.2,1.1
5,2018,9997,1,15464.0,4,145,64.2,1.1
6,2017,9997,1,34606.0,4,145,60.1,1.0
5,2017,7997,1,27838.0,4,125,54.3,1.2
6,2017,10997,1,18980.0,4,145,61.4,1.0
6,2017,10797,1,16546.0,4,145,61.4,1.0
12,2017,7997,1,24427.0,4,145,57.7,1.2
13,2017,13997,1,28930.0,0,30,64.2,1.5
5,2018,12000,1,11201.0,4,145,58.9,1.0
5,2018,11500,1,36775.0,4,145,65.7,1.0
12,2017,7500,1,18055.0,4,145,57.7,1.2
6,2018,14000,2,15983.0,0,145,67.3,1.5
2,2017,10000,1,10133.0,4,150,52.3,1.0
12,2018,7500,1,13647.0,4,150,57.7,1.2
13,2017,16000,1,26931.0,0,150,54.3,2.0
13,2019,21000,1,10889.0,0,150,45.6,1.5
2,2018,13500,1,10654.0,4,145,54.3,1.0
18,2016,16000,1,16030.0,0,125,56.5,2.0
13,2016,14000,1,34986.0,0,145,54.3,2.0
12,2018,8000,1,9193.0,4,145,57.7,1.2
6,2014,7000,1,25462.0,0,20,67.3,1.6
5,2018,10500,1,18459.0,4,145,65.7,1.0
5,2018,10000,1,13547.0,4,150,65.7,1.0
5,2016,8500,1,42195.0,4,20,62.8,1.0
5,2019,14500,1,6659.0,4,145,58.9,1.0
5,2019,14500,1,5650.0,4,145,58.9,1.0
6,2017,16000,1,17000.0,4,200,41.5,2.0
1,2016,9500,2,21065.0,0,20,64.2,1.5
2,2019,14500,1,15500.0,4,145,53.3,1.0
13,2018,16500,1,6000.0,0,145,64.2,1.5
2,2017,10200,1,21114.0,4,125,53.3,1.0
2,2014,8500,1,19671.0,4,125,53.3,1.0
5,2017,9400,1,26000.0,4,150,64.2,1.1
5,2013,8800,1,62000.0,4,150,47.9,1.6
1,2013,6250,1,72937.0,0,30,61.4,1.6
13,2016,15500,1,32600.0,0,145,54.3,2.0
6,2015,8465,2,43450.0,4,160,44.8,1.6
5,2014,5465,1,41638.0,4,30,54.3,1.2
5,2018,11300,1,9601.0,4,145,65.7,1.0
5,2014,7600,1,27741.0,4,0,65.7,1.0
5,2017,9200,1,12759.0,4,125,54.3,1.2
6,2018,13620,1,12180.0,4,145,57.7,1.0
5,2016,9000,1,12944.0,4,125,54.3,1.2
6,2018,16800,1,19388.0,4,145,60.1,1.0
2,2018,14750,1,16197.0,4,145,54.3,1.0
5,2018,10400,1,10978.0,4,145,65.7,1.0
6,2018,14500,1,10755.0,4,145,57.7,1.0
12,2018,8750,1,10388.0,4,145,57.7,1.2
5,2013,6500,1,38609.0,4,0,65.7,1.0
6,2018,13500,1,21825.0,0,145,74.3,1.5
6,2018,13750,1,7565.0,0,145,74.3,1.5
5,2013,7000,1,13969.0,4,30,54.3,1.2
2,2017,10650,1,24178.0,4,145,52.3,1.0
13,2017,15500,1,19027.0,0,145,64.2,1.5
5,2013,5600,1,63884.0,4,30,54.3,1.2
9,2016,11500,1,12548.0,0,30,64.2,1.5
5,2020,19718,1,10.0,4,145,55.4,1.0
6,2018,15500,1,7917.0,4,145,58.9,1.0
5,2017,9310,1,16235.0,4,0,65.7,1.0
12,2018,9000,1,9000.0,4,150,47.9,1.2
2,2017,10000,1,33375.0,0,150,64.2,1.5
13,2019,26000,2,1378.0,0,145,42.2,2.0
2,2019,16100,1,3207.0,4,145,53.3,1.0
6,2019,18000,1,8985.0,4,145,60.1,1.0
5,2019,18000,2,1265.0,4,145,48.7,1.0
5,2016,8800,1,25587.0,4,0,65.7,1.0
6,2017,11700,1,26807.0,4,145,60.1,1.0
5,2018,11200,1,17138.0,4,145,65.7,1.0
5,2017,7860,1,24293.0,4,125,54.3,1.2
5,2015,7160,1,43441.0,0,0,88.3,1.5
6,2015,14465,1,31322.0,4,205,41.5,2.0
5,2016,10497,1,9920.0,0,0,78.5,1.5
5,2015,5999,1,30540.0,4,125,54.3,1.2
2,2016,8999,1,11800.0,4,125,53.3,1.0
5,2013,7710,1,27320.0,4,0,65.7,1.0
6,2014,7695,1,51986.0,0,20,67.3,1.6
5,2018,11000,1,28573.0,4,145,56.5,1.0
5,2015,8495,1,30007.0,4,20,62.8,1.0
5,2016,9190,0,19424.0,4,0,57.7,1.0
6,2016,8830,1,33980.0,0,0,74.3,1.5
6,2017,8500,1,26546.0,4,20,61.4,1.0
5,2018,11300,2,35407.0,4,145,54.3,1.0
5,2018,12000,1,29620.0,4,145,65.7,1.0
5,2018,13500,2,4213.0,4,145,54.3,1.0
13,2014,9000,1,39187.0,0,125,60.1,2.0
3,2017,20000,1,13826.0,0,145,48.7,2.0
13,2015,9000,1,45394.0,0,125,60.1,2.0
5,2018,9000,1,22496.0,4,145,64.2,1.1
5,2017,11298,1,16364.0,4,0,65.7,1.0
5,2017,10998,1,14565.0,4,0,65.7,1.0
1,2017,9798,1,24842.0,4,30,55.4,1.0
6,2017,11498,1,22876.0,0,0,74.3,1.5
5,2017,8998,1,24625.0,4,0,65.7,1.0
5,2013,6298,1,33762.0,4,30,54.3,1.2
6,2016,8398,1,31221.0,4,20,61.4,1.0
8,2017,17995,2,40782.0,0,145,52.3,2.0
13,2017,17495,0,5040.0,4,235,38.2,1.5
6,2017,9795,2,31100.0,4,125,51.4,1.0
5,2017,8797,1,17953.0,4,145,54.3,1.2
5,2016,8690,1,15990.0,4,0,65.7,1.0
6,2017,9990,1,14205.0,4,145,60.1,1.0
6,2017,12997,1,9612.0,4,145,57.7,1.0
5,2017,10971,1,10388.0,4,145,65.7,1.0
5,2017,9350,1,19367.0,4,145,64.2,1.1
6,2017,18690,1,16967.0,4,145,41.5,2.0
5,2019,16690,1,6760.0,4,145,40.3,1.5
6,2018,16750,1,10567.0,4,145,60.1,1.0
14,2015,12941,1,10599.0,4,145,48.7,1.5
5,2018,9490,1,18516.0,4,145,64.2,1.1
6,2018,11890,1,19097.0,4,145,60.1,1.0
6,2017,10497,1,27489.0,4,20,61.4,1.0
5,2018,12995,1,12267.0,4,145,65.7,1.0
6,2018,11980,1,13864.0,4,145,60.1,1.0
5,2013,7980,2,37576.0,4,145,47.9,1.6
13,2017,19998,2,18471.0,0,145,54.3,2.0
6,2019,16998,1,16410.0,4,145,60.1,1.0
6,2018,13998,1,9303.0,4,145,57.7,1.0
6,2019,19898,0,4166.0,0,145,64.2,2.0
13,2017,15498,1,23763.0,0,145,54.3,2.0
6,2018,21798,1,3774.0,4,145,41.5,2.0
5,2019,13998,1,11689.0,4,145,58.9,1.0
6,2017,10998,1,24014.0,0,145,74.3,1.5
5,2013,7298,2,24950.0,4,145,47.9,1.6
14,2017,11998,1,44456.0,0,30,65.7,2.0
6,2019,14798,1,18443.0,4,145,58.9,1.0
6,2017,10890,1,22158.0,4,20,60.1,1.0
6,2013,6790,1,37002.0,4,20,58.9,1.0
6,2016,9890,1,20058.0,0,0,74.3,1.5
12,2018,7797,1,13000.0,4,145,57.7,1.2
18,2017,15990,1,28115.0,0,145,56.5,2.0
6,2019,16997,1,6837.0,4,150,60.1,1.0
6,2018,16997,1,8954.0,4,145,60.1,1.0
5,2015,6995,1,30381.0,4,30,54.3,1.2
12,2018,6995,1,10529.0,4,145,57.7,1.2
13,2017,14998,1,44106.0,0,125,60.1,2.0
13,2017,17298,0,8245.0,4,235,38.2,1.5
13,2018,16998,1,19409.0,0,145,54.3,1.5
13,2019,17498,1,7669.0,4,145,34.4,1.5
6,2017,10998,1,49742.0,0,150,74.3,1.5
6,2016,9470,1,40519.0,0,0,74.3,1.5
13,2014,10298,1,35210.0,4,200,42.8,1.6
5,2016,9998,1,27154.0,4,20,62.8,1.0
5,2017,8998,1,10602.0,4,145,54.3,1.2
2,2017,10498,1,36562.0,4,125,52.3,1.0
6,2016,10995,1,25325.0,4,20,60.1,1.0
5,2018,7995,1,54400.0,4,145,64.2,1.1
5,2018,10000,1,8236.0,4,145,64.2,1.1
0,2017,10500,1,14552.0,4,145,47.1,1.4
6,2016,14500,1,35000.0,4,205,41.5,2.0
0,2014,7795,2,21050.0,4,160,44.1,1.6
0,2017,9998,1,6997.0,4,150,47.1,1.4
9,2017,11498,1,15371.0,4,30,54.3,1.0
6,2018,14990,1,4215.0,4,145,58.9,1.0
12,2016,7995,1,13057.0,4,30,57.7,1.2
6,2016,11280,1,10492.0,4,20,60.1,1.0
2,2016,9495,1,26638.0,4,160,44.8,1.5
5,2017,8995,1,34242.0,4,0,65.7,1.0
0,2013,6495,1,45159.0,4,145,47.1,1.4
2,2015,8845,1,21426.0,4,160,44.8,1.5
0,2017,10995,1,12245.0,4,145,56.5,1.0
0,2015,8495,1,41204.0,4,30,57.7,1.0
5,2015,8995,1,16130.0,4,0,65.7,1.0
6,2018,16998,1,8488.0,0,150,70.6,2.0
1,2016,9998,2,15335.0,0,125,58.9,2.0
9,2015,9998,1,25969.0,0,30,64.2,1.5
5,2018,10498,1,6188.0,4,150,55.4,1.1
1,2017,11498,1,11005.0,4,150,44.1,1.6
6,2018,13498,1,11206.0,4,145,57.7,1.0
5,2017,10498,2,3545.0,4,30,57.7,1.0
5,2015,6998,1,11052.0,4,125,54.3,1.2
5,2016,9798,1,23271.0,4,20,62.8,1.0
5,2016,10498,1,22517.0,4,0,65.7,1.0
5,2018,9990,1,6487.0,4,145,64.2,1.1
5,2018,10750,1,14919.0,4,145,65.7,1.0
5,2018,10497,1,14220.0,4,145,64.2,1.1
6,2018,13341,1,14064.0,4,145,57.7,1.0
6,2018,12997,1,7888.0,4,145,60.1,1.0
5,2017,10650,1,9813.0,4,145,65.7,1.0
13,2017,13990,1,27678.0,0,145,60.1,2.0
5,2017,9997,1,17855.0,4,145,64.2,1.1
6,2017,10490,1,28310.0,4,145,60.1,1.0
13,2017,14490,1,14210.0,0,145,64.2,1.5
6,2015,8998,1,25199.0,0,0,74.3,1.5
13,2019,17998,1,6514.0,0,150,45.6,1.5
6,2015,10298,1,12511.0,4,125,51.4,1.5
6,2016,9599,1,25625.0,0,0,74.3,1.5
5,2017,10898,1,14523.0,4,145,62.8,1.0
5,2014,6797,1,63000.0,4,20,62.8,1.0
6,2017,10797,1,20967.0,4,145,60.1,1.0
6,2018,13997,1,8005.0,4,145,57.7,1.0
5,2017,10397,1,18558.0,4,145,65.7,1.0
2,2019,14390,1,3381.0,4,145,53.3,1.0
5,2018,9997,1,25318.0,4,145,65.7,1.0
6,2018,13497,1,12565.0,4,145,57.7,1.0
6,2017,18997,1,20112.0,4,145,41.5,2.0
5,2017,9997,1,17595.0,4,0,65.7,1.0
6,2019,17890,1,6927.0,4,145,60.1,1.0
13,2015,11995,2,34032.0,0,145,52.3,2.0
6,2019,20695,0,1561.0,0,145,64.2,2.0
13,2019,21500,0,1916.0,4,145,28.8,1.5
6,2018,14700,1,5726.0,4,145,57.7,1.0
5,2018,10000,1,4352.0,4,145,64.2,1.1
5,2020,17500,2,10.0,4,145,48.7,1.0
12,2017,8000,1,29942.0,4,145,57.7,1.2
5,2017,8600,1,32137.0,4,125,54.3,1.2
5,2018,10700,1,20531.0,4,145,65.7,1.0
5,2018,12400,1,4864.0,4,145,60.1,1.0
5,2018,10498,1,8050.0,4,150,55.4,1.1
6,2015,7298,1,44149.0,4,20,60.1,1.0
13,2019,18498,1,9312.0,0,150,54.3,1.5
5,2018,15998,1,19790.0,4,150,40.3,1.5
6,2018,10998,1,21456.0,4,150,60.1,1.0
6,2017,10698,1,41068.0,0,0,74.3,1.5
5,2017,11698,1,9977.0,4,150,65.7,1.0
1,2017,10998,1,24107.0,0,20,68.9,1.5
5,2016,7498,1,35075.0,0,0,78.5,1.5
2,2017,10998,1,8421.0,4,125,53.3,1.0
5,2018,12000,1,9452.0,4,145,65.7,1.0
2,2017,12000,1,10545.0,4,150,52.3,1.0
6,2018,13250,1,14984.0,4,150,57.7,1.0
5,2014,8750,1,35315.0,4,0,65.7,1.0
14,2016,11400,1,43998.0,0,30,64.2,2.0
2,2017,11000,1,22588.0,4,125,52.3,1.0
5,2017,10500,1,22414.0,4,145,65.7,1.0
6,2016,9200,1,43792.0,4,20,61.4,1.0
5,2017,11750,1,15856.0,4,145,65.7,1.0
13,2017,14000,1,36363.0,0,30,64.2,1.5
1,2013,6270,1,27841.0,0,30,61.4,1.6
13,2017,13970,1,14252.0,0,30,64.2,1.5
13,2017,16770,2,9992.0,0,145,54.3,2.0
6,2013,5290,1,65607.0,4,20,58.9,1.0
2,2017,8940,1,23544.0,4,125,52.3,1.0
6,2016,8249,1,34887.0,4,20,60.1,1.0
6,2017,9900,1,26345.0,4,145,61.4,1.0
2,2017,9790,1,15818.0,4,145,53.3,1.0
6,2017,8790,1,41093.0,0,145,74.3,1.5
2,2018,16698,2,3271.0,4,145,48.7,1.0
5,2013,4998,1,72101.0,4,30,54.3,1.2
14,2014,7995,1,57025.0,4,165,44.1,1.6
6,2018,12995,1,7804.0,4,145,57.7,1.0
6,2015,7995,1,48000.0,0,0,74.3,1.5
5,2013,5495,1,63980.0,0,0,76.4,1.5
6,2015,6990,1,66992.0,0,0,74.3,1.5
14,2015,10329,1,37114.0,4,145,48.7,1.5
2,2018,13495,1,13221.0,4,145,53.3,1.0
6,2017,10345,1,31913.0,0,145,74.3,1.5
5,2014,7700,1,28652.0,4,0,65.7,1.0
2,2017,10250,1,26892.0,4,145,52.3,1.0
6,2018,12000,1,11285.0,4,150,60.1,1.0
2,2017,10750,1,17815.0,4,150,52.3,1.0
2,2018,14000,1,20500.0,4,150,54.3,1.0
5,2017,9400,1,27768.0,4,150,64.2,1.1
0,2014,7000,2,34732.0,4,160,44.1,1.6
5,2019,16000,1,1702.0,4,145,55.4,1.0
6,2017,10380,1,22945.0,4,145,61.4,1.0
5,2017,8700,1,21218.0,4,150,54.3,1.2
13,2016,14250,1,22015.0,0,125,60.1,2.0
5,2015,6998,1,19505.0,4,0,65.7,1.0
5,2017,9898,1,28741.0,4,20,62.8,1.0
1,2017,11298,1,18492.0,0,20,68.9,1.5
6,2019,14698,1,17640.0,4,150,58.9,1.0
13,2017,16998,0,7293.0,4,150,38.2,1.5
2,2017,9998,1,25050.0,4,125,53.3,1.0
1,2017,11998,1,20646.0,0,150,68.9,1.5
1,2017,10698,1,31743.0,0,20,68.9,1.5
6,2018,13500,1,24417.0,4,145,57.7,1.0
12,2018,8800,1,13220.0,4,145,57.7,1.2
12,2018,8750,1,8355.0,4,145,57.7,1.2
5,2015,7895,2,36003.0,4,145,47.9,1.6
5,2015,10795,1,21529.0,4,145,47.9,1.6
8,2017,17995,1,27769.0,0,125,56.5,2.0
5,2018,11200,1,12064.0,4,145,65.7,1.0
13,2018,16601,2,22508.0,0,150,54.3,2.0
12,2018,8990,1,8411.0,4,145,54.3,1.2
5,2016,8990,1,14088.0,4,0,65.7,1.0
5,2017,10990,1,10185.0,4,150,65.7,1.0
1,2016,9990,1,37249.0,0,20,68.9,1.5
2,2018,14490,1,10426.0,4,150,54.3,1.0
18,2017,19490,2,21021.0,0,145,51.4,2.0
5,2018,10990,1,30304.0,4,145,56.5,1.0
13,2016,14990,2,45472.0,0,145,54.3,2.0
13,2019,18990,1,5003.0,4,145,39.2,1.5
6,2014,7676,1,35201.0,4,30,56.5,1.0
11,2014,4560,1,35824.0,4,30,57.7,1.2
6,2016,14237,1,25780.0,0,20,67.3,2.0
6,2018,14280,1,8900.0,4,145,57.7,1.0
0,2016,8180,1,25558.0,4,30,55.4,1.0
13,2017,16990,2,19016.0,0,145,54.3,2.0
5,2014,7090,1,28877.0,4,0,65.7,1.0
6,2013,5902,1,57890.0,0,20,67.3,1.6
5,2016,9698,1,23484.0,4,20,62.8,1.0
5,2017,11998,2,5863.0,4,0,57.7,1.0
5,2018,14000,1,17406.0,4,145,65.7,1.0
1,2017,11500,1,12951.0,0,20,68.9,1.5
13,2017,16500,1,23000.0,0,125,60.1,2.0
2,2016,10250,1,29387.0,0,30,64.2,1.5
5,2016,10000,1,5501.0,4,125,54.3,1.2
6,2017,11000,1,10053.0,4,145,60.1,1.0
5,2017,12000,1,12478.0,4,145,65.7,1.0
1,2018,10298,1,26996.0,4,145,55.4,1.0
5,2015,8698,1,21672.0,4,0,65.7,1.0
20,2017,15998,0,6051.0,0,145,56.6,1.5
5,2017,8798,1,13761.0,4,125,54.3,1.2
13,2017,14498,1,18597.0,0,125,60.1,2.0
18,2015,15698,1,13300.0,4,160,43.5,1.5
13,2019,17849,1,15281.0,0,145,38.2,2.0
6,2018,12390,1,3345.0,4,145,61.4,1.0
5,2017,10280,1,22878.0,4,145,65.7,1.0
13,2017,17420,2,25003.0,0,145,54.3,2.0
6,2019,13990,1,15178.0,4,145,60.1,1.0
5,2017,8991,1,14615.0,4,150,64.2,1.1
0,2013,5572,2,55920.0,4,165,44.1,1.6
5,2017,9498,1,13705.0,0,0,78.5,1.5
1,2017,8998,1,46400.0,0,20,68.9,1.5
9,2016,10798,2,16541.0,0,30,58.9,1.5
6,2016,9298,1,46377.0,0,0,74.3,1.5
5,2017,11698,1,11760.0,4,20,62.8,1.0
5,2016,10498,1,9906.0,4,20,62.8,1.0
21,2016,19498,1,30382.0,0,235,44.1,2.0
21,2016,16998,1,45668.0,0,200,44.8,2.0
18,2017,18298,2,12232.0,0,125,52.3,2.0
13,2019,19498,2,11245.0,0,150,47.9,2.0
5,2018,10298,1,10578.0,4,150,55.4,1.1
5,2015,6210,1,45258.0,4,125,54.3,1.2
5,2015,8290,1,31024.0,4,0,65.7,1.0
0,2016,8100,1,6768.0,4,145,47.1,1.4
6,2014,6780,1,44081.0,4,20,58.9,1.0
1,2016,7480,1,51838.0,0,20,68.9,1.5
6,2016,9499,1,35529.0,4,20,60.1,1.0
5,2016,8750,1,33434.0,4,20,62.8,1.0
9,2017,11998,1,29396.0,0,30,64.2,1.5
5,2018,10298,1,13148.0,4,150,55.4,1.1
2,2017,9998,2,31788.0,4,165,44.8,1.5
9,2017,10998,1,48934.0,4,150,54.3,1.0
1,2017,9998,1,23046.0,0,20,68.9,1.5
1,2017,9998,1,25003.0,4,30,55.4,1.0
5,2017,9998,1,21314.0,4,150,65.7,1.0
6,2017,9500,1,21861.0,0,0,74.3,1.5
5,2015,8360,1,9892.0,4,0,65.7,1.0
11,2014,4650,1,34000.0,4,30,57.7,1.2
6,2013,6100,1,48659.0,4,20,58.9,1.0
5,2015,6490,1,26822.0,4,125,54.3,1.2
6,2013,5960,1,55253.0,0,20,67.3,1.6
5,2019,17490,1,1220.0,4,145,40.3,1.5
6,2017,12990,1,11233.0,0,145,74.3,1.5
6,2019,15690,1,10000.0,0,145,74.3,1.5
13,2020,25490,1,1128.0,0,145,39.2,2.0
5,2016,10490,1,21832.0,4,20,62.8,1.0
6,2020,22990,0,185.0,0,145,54.3,1.5
13,2017,15495,2,22704.0,0,150,54.3,2.0
14,2015,7999,1,82094.0,0,20,68.9,2.0
6,2019,18999,1,2200.0,4,145,49.6,1.0
13,2019,21595,1,7980.0,4,145,39.2,1.5
5,2018,12350,1,23800.0,0,145,58.9,1.5
6,2014,6701,1,50000.0,0,0,76.4,1.6
5,2017,8400,1,38524.0,4,145,65.7,1.0
5,2013,6100,1,35183.0,4,30,54.3,1.2
5,2016,10200,1,15143.0,4,0,65.7,1.0
6,2015,8000,1,51194.0,0,0,74.3,1.5
5,2016,8930,1,13492.0,4,0,65.7,1.0
5,2017,10170,1,10485.0,4,145,65.7,1.0
5,2014,4801,1,90000.0,4,30,54.3,1.2
6,2015,7981,1,40000.0,4,20,60.1,1.0
5,2017,9690,1,25644.0,4,0,65.7,1.0
13,2017,12498,1,29430.0,0,30,64.2,1.5
6,2014,8698,1,23540.0,4,20,60.1,1.0
2,2017,9498,1,15572.0,4,125,52.3,1.0
6,2017,13298,1,9162.0,4,125,51.4,1.5
13,2015,9498,1,45309.0,0,125,60.1,2.0
5,2016,10998,2,662.0,4,0,57.7,1.0
1,2017,10498,1,15454.0,0,20,68.9,1.5
6,2019,14598,1,13882.0,4,145,58.9,1.0
13,2018,18498,1,10557.0,4,145,39.2,1.5
5,2017,11998,1,7210.0,4,0,65.7,1.0
5,2019,12220,1,9526.0,4,145,56.5,1.0
5,2018,11000,1,33763.0,4,145,56.5,1.0
2,2019,14491,1,6453.0,4,145,53.3,1.0
0,2016,5991,1,56818.0,0,20,68.9,1.5
5,2017,8291,1,18934.0,4,125,54.3,1.2
5,2014,6891,1,30595.0,4,0,65.7,1.0
13,2016,15991,0,6446.0,4,240,38.2,1.5
2,2017,10490,1,20651.0,4,125,52.3,1.0
2,2017,8991,1,15775.0,4,145,44.8,1.5
5,2017,9210,1,18256.0,4,145,65.7,1.0
5,2017,12991,1,9476.0,4,150,47.9,1.6
5,2016,7991,1,11904.0,4,125,54.3,1.2
5,2015,10159,1,42391.0,4,145,47.9,1.6
0,2017,9840,2,21812.0,4,160,44.1,1.6
0,2016,8137,1,22034.0,0,0,74.4,1.5
6,2017,17750,1,19510.0,0,20,67.3,2.0
6,2019,17520,1,3758.0,4,145,60.1,1.0
6,2019,19230,1,2894.0,4,145,60.1,1.0
6,2019,17390,1,3058.0,4,145,60.1,1.0
5,2018,10991,1,25943.0,4,145,65.7,1.0
5,2019,14287,1,10013.0,4,145,58.9,1.0
6,2019,26030,1,3919.0,4,145,34.5,2.3
6,2019,19300,0,2662.0,0,145,50.4,1.5
6,2019,20390,0,6644.0,0,145,49.6,2.0
8,2019,26430,1,9129.0,0,145,55.4,2.0
6,2019,17200,1,6984.0,0,145,61.4,1.5
6,2019,17800,1,4487.0,0,145,62.8,2.0
18,2019,27480,1,6656.0,0,145,54.3,2.0
5,2018,10530,1,13674.0,4,145,58.9,1.0
5,2016,7790,1,18859.0,4,125,54.3,1.2
6,2019,17410,1,2117.0,4,145,60.1,1.0
6,2019,17520,1,4892.0,4,145,60.1,1.0
6,2019,17390,1,2905.0,4,145,60.1,1.0
5,2016,8760,1,21578.0,4,0,65.7,1.0
5,2016,9230,2,20940.0,4,145,47.9,1.6
8,2016,16387,1,25405.0,0,125,56.5,2.0
13,2017,15160,0,15368.0,4,235,38.2,1.5
6,2018,15500,1,10286.0,4,145,58.9,1.0
5,2019,17530,2,15.0,4,145,48.7,1.0
6,2017,11200,1,11133.0,0,145,74.3,1.5
6,2015,7871,1,37012.0,4,20,61.4,1.0
13,2017,15791,1,40984.0,0,145,54.3,2.0
13,2016,9950,1,67648.0,0,125,60.1,2.0
13,2017,13999,1,23915.0,0,150,64.2,1.5
5,2017,10450,1,15443.0,4,150,65.7,1.0
12,2017,7991,1,2271.0,4,145,57.7,1.2
5,2013,6080,1,58804.0,4,0,65.7,1.0
14,2016,9970,1,54719.0,0,0,78.5,1.5
6,2016,15291,1,36706.0,0,20,67.3,2.0
0,2015,7620,2,42540.0,4,160,44.1,1.6
5,2018,9291,1,7147.0,4,145,64.2,1.1
2,2017,8791,1,24688.0,4,125,52.3,1.0
5,2015,8222,1,25550.0,4,0,65.7,1.0
5,2015,6590,1,42031.0,4,125,54.3,1.2
5,2016,9470,1,16795.0,4,0,65.7,1.0
8,2017,19840,2,28613.0,0,145,52.3,2.0
6,2015,7600,1,46660.0,0,0,74.3,1.5
6,2019,17300,1,5294.0,4,145,60.1,1.0
6,2019,16730,1,4725.0,4,145,58.9,1.0
6,2017,12410,1,4948.0,0,145,74.3,1.5
14,2017,17080,0,27498.0,2,145,56.5,2.0
0,2015,7870,1,21482.0,0,0,74.4,1.5
8,2017,17990,1,28310.0,0,125,56.5,2.0
5,2016,8880,1,38737.0,4,20,62.8,1.0
6,2016,7500,1,70709.0,0,0,74.3,1.5
5,2017,9130,1,29466.0,4,0,65.7,1.0
12,2017,6710,1,32726.0,4,30,57.7,1.2
16,2020,19991,1,2475.0,4,145,50.4,1.0
12,2017,6800,1,24613.0,4,30,57.7,1.2
2,2017,10361,1,20846.0,4,125,52.3,1.0
5,2017,7750,1,23355.0,4,125,54.3,1.2
6,2019,17450,1,4650.0,4,145,60.1,1.0
5,2017,9450,1,25082.0,4,145,64.2,1.1
6,2018,12950,1,21149.0,4,145,57.7,1.0
5,2014,6450,1,30147.0,4,0,65.7,1.0
6,2017,8950,1,35450.0,4,145,60.1,1.0
2,2018,12450,1,8911.0,4,145,54.3,1.0
6,2019,14450,1,8508.0,4,145,58.9,1.0
6,2015,8151,1,65121.0,0,0,74.3,1.5
5,2016,5991,1,70658.0,0,0,78.5,1.5
11,2014,4890,1,14512.0,4,30,57.7,1.2
13,2017,13491,1,35417.0,0,125,60.1,2.0
12,2018,7991,1,7768.0,4,145,57.7,1.2
5,2018,10491,1,15946.0,4,145,65.7,1.0
5,2017,9491,1,29743.0,4,145,65.7,1.0
2,2017,9991,1,19031.0,4,150,52.3,1.0
2,2017,10991,1,20962.0,4,125,53.3,1.0
5,2018,10991,1,10169.0,4,150,65.7,1.0
5,2017,8450,1,17294.0,4,0,65.7,1.0
13,2017,13750,1,26452.0,0,30,64.2,1.5
13,2017,14750,1,15093.0,0,145,64.2,1.5
5,2018,9450,1,11625.0,4,145,65.7,1.0
6,2014,7950,1,23691.0,4,20,60.1,1.0
2,2016,8950,1,23444.0,0,30,64.2,1.5
5,2019,14750,1,5775.0,4,145,58.9,1.0
2,2019,15529,1,3646.0,4,145,51.4,1.0
5,2018,9450,1,19432.0,4,145,64.2,1.1
5,2018,11250,1,11410.0,4,145,65.7,1.0
5,2018,9450,1,14600.0,4,145,64.2,1.0
12,2017,8450,1,10455.0,4,145,57.7,1.2
5,2014,7950,1,23583.0,4,0,65.7,1.0
2,2017,10450,1,13308.0,4,145,53.3,1.0
5,2016,6950,1,29699.0,4,125,54.3,1.2
5,2018,10250,1,20761.0,4,145,65.7,1.0
5,2018,9750,1,15789.0,4,145,64.2,1.1
6,2018,10999,1,12528.0,4,145,61.4,1.0
13,2018,14450,1,16026.0,0,145,64.2,1.5
1,2019,16950,2,734.0,4,145,36.7,1.5
9,2017,10850,1,26967.0,4,30,54.3,1.0
6,2017,12950,1,14842.0,4,145,57.7,1.0
13,2018,14450,1,15664.0,0,145,64.2,1.5
6,2017,10250,1,24659.0,0,0,74.3,1.5
5,2018,10950,1,10307.0,4,145,65.7,1.0
6,2018,12999,1,12428.0,4,145,57.7,1.0
6,2017,11253,1,9793.0,4,145,61.4,1.0
13,2017,14590,1,12444.0,0,145,64.2,1.5
5,2016,8650,1,10581.0,4,0,65.7,1.0
5,2016,7950,1,16674.0,4,125,54.3,1.2
2,2017,8950,1,17134.0,4,160,44.8,1.5
6,2018,12650,1,18442.0,4,145,57.7,1.0
6,2017,11999,1,14662.0,4,145,60.1,1.0
5,2018,10250,1,9731.0,4,145,64.2,1.1
5,2018,10250,1,9001.0,4,145,65.7,1.0
5,2016,8450,1,29303.0,4,0,65.7,1.0
5,2017,7950,1,17437.0,4,125,54.3,1.2
5,2018,11456,1,2837.0,4,145,65.7,1.0
5,2017,9659,1,9705.0,4,145,64.2,1.1
13,2017,14450,1,13750.0,0,145,64.2,1.5
6,2018,19450,1,12250.0,4,145,41.5,2.0
5,2018,9850,1,6831.0,4,145,64.2,1.1
6,2018,13650,1,8761.0,4,145,57.7,1.0
6,2018,13250,1,13638.0,4,145,57.7,1.0
6,2018,13450,1,17897.0,4,145,57.7,1.0
6,2019,16950,1,9212.0,4,145,60.1,1.0
5,2018,10638,1,13222.0,4,145,65.7,1.0
5,2018,9407,1,18515.0,4,145,64.2,1.1
6,2019,16450,1,6108.0,4,145,49.6,1.0
5,2017,7999,1,19353.0,4,125,54.3,1.2
6,2018,10750,1,18954.0,4,145,61.4,1.0
6,2017,10950,1,15640.0,4,145,61.4,1.0
6,2017,10950,1,14301.0,4,145,61.4,1.0
5,2018,10708,1,8949.0,4,145,65.7,1.0
5,2018,10450,1,21919.0,4,145,65.7,1.0
6,2018,12950,1,15442.0,4,145,57.7,1.0
13,2019,16950,1,11048.0,0,145,54.3,1.5
5,2014,6950,1,24796.0,4,0,65.7,1.0
5,2018,10750,1,9976.0,4,145,64.2,1.1
13,2015,12950,1,18146.0,4,160,45.6,1.5
14,2017,12950,2,30191.0,0,125,58.9,2.0
5,2018,10950,1,12458.0,4,145,65.7,1.0
5,2015,5750,1,39329.0,4,125,54.3,1.2
5,2018,10750,1,8319.0,4,150,64.2,1.1
5,2014,5890,1,40687.0,4,0,65.7,1.0
5,2014,7170,1,45018.0,4,0,65.7,1.0
13,2017,14550,0,7843.0,4,235,38.2,1.5
5,2019,13140,1,3087.0,4,145,48.7,1.1
5,2019,13030,1,3254.0,4,145,48.7,1.1
6,2019,17790,1,5920.0,4,145,60.1,1.0
13,2019,18000,1,12174.0,0,145,47.9,2.0
5,2019,15910,1,5793.0,4,145,58.9,1.0
6,2017,9620,0,25668.0,4,125,51.4,1.0
5,2015,7791,1,25233.0,0,0,78.5,1.5
5,2018,11750,1,6091.0,4,145,65.7,1.0
13,2016,11750,1,27544.0,0,125,60.1,2.0
5,2018,11950,1,7761.0,4,145,58.9,1.0
6,2018,13950,1,10467.0,4,145,57.7,1.0
5,2018,10950,1,17090.0,4,145,65.7,1.0
6,2018,11250,1,12302.0,4,145,61.4,1.0
6,2019,15950,1,6283.0,4,145,60.1,1.0
13,2016,13250,1,42573.0,0,145,54.3,2.0
6,2017,12247,1,9865.0,4,145,60.1,1.0
5,2019,18450,1,3969.0,4,145,40.3,1.5
6,2017,9999,1,20613.0,4,145,60.1,1.0
6,2018,13617,1,7166.0,4,145,57.7,1.0
13,2018,15450,1,14943.0,0,145,54.3,1.5
13,2017,13461,1,25267.0,0,145,64.2,1.5
5,2017,10750,1,18363.0,0,145,78.5,1.5
6,2018,17450,1,9633.0,0,145,67.3,2.0
6,2018,13450,1,19729.0,4,145,57.7,1.0
5,2014,6999,1,25495.0,4,30,54.3,1.2
6,2016,11450,1,16006.0,4,20,60.1,1.0
12,2018,8450,1,10432.0,4,145,57.7,1.2
5,2017,9491,1,29414.0,4,145,65.7,1.0
5,2017,7999,1,14748.0,4,125,54.3,1.2
5,2018,9950,1,7282.0,4,145,64.2,1.1
6,2019,15750,1,4637.0,4,145,60.1,1.0
5,2018,9999,1,4997.0,4,145,64.2,1.1
5,2018,9950,1,15155.0,4,145,64.2,1.1
5,2017,9660,1,23448.0,4,0,65.7,1.0
6,2019,15920,1,4798.0,4,145,49.6,1.0
2,2018,14090,1,13399.0,4,145,54.3,1.0
6,2018,19766,1,5071.0,4,145,41.5,2.0
13,2017,14266,1,16212.0,0,145,64.2,1.5
13,2018,16950,1,17027.0,0,145,54.3,1.5
13,2017,13950,1,24425.0,0,145,64.2,1.5
6,2018,13157,1,12967.0,4,145,57.7,1.0
13,2018,17750,1,14888.0,0,145,60.1,2.0
5,2017,8368,1,12133.0,4,145,65.7,1.0
6,2017,10750,1,14436.0,4,20,60.1,1.0
5,2018,10950,1,7100.0,4,145,65.7,1.0
5,2018,11450,1,16498.0,4,145,65.7,1.0
13,2018,14450,1,14671.0,0,145,64.2,1.5
13,2019,22750,0,4903.0,0,145,42.2,2.0
5,2019,13491,1,2957.0,4,145,58.9,1.0
5,2018,10070,1,12180.0,4,145,65.7,1.0
6,2019,15490,1,7885.0,0,145,74.3,1.5
13,2019,19590,1,13532.0,0,145,47.9,2.0
5,2015,7390,1,17499.0,0,0,78.5,1.5
6,2019,15763,0,11773.0,0,145,74.3,1.5
5,2016,8221,1,27695.0,4,0,65.7,1.0
2,2019,15740,1,4933.0,4,150,51.4,1.0
2,2016,8430,1,37775.0,0,30,64.2,1.5
13,2018,13500,1,23393.0,0,145,54.3,1.5
21,2019,18995,1,25587.0,0,145,32.5,2.0
5,2013,7353,2,30015.0,4,145,47.9,1.6
6,2018,11999,1,30699.0,4,145,50.4,1.5
6,2018,15498,1,27654.0,0,145,80.7,1.5
6,2018,11698,1,19359.0,4,145,61.4,1.0
13,2018,17498,0,14337.0,4,145,38.2,1.5
5,2016,7495,1,20970.0,4,125,54.3,1.2
5,2018,10690,1,22988.0,4,145,56.5,1.0
5,2016,8650,1,30104.0,4,0,65.7,1.0
13,2018,16950,1,24943.0,0,145,54.3,1.5
0,2016,8990,1,23653.0,0,20,70.6,1.6
5,2017,9998,1,40176.0,0,145,88.3,1.5
2,2017,10298,1,8935.0,4,165,44.8,1.5
5,2017,8498,1,5215.0,4,125,54.3,1.2
1,2017,10298,1,24455.0,4,150,55.4,1.0
13,2018,16998,1,25753.0,0,150,54.3,1.5
5,2018,10495,1,21328.0,4,145,56.5,1.0
5,2018,10495,1,23444.0,4,145,56.5,1.0
5,2015,6197,1,29164.0,4,125,54.3,1.2
5,2015,8990,2,20920.0,4,150,47.9,1.6
5,2014,6995,1,64406.0,0,0,76.4,1.5
13,2017,14147,1,30685.0,0,145,54.3,2.0
5,2019,13995,1,15.0,4,145,55.4,1.1
5,2016,9995,1,18234.0,4,20,62.8,1.0
5,2017,9995,1,6002.0,4,150,65.7,1.0
2,2017,11495,2,9258.0,4,160,44.8,1.5
18,2016,17995,2,34606.0,0,145,52.3,2.0
6,2019,21995,1,10.0,4,145,49.6,1.0
6,2019,16495,0,11689.0,4,145,48.7,1.0
5,2015,8795,1,9827.0,4,0,65.7,1.0
0,2013,5795,1,44190.0,4,30,55.4,1.0
6,2019,16995,1,10000.0,0,145,74.3,1.5
2,2018,11995,1,6918.0,4,145,54.3,1.0
2,2017,9995,1,12055.0,4,125,53.3,1.0
13,2018,16950,2,28624.0,0,145,58.9,1.5
5,2017,7672,1,13450.0,4,125,54.3,1.2
5,2017,7950,1,33622.0,4,125,54.3,1.2
5,2018,9671,1,8131.0,4,145,64.2,1.1
6,2018,12250,1,8586.0,4,145,60.1,1.0
13,2018,15250,1,12271.0,0,145,64.2,1.5
5,2016,7999,1,22484.0,4,125,54.3,1.2
6,2017,11450,1,18095.0,4,145,60.1,1.0
13,2019,20395,1,5500.0,4,145,35.3,1.5
16,2020,21495,1,10.0,4,145,50.4,1.0
13,2018,16297,1,9500.0,4,145,45.6,1.5
6,2013,5297,1,69420.0,4,30,56.5,1.0
5,2018,9350,1,13050.0,4,145,65.7,1.0
5,2017,8650,1,7207.0,4,145,54.3,1.2
1,2018,14250,1,8147.0,4,145,48.7,1.0
6,2018,12950,1,15916.0,4,145,57.7,1.0
5,2018,11950,1,15253.0,4,145,58.9,1.0
5,2018,9850,1,6169.0,4,145,64.2,1.1
5,2018,9950,1,10405.0,4,145,64.2,1.1
5,2018,9850,1,5789.0,4,145,64.2,1.1
5,2018,9997,1,17887.0,4,145,64.2,1.1
9,2013,6597,1,35765.0,0,125,60.1,1.6
6,2017,9497,1,32688.0,4,20,61.4,1.0
5,2018,11997,1,14467.0,4,145,65.7,1.0
5,2018,10597,1,11224.0,4,145,65.7,1.0
6,2018,11997,1,13146.0,4,145,60.1,1.0
12,2019,10495,1,1850.0,4,145,43.5,1.2
2,2019,17495,1,4220.0,4,150,52.3,1.0
6,2018,12795,1,18569.0,4,150,57.7,1.0
1,2017,13495,1,7256.0,4,30,55.4,1.0
6,2019,17495,1,11885.0,4,150,49.6,1.0
6,2019,17495,1,11939.0,4,150,49.6,1.0
6,2017,8498,1,51643.0,4,20,61.4,1.0
6,2018,13698,1,23732.0,4,145,60.1,1.0
0,2016,9498,1,14853.0,0,0,74.4,1.5
5,2018,10397,1,7101.0,4,145,64.2,1.1
5,2017,9597,1,19611.0,4,0,65.7,1.0
5,2018,10897,1,11148.0,4,145,65.7,1.0
6,2018,10597,1,17916.0,4,145,61.4,1.0
5,2018,9897,1,13647.0,4,145,64.2,1.1
5,2018,10897,1,17244.0,4,145,58.9,1.0
5,2018,11197,1,6939.0,4,145,65.7,1.0
5,2018,9997,1,18220.0,4,145,64.2,1.1
2,2018,13697,1,16815.0,0,145,68.9,1.5
13,2018,17997,1,3584.0,0,145,47.9,2.0
6,2016,7897,1,52570.0,0,0,74.3,1.5
5,2017,9697,1,24009.0,4,20,62.8,1.0
13,2017,13697,1,22096.0,0,30,64.2,1.5
5,2018,9297,1,14289.0,4,145,64.2,1.1
6,2018,13897,1,9174.0,4,145,57.7,1.0
5,2018,10950,1,7804.0,4,145,65.7,1.0
5,2018,9950,1,4527.0,4,145,64.2,1.1
5,2017,10625,1,17045.0,4,145,65.7,1.0
6,2017,10450,1,15267.0,4,145,60.1,1.0
5,2017,9650,1,18653.0,4,145,65.7,1.0
6,2018,13997,1,12655.0,4,145,57.7,1.0
5,2018,8950,1,14821.0,4,145,64.2,1.1
5,2019,13497,1,2218.0,4,145,58.9,1.0
6,2017,11997,1,10708.0,4,145,60.1,1.0
6,2018,14497,1,7066.0,4,145,57.7,1.0
12,2017,7697,1,19701.0,4,145,57.7,1.2
6,2019,15597,1,7231.0,4,145,60.1,1.0
6,2016,16597,1,19065.0,4,200,41.5,2.0
2,2017,10497,1,13910.0,4,145,53.3,1.0
5,2016,7397,1,28095.0,4,125,54.3,1.2
2,2018,13997,1,13157.0,4,145,51.4,1.0
5,2014,6897,1,27361.0,4,0,65.7,1.0
6,2018,14497,1,4212.0,4,145,57.7,1.0
6,2018,18998,1,10901.0,4,145,41.5,2.0
13,2018,14997,1,17185.0,0,145,64.2,1.5
5,2015,7250,2,47560.0,4,145,47.9,1.6
8,2017,18425,0,28997.0,0,145,52.3,2.0
5,2017,9550,1,7314.0,4,145,64.2,1.1
6,2019,17325,1,6325.0,4,145,60.1,1.0
5,2016,9797,2,17970.0,4,0,57.7,1.0
5,2019,11950,1,14796.0,4,145,56.5,1.0
5,2018,9250,1,8248.0,4,145,64.2,1.1
13,2018,16850,1,15065.0,4,145,45.6,1.5
5,2018,10597,1,5643.0,4,145,64.2,1.1
6,2018,18950,1,7777.0,4,145,41.5,2.0
6,2018,13150,1,5055.0,4,145,57.7,1.0
6,2018,17850,1,8781.0,4,145,41.5,2.0
5,2017,9750,1,17796.0,4,145,65.7,1.0
6,2016,11625,2,15618.0,4,125,51.4,1.0
6,2019,21925,0,5998.0,0,145,64.2,2.0
6,2018,11250,1,19338.0,4,145,61.4,1.0
6,2019,17725,1,10857.0,0,145,74.3,1.5
5,2018,9150,1,31925.0,4,145,65.7,1.0
12,2017,7550,1,14371.0,4,145,57.7,1.2
2,2018,15997,2,4385.0,4,145,48.7,1.0
5,2018,9995,1,23421.0,4,145,56.5,1.0
1,2013,7295,1,15260.0,4,30,55.4,1.0
5,2017,8495,1,19033.0,4,145,64.2,1.1
5,2013,7092,2,50842.0,4,0,57.7,1.0
13,2018,18731,2,6667.0,0,150,58.9,1.5
5,2014,6702,1,21512.0,4,30,54.3,1.2
5,2018,14536,1,3800.0,4,145,55.4,1.0
6,2016,10142,1,31500.0,0,0,74.3,1.5
12,2018,7950,1,12405.0,4,145,57.7,1.2
5,2018,10450,1,11579.0,4,145,65.7,1.0
5,2018,10650,1,3563.0,4,145,65.7,1.0
13,2017,15950,1,24845.0,0,145,60.1,2.0
6,2017,10450,1,29254.0,4,20,60.1,1.0
6,2017,11450,1,20266.0,4,145,60.1,1.0
6,2017,17950,1,27188.0,4,145,41.5,2.0
5,2018,8950,1,11602.0,4,145,64.2,1.1
13,2018,15750,1,6924.0,0,145,54.3,1.5
5,2018,10950,1,13900.0,4,145,65.7,1.0
5,2018,10999,1,5678.0,4,145,65.7,1.0
1,2018,11950,1,10844.0,4,145,49.6,1.0
6,2017,10950,1,27086.0,4,20,60.1,1.0
5,2014,7450,1,33042.0,4,0,65.7,1.0
5,2018,10450,1,23266.0,4,145,65.7,1.0
6,2018,16625,1,12690.0,4,145,60.1,1.0
13,2017,17925,2,14726.0,0,145,54.3,2.0
5,2014,6250,1,21292.0,4,30,54.3,1.2
5,2018,10697,1,15950.0,4,145,65.7,1.0
6,2018,13250,1,8976.0,4,145,57.7,1.0
12,2019,9697,1,8136.0,4,145,48.7,1.2
6,2017,9551,1,49311.0,0,150,74.3,1.5
2,2017,9120,1,31889.0,4,150,53.3,1.0
5,2017,9591,1,16965.0,4,150,62.8,1.0
5,2017,11951,1,20110.0,4,145,47.9,1.6
2,2019,15591,1,7386.0,4,145,52.3,1.0
5,2015,9495,1,32948.0,4,150,47.9,1.6
6,2016,15795,1,18646.0,4,200,41.5,2.0
5,2016,6697,1,40126.0,4,125,54.3,1.2
6,2018,11397,1,14668.0,4,145,61.4,1.0
6,2017,11697,1,20744.0,4,145,60.1,1.0
5,2016,10110,1,19475.0,4,20,62.8,1.0
12,2018,7600,1,11834.0,4,145,57.7,1.2
12,2018,7800,1,7285.0,4,145,57.7,1.2
13,2019,20080,1,3651.0,0,145,47.9,2.0
6,2019,19950,1,2583.0,4,145,51.4,1.5
6,2019,15391,1,3591.0,4,145,49.6,1.0
13,2017,17310,1,16654.0,0,145,54.3,2.0
6,2016,11220,1,21922.0,4,125,51.4,1.5
16,2020,20890,1,2986.0,4,145,50.4,1.0
5,2015,6541,1,50116.0,4,0,65.7,1.0
6,2014,6997,1,37396.0,4,30,56.5,1.0
6,2019,15497,1,1310.0,4,145,58.9,1.0
0,2016,8997,1,13481.0,4,30,55.4,1.0
6,2016,9897,1,35199.0,4,20,60.1,1.0
5,2017,10497,1,20445.0,4,145,62.8,1.0
5,2019,13997,2,3134.0,4,145,48.7,1.0
11,2016,5497,1,16690.0,4,30,57.7,1.2
5,2017,9997,1,23143.0,4,145,65.7,1.0
13,2017,17397,2,23489.0,0,145,54.3,2.0
5,2017,10497,1,6698.0,4,145,65.7,1.0
13,2019,16698,1,10967.0,0,145,45.6,1.5
6,2016,15998,1,26023.0,0,20,67.3,2.0
13,2016,9998,1,54153.0,0,125,60.1,2.0
13,2019,19998,1,537.0,4,150,39.2,1.5
13,2019,21290,1,13346.0,0,150,37.7,2.0
6,2016,9059,1,57477.0,0,0,74.3,1.5
6,2019,17520,1,7562.0,4,145,60.1,1.0
13,2015,13660,2,49711.0,0,145,52.3,2.0
5,2018,11000,1,24813.0,4,145,56.5,1.0
5,2019,13140,1,2356.0,4,145,48.7,1.1
13,2016,12091,1,63741.0,0,125,60.1,2.0
6,2019,21972,1,1011.0,4,145,60.1,1.0
6,2019,19000,1,4753.0,4,145,60.1,1.0
6,2019,19000,1,3400.0,4,145,60.1,1.0
5,2017,9780,1,7238.0,4,0,65.7,1.0
12,2017,7500,1,4308.0,4,145,57.7,1.2
5,2017,10481,1,23065.0,4,145,65.7,1.0
12,2018,8421,1,18653.0,4,145,54.3,1.2
6,2019,15780,1,5372.0,0,145,74.3,1.5
2,2018,11660,1,14453.0,4,145,54.3,1.0
5,2018,10597,1,6499.0,4,145,64.2,1.1
5,2016,9850,1,9855.0,4,0,65.7,1.0
12,2018,7850,1,12401.0,4,145,57.7,1.2
13,2019,25925,1,5891.0,0,145,37.7,2.0
5,2017,9450,1,14126.0,4,145,64.2,1.1
13,2017,16350,1,18258.0,0,145,64.2,1.5
13,2015,9950,1,44325.0,0,125,60.1,2.0
13,2017,15550,1,15939.0,0,145,54.3,2.0
5,2015,10250,1,20028.0,4,145,47.9,1.6
5,2017,9750,1,13281.0,4,145,65.7,1.0
5,2017,10498,1,19130.0,4,150,65.7,1.0
2,2015,8298,1,24125.0,4,125,52.3,1.0
9,2017,11498,1,27070.0,0,150,64.2,1.5
0,2015,7598,2,33440.0,4,165,44.1,1.6
5,2016,6998,1,38052.0,0,0,78.5,1.5
14,2017,9598,1,59787.0,0,150,78.5,1.5
5,2017,8998,1,10673.0,4,125,54.3,1.2
5,2019,13998,1,8156.0,4,145,58.9,1.0
5,2015,6698,1,25409.0,4,125,54.3,1.2
5,2016,10798,1,11805.0,4,0,65.7,1.0
5,2019,16995,1,3428.0,4,150,40.3,1.5
5,2018,9995,1,31250.0,4,150,65.7,1.0
2,2019,14390,1,12402.0,4,150,54.3,1.0
13,2014,8990,1,37515.0,0,150,53.3,2.0
13,2017,13890,1,23969.0,0,150,64.2,1.5
9,2017,11498,1,17897.0,4,30,54.3,1.0
14,2018,15498,0,25950.0,4,150,44.8,1.5
5,2018,10498,1,9578.0,4,150,55.4,1.1
13,2014,9498,1,48694.0,0,145,53.3,2.0
6,2015,8798,1,33539.0,0,0,74.3,1.5
6,2019,14498,1,12739.0,4,145,58.9,1.0
6,2018,18998,1,20145.0,4,145,41.5,2.0
13,2019,19498,1,9102.0,4,145,39.2,1.5
13,2016,13998,1,15782.0,0,30,64.2,1.5
6,2014,7298,1,62125.0,0,20,67.3,1.6
0,2013,6998,2,16736.0,4,165,44.1,1.6
2,2018,13995,1,7016.0,4,150,53.3,1.0
8,2017,19995,1,20999.0,0,125,56.5,2.0
5,2016,6995,1,11969.0,4,125,54.3,1.2
1,2017,10495,1,13142.0,4,145,55.4,1.0
5,2019,12495,1,13034.0,4,145,58.9,1.0
14,2016,12995,0,42165.0,2,0,67.3,2.0
13,2019,20395,1,3100.0,0,145,36.7,2.0
3,2018,20995,1,17478.0,0,145,48.7,2.0
0,2017,8995,1,22649.0,4,30,55.4,1.0
5,2017,7897,1,27796.0,4,145,54.3,1.2
6,2018,13597,1,11148.0,4,145,57.7,1.0
6,2015,8497,1,39588.0,0,0,74.3,1.5
13,2018,15397,1,12232.0,0,145,54.3,1.5
1,2017,10697,1,22870.0,0,20,68.9,1.5
13,2019,18997,1,9036.0,4,145,39.2,1.5
5,2017,9297,1,21143.0,4,145,65.7,1.0
13,2019,17997,1,7342.0,4,145,34.4,1.5
5,2017,9050,1,16812.0,4,145,64.2,1.1
0,2014,7998,1,9181.0,4,30,55.4,1.0
5,2015,7498,1,21074.0,4,0,65.7,1.0
5,2019,12498,1,11445.0,4,145,58.9,1.0
5,2015,8798,1,24305.0,4,20,62.8,1.0
6,2017,9798,1,32160.0,4,20,60.1,1.0
5,2018,9000,1,16639.0,4,145,64.2,1.1
18,2016,17490,1,33777.0,0,125,56.5,2.0
6,2015,7990,1,27792.0,4,20,61.4,1.0
5,2015,8290,1,29174.0,4,0,65.7,1.0
5,2017,9498,1,14301.0,4,125,54.3,1.2
6,2017,10998,1,7426.0,4,20,60.1,1.0
6,2018,14495,1,16210.0,0,145,80.7,1.5
13,2019,25925,1,878.0,4,145,39.2,1.5
6,2017,17998,1,16001.0,0,145,67.3,2.0
5,2016,8998,1,24859.0,4,0,65.7,1.0
14,2016,11998,2,37154.0,0,125,58.9,2.0
6,2016,14998,1,41157.0,4,205,41.5,2.0
6,2016,13498,1,44106.0,0,20,67.3,2.0
13,2018,18298,1,14232.0,4,145,45.6,1.5
5,2016,7698,1,25411.0,4,125,54.3,1.2
13,2017,13890,1,36858.0,0,150,60.1,2.0
6,2015,7600,1,43919.0,4,20,61.4,1.0
6,2017,10390,1,30261.0,0,0,74.3,1.5
0,2017,10990,1,13890.0,4,30,57.7,1.0
13,2018,16995,1,18416.0,0,145,60.1,2.0
12,2018,9495,1,3136.0,4,145,47.9,1.2
13,2019,23850,2,3357.0,0,145,42.2,2.0
6,2019,17890,0,11834.0,0,145,64.2,2.0
0,2017,9660,2,7669.0,4,160,44.1,1.6
8,2017,17720,2,32582.0,0,145,52.3,2.0
6,2013,6921,1,24433.0,0,20,67.3,1.6
6,2019,17520,1,2798.0,4,145,60.1,1.0
6,2019,17520,1,4792.0,4,145,60.1,1.0
6,2019,17520,1,6871.0,4,145,60.1,1.0
1,2016,9160,1,36303.0,4,30,55.4,1.0
2,2018,15290,1,14067.0,4,145,54.3,1.0
5,2018,9995,1,14504.0,4,145,64.2,1.1
5,2016,8290,1,15282.0,4,125,54.3,1.2
5,2018,10995,1,16405.0,4,145,65.7,1.0
13,2019,17500,1,10974.0,0,145,38.2,2.0
13,2018,16500,0,26973.0,0,145,54.3,2.0
2,2016,9700,2,28533.0,4,160,44.8,1.5
0,2017,9300,2,34961.0,4,160,44.1,1.6
5,2015,8700,1,27095.0,4,0,65.7,1.0
13,2017,14500,1,38535.0,0,145,54.3,2.0
5,2014,7800,2,31604.0,4,145,47.9,1.6
6,2019,15600,1,10900.0,4,145,58.9,1.0
13,2019,17600,1,10283.0,4,145,34.4,1.5
6,2014,12500,1,45599.0,4,235,39.2,2.0
10,2017,14000,1,20122.0,0,30,64.2,1.5
13,2017,16290,1,17416.0,0,145,60.1,2.0
9,2017,10800,1,13809.0,0,30,64.2,1.5
6,2018,13995,1,11612.0,4,150,57.7,1.0
5,2017,10995,1,12513.0,4,150,65.7,1.0
13,2019,18990,1,8712.0,0,150,47.9,2.0
5,2017,9495,1,8855.0,4,150,64.2,1.1
6,2017,11600,1,23500.0,4,145,60.1,1.0
13,2018,16300,1,7500.0,0,145,54.3,1.5
5,2017,9400,1,16157.0,4,145,65.7,1.0
13,2019,19690,1,6777.0,4,145,35.3,1.5
13,2017,15000,1,14621.0,0,145,60.1,2.0
13,2017,15200,1,6216.0,0,125,60.1,2.0
5,2016,8500,1,19141.0,4,0,65.7,1.0
13,2017,14000,1,16155.0,0,145,64.2,1.5
5,2016,8900,1,2570.0,4,0,65.7,1.0
5,2017,9990,1,38081.0,4,145,65.7,1.0
3,2019,30990,0,10.0,0,145,37.2,2.0
6,2018,18000,1,5909.0,4,145,41.5,2.0
13,2016,15290,1,15893.0,0,125,60.1,2.0
6,2017,18490,1,14457.0,0,145,67.3,2.0
13,2019,19990,1,14362.0,0,145,38.2,2.0
13,2017,15290,1,36609.0,0,125,60.1,2.0
6,2018,10995,1,28526.0,0,145,74.3,1.5
6,2017,11999,1,2240.0,4,20,60.1,1.0
5,2015,6990,1,44823.0,4,0,65.7,1.0
5,2018,13800,1,15757.0,4,145,60.1,1.0
13,2017,15200,1,22435.0,0,150,54.3,2.0
11,2015,4500,1,38622.0,4,30,57.7,1.2
13,2019,17200,1,9390.0,0,150,38.2,2.0
5,2017,10700,1,26658.0,4,150,65.7,1.0
5,2017,8500,1,25000.0,4,150,64.2,1.1
6,2017,26900,1,14929.0,4,150,36.7,2.3
5,2019,14200,1,9235.0,4,150,60.1,1.0
18,2013,8500,1,39704.0,0,145,54.3,1.6
5,2016,7200,1,16460.0,4,125,54.3,1.2
5,2016,9500,1,10106.0,4,0,65.7,1.0
13,2016,15700,1,10852.0,0,145,54.3,2.0
18,2017,17500,2,29570.0,0,125,52.3,2.0
6,2015,10000,1,27097.0,0,0,74.3,1.5
5,2014,8300,1,23777.0,4,0,65.7,1.0
13,2019,20900,0,11251.0,4,145,29.1,1.5
6,2019,6900,1,26443.0,4,145,60.1,1.0
6,2019,24900,1,10836.0,0,145,50.4,2.0
6,2016,10500,1,15610.0,4,20,61.4,1.0
18,2016,15500,1,27790.0,0,125,56.5,2.0
14,2017,15800,2,26723.0,0,125,58.9,2.0
10,2016,14500,0,18460.0,0,125,56.6,1.5
5,2018,9990,1,21637.0,4,145,64.2,1.1
5,2015,7495,1,30236.0,4,125,54.3,1.2
2,2017,11590,1,9862.0,4,125,52.3,1.0
6,2018,18990,1,11350.0,0,145,67.3,2.0
5,2013,5000,1,69455.0,4,30,54.3,1.2
5,2019,16800,1,4670.0,4,150,40.3,1.5
13,2017,11200,1,46815.0,0,30,64.2,1.5
13,2014,9500,1,55221.0,0,160,47.9,2.0
5,2019,15000,1,4640.0,4,145,58.9,1.0
13,2017,15000,1,29764.0,0,145,64.2,1.5
5,2017,8700,1,10313.0,4,145,64.2,1.1
5,2018,11600,1,13792.0,4,145,65.7,1.0
5,2017,8998,1,10111.0,4,125,54.3,1.2
2,2014,7998,1,26254.0,4,160,44.8,1.5
5,2015,7998,1,22767.0,4,0,65.7,1.0
6,2018,13498,1,15012.0,4,150,57.7,1.0
5,2018,9498,1,15012.0,4,150,65.7,1.0
13,2016,14995,1,24031.0,0,145,54.3,2.0
14,2014,13302,1,25931.0,0,30,62.8,2.0
5,2016,9397,1,14328.0,4,20,62.8,1.0
5,2013,5591,1,40131.0,0,0,76.4,1.5
6,2016,8895,1,25487.0,4,20,60.1,1.0
6,2018,12595,1,13768.0,4,145,60.1,1.0
5,2018,13690,1,10258.0,4,145,65.7,1.0
6,2018,15490,1,26491.0,0,145,74.3,1.5
6,2017,13990,1,10000.0,4,145,60.1,1.0
9,2016,9495,1,47387.0,0,30,64.2,1.5
6,2019,15995,1,10279.0,4,145,58.9,1.0
6,2014,7800,1,30500.0,0,20,67.3,1.6
2,2017,8900,1,25782.0,4,125,52.3,1.0
5,2018,10700,1,7954.0,4,150,58.9,1.0
2,2019,15800,1,8537.0,4,150,51.4,1.0
5,2019,13900,1,10762.0,4,150,58.9,1.0
5,2013,5990,1,55211.0,0,0,85.6,1.6
6,2018,18990,1,8213.0,0,145,67.3,2.0
5,2019,17290,1,6252.0,4,145,60.1,1.0
6,2019,17295,0,3366.0,0,145,53.3,1.5
13,2019,23995,1,6370.0,0,145,37.7,2.0
6,2018,12995,1,18300.0,4,145,57.7,1.0
6,2018,18295,1,21800.0,4,145,41.5,2.0
6,2018,11995,1,24000.0,4,145,57.7,1.0
5,2016,8795,1,56000.0,4,150,47.9,1.6
6,2018,12395,1,21000.0,4,150,57.7,1.0
5,2019,14995,1,4800.0,4,150,60.1,1.0
13,2017,15995,2,25208.0,0,150,54.3,2.0
6,2018,18998,1,18003.0,0,145,67.3,2.0
5,2017,9171,1,24961.0,4,0,65.7,1.0
5,2017,8995,1,22084.0,4,125,54.3,1.2
9,2016,9991,1,26611.0,4,30,54.3,1.0
13,2017,14292,1,19674.0,4,160,45.6,1.5
13,2016,12492,1,28226.0,0,145,54.3,2.0
1,2017,11500,1,18358.0,4,30,55.4,1.0
13,2018,15500,1,14170.0,0,145,64.2,1.5
2,2019,15000,1,5555.0,4,145,53.3,1.0
13,2019,19800,1,11218.0,0,145,45.6,1.5
5,2018,11600,2,31339.0,4,145,54.3,1.0
6,2018,12400,1,14130.0,0,145,74.3,1.5
5,2016,8400,1,35124.0,4,0,65.7,1.0
6,2018,12500,1,19730.0,4,145,57.7,1.0
5,2017,9500,1,26081.0,4,145,62.8,1.0
6,2017,11200,1,15410.0,0,145,74.3,1.5
5,2016,10000,1,12107.0,4,20,62.8,1.0
11,2014,4500,1,41127.0,4,30,57.7,1.2
5,2018,9300,1,11172.0,4,145,64.2,1.1
12,2017,7500,1,14689.0,4,145,57.7,1.2
6,2018,13000,1,8026.0,4,145,57.7,1.0
6,2017,16000,1,23708.0,4,145,41.5,2.0
5,2020,21000,1,10.0,4,150,40.3,1.5
5,2020,17000,1,10.0,4,150,58.9,1.0
16,2020,21000,1,1173.0,4,150,50.4,1.0
9,2017,14500,1,6994.0,4,30,54.3,1.0
2,2018,10500,1,44998.0,0,150,68.9,1.5
6,2018,13000,1,11842.0,4,150,57.7,1.0
5,2014,7500,1,18772.0,4,0,65.7,1.0
6,2017,10998,1,31265.0,4,150,60.1,1.0
2,2016,8498,1,30205.0,4,125,53.3,1.0
6,2019,16195,1,8132.0,4,145,60.1,1.0
12,2018,7700,1,24194.0,4,150,57.7,1.2
2,2019,16795,1,691.0,4,145,51.4,1.0
5,2015,6700,1,35659.0,4,0,65.7,1.0
5,2018,14500,1,6436.0,4,145,55.4,1.0
5,2018,11500,1,27062.0,4,145,62.8,1.0
2,2019,17400,0,1872.0,4,145,44.1,1.0
12,2018,8200,1,8415.0,4,145,57.7,1.2
5,2015,6000,1,41426.0,4,125,54.3,1.2
2,2019,16395,1,2800.0,4,145,53.3,1.0
1,2018,12495,1,12500.0,0,145,58.9,1.5
14,2017,11495,1,58000.0,0,145,65.7,2.0
16,2020,21795,1,680.0,4,145,50.4,1.0
2,2018,12495,1,34000.0,4,145,54.3,1.0
1,2017,10295,1,20000.0,4,30,55.4,1.0
6,2019,17995,1,90.0,4,145,49.6,1.0
5,2016,9895,2,11000.0,4,0,57.7,1.0
1,2016,9695,1,33000.0,0,30,64.2,2.0
2,2018,12795,1,13500.0,0,145,68.9,1.5
8,2016,16500,1,24758.0,0,125,56.5,2.0
13,2016,11998,1,23328.0,4,160,45.6,1.5
5,2013,6260,1,45180.0,4,0,65.7,1.0
15,2020,37990,0,2450.0,4,145,22.1,5.0
5,2018,16991,1,7000.0,4,145,40.3,1.5
13,2016,13500,1,19301.0,0,125,60.1,2.0
6,2017,9900,1,35452.0,0,145,74.3,1.5
6,2017,16500,1,21617.0,0,145,67.3,2.0
10,2016,14000,0,21576.0,0,125,56.6,1.5
2,2018,14500,1,19799.0,4,145,52.3,1.0
6,2017,11900,1,9574.0,4,20,60.1,1.0
2,2018,14800,1,9060.0,4,145,51.4,1.0
6,2017,16500,1,18549.0,4,200,41.5,2.0
8,2017,19900,1,11111.0,0,125,56.5,2.0
5,2017,11998,1,5944.0,4,0,65.7,1.0
5,2015,8998,1,23215.0,4,20,62.8,1.0
8,2016,19998,1,11100.0,0,125,56.5,2.0
6,2018,17498,1,30690.0,0,145,67.3,2.0
5,2018,9998,1,27533.0,0,145,85.6,1.5
2,2018,12998,1,22852.0,4,145,54.3,1.0
5,2018,14998,1,19772.0,4,145,62.8,1.0
5,2017,8698,1,16284.0,4,145,54.3,1.2
13,2017,15191,2,52423.0,0,150,54.3,2.0
5,2018,14991,1,13032.0,4,145,62.8,1.0
6,2018,12498,1,13559.0,4,145,60.1,1.0
5,2017,11998,1,6596.0,4,0,65.7,1.0
5,2019,13998,1,14330.0,4,145,58.9,1.0
6,2019,16998,1,22859.0,4,145,60.1,1.0
13,2018,16798,1,3233.0,4,145,45.6,1.5
6,2019,17590,1,12095.0,0,145,74.3,1.5
5,2017,7495,1,33000.0,4,125,54.3,1.2
5,2017,10690,1,16137.0,4,20,62.8,1.0
13,2018,16990,1,13043.0,0,145,64.2,1.5
6,2018,11490,1,17152.0,4,145,61.4,1.0
12,2018,9790,1,12272.0,4,145,47.9,1.2
6,2019,15990,1,12814.0,0,145,74.3,1.5
5,2017,9995,1,11933.0,4,145,64.2,1.1
5,2018,10495,1,16709.0,4,145,64.2,1.1
6,2017,15750,1,19694.0,4,145,41.5,2.0
6,2019,15400,1,9845.0,4,145,60.1,1.0
6,2019,15360,1,12221.0,4,145,60.1,1.0
6,2019,15760,1,10282.0,0,145,74.3,1.5
6,2019,15270,1,12100.0,4,145,60.1,1.0
6,2019,16030,1,10111.0,0,145,74.3,1.5
6,2019,15750,1,6388.0,0,145,74.3,1.5
6,2019,15510,1,15811.0,0,145,74.3,1.5
6,2017,11498,1,15430.0,0,0,74.3,1.5
0,2017,9680,1,12451.0,4,145,55.4,1.0
5,2015,7991,1,22592.0,4,125,54.3,1.2
6,2019,15960,1,12388.0,0,145,74.3,1.5
6,2019,15950,1,9550.0,0,145,74.3,1.5
6,2017,13430,1,19859.0,0,145,74.3,1.5
5,2019,15490,0,7552.0,4,145,48.7,1.0
5,2017,8491,1,7774.0,4,125,54.3,1.2
6,2018,17400,1,14398.0,4,145,41.5,2.0
5,2014,7291,1,23894.0,4,30,54.3,1.2
12,2017,6800,1,21881.0,4,145,57.7,1.2
5,2018,12891,1,23829.0,4,145,58.9,1.0
5,2017,9998,1,26325.0,4,150,65.7,1.0
1,2017,11998,1,10459.0,4,30,55.4,1.0
5,2017,10998,1,7008.0,4,0,65.7,1.0
5,2017,10298,1,27897.0,4,0,65.7,1.0
6,2016,8498,1,49974.0,0,0,74.3,1.5
5,2018,10298,1,14240.0,4,150,64.2,1.1
6,2017,13298,1,8794.0,0,150,74.3,1.5
11,2015,4998,1,15296.0,4,30,57.7,1.2
5,2016,9998,2,20069.0,4,0,57.7,1.0
6,2017,10998,1,15265.0,4,150,60.1,1.0
5,2018,10520,1,39794.0,4,145,56.5,1.0
5,2018,11250,1,21959.0,4,145,56.5,1.0
5,2017,10230,1,11634.0,4,0,65.7,1.0
6,2017,18610,1,10843.0,4,200,41.5,2.0
6,2017,8540,1,35210.0,4,20,61.4,1.0
6,2019,15580,1,5011.0,4,145,60.1,1.0
5,2018,8491,1,17878.0,4,145,64.2,1.1
6,2020,20491,0,4841.0,0,145,74.3,1.5
5,2017,7640,1,20346.0,4,125,54.3,1.2
5,2017,8091,1,19877.0,4,125,54.3,1.2
5,2017,8491,1,11296.0,4,145,54.3,1.2
5,2017,8330,1,22560.0,4,145,54.3,1.2
1,2017,11591,1,17350.0,0,20,68.9,1.5
12,2018,8391,1,9328.0,4,145,57.7,1.2
6,2016,10000,1,9012.0,4,20,61.4,1.0
6,2016,9450,1,15545.0,0,0,74.3,1.5
6,2019,14740,1,13451.0,4,145,58.9,1.0
5,2017,9520,1,20670.0,4,145,65.7,1.0
2,2017,9260,1,25395.0,4,125,53.3,1.0
5,2015,8991,1,20200.0,4,0,65.7,1.0
5,2019,14998,2,16506.0,4,150,48.7,1.0
5,2015,6998,1,30518.0,4,125,54.3,1.2
13,2017,12990,1,18882.0,0,30,64.2,1.5
13,2017,13070,1,17130.0,4,160,45.6,1.5
6,2017,10000,1,20533.0,4,145,61.4,1.0
6,2018,12050,1,19460.0,4,145,51.4,1.5
5,2016,7991,1,48426.0,0,0,78.5,1.5
0,2016,7220,1,25852.0,0,0,74.3,1.5
3,2019,30990,0,15012.0,0,145,37.2,2.0
6,2019,18550,0,5016.0,0,145,64.2,2.0
5,2014,5207,1,71357.0,0,0,76.4,1.5
13,2018,16310,1,15786.0,0,145,54.3,2.0
6,2015,6730,1,65825.0,0,0,74.3,1.5
5,2018,11000,1,24222.0,4,145,56.5,1.0
1,2017,10490,2,25484.0,0,20,64.2,1.5
5,2017,10990,2,17983.0,4,150,54.3,1.0
5,2015,6860,1,32993.0,4,125,54.3,1.2
5,2015,5971,1,42344.0,4,125,54.3,1.2
2,2018,11650,1,19259.0,4,145,54.3,1.0
5,2017,7491,1,36952.0,4,150,54.3,1.2
5,2017,9491,1,8173.0,4,0,65.7,1.0
5,2017,7491,1,30393.0,4,125,54.3,1.2
13,2015,9791,1,33960.0,0,125,53.3,2.0
14,2016,15991,1,33515.0,0,30,62.8,2.0
6,2018,18491,1,12117.0,4,150,41.5,2.0
6,2018,11779,2,11011.0,4,150,51.4,1.0
5,2017,8000,1,19501.0,4,150,65.7,1.0
0,2016,6691,1,36091.0,4,30,57.7,1.0
2,2017,8691,1,23092.0,4,150,52.3,1.0
5,2017,8491,1,11655.0,4,150,54.3,1.2
12,2018,8995,1,10038.0,4,145,57.7,1.2
5,2016,9495,1,22080.0,4,20,62.8,1.0
8,2018,16990,1,31766.0,0,145,56.5,2.0
0,2013,6700,1,15897.0,4,145,47.1,1.4
5,2017,7991,1,32444.0,4,150,65.7,1.0
14,2017,12791,1,29252.0,0,150,65.7,2.0
5,2014,9495,1,38901.0,4,145,47.9,1.6
13,2016,17790,0,4618.0,4,235,38.2,1.5
6,2017,10595,1,28303.0,0,145,74.3,1.5
6,2017,10057,1,15019.0,4,145,61.4,1.0
5,2018,10300,1,16621.0,0,145,88.3,1.5
2,2016,8590,1,23689.0,0,30,64.2,1.5
12,2017,7891,1,10150.0,4,145,57.7,1.2
5,2016,8998,1,22704.0,4,0,65.7,1.0
14,2017,14998,1,23167.0,4,145,48.7,1.5
5,2019,14040,1,4039.0,4,145,56.5,1.0
13,2017,12720,1,41116.0,0,125,60.1,2.0
5,2017,7627,1,9895.0,4,125,54.3,1.2
5,2017,8191,1,10435.0,4,125,54.3,1.2
2,2017,8721,1,25152.0,4,125,52.3,1.0
5,2017,7491,1,39719.0,4,0,65.7,1.0
13,2015,10770,2,29665.0,0,150,52.3,2.0
2,2017,12591,2,7595.0,4,150,44.8,1.5
0,2015,5991,2,52515.0,4,165,44.1,1.6
5,2017,8081,1,25320.0,4,150,64.2,1.1
6,2018,11991,1,10662.0,4,150,60.1,1.0
5,2017,7911,1,27252.0,4,150,65.7,1.0
13,2017,12151,1,25621.0,0,150,64.2,1.5
5,2018,8421,1,10635.0,4,150,64.2,1.1
6,2016,9321,1,31136.0,4,20,60.1,1.0
5,2018,9911,1,17201.0,4,150,65.7,1.0
13,2017,12097,1,31001.0,0,30,64.2,1.5
11,2015,4989,1,40443.0,4,30,57.7,1.2
6,2013,5995,1,77886.0,0,20,67.3,1.6
8,2017,18495,1,27678.0,0,125,56.5,2.0
6,2018,17290,1,9954.0,4,145,60.1,1.0
5,2017,8299,1,37986.0,4,145,65.7,1.0
1,2017,9899,1,26805.0,0,145,68.9,1.5
5,2018,10099,1,13233.0,4,150,65.7,1.0
2,2017,11491,2,12200.0,4,160,44.8,1.5
12,2018,8330,1,7428.0,4,145,57.7,1.2
5,2018,9991,1,13055.0,4,145,65.7,1.0
5,2018,9991,1,16636.0,4,145,65.7,1.0
6,2018,12000,1,15071.0,0,145,74.3,1.5
6,2017,10820,1,15892.0,4,20,61.4,1.0
5,2016,7998,1,26490.0,0,0,78.5,1.5
5,2017,8998,1,16485.0,4,0,65.7,1.0
2,2017,10498,1,16064.0,4,125,52.3,1.0
5,2017,10498,1,7712.0,4,0,65.7,1.0
13,2017,14998,1,37838.0,0,145,64.2,1.5
18,2017,18998,1,20397.0,0,125,52.3,2.0
6,2018,17498,1,28068.0,0,145,67.3,2.0
2,2017,9498,1,21698.0,0,145,64.2,1.5
5,2018,10498,1,14458.0,4,150,55.4,1.1
6,2017,10498,1,6736.0,4,20,60.1,1.0
6,2019,15470,1,5852.0,4,145,60.1,1.0
6,2019,15470,1,3422.0,4,145,60.1,1.0
6,2019,15390,1,10235.0,4,145,60.1,1.0
6,2019,15590,1,6484.0,4,145,60.1,1.0
6,2019,15590,1,8000.0,4,145,60.1,1.0
5,2019,14620,1,8709.0,4,145,55.4,1.0
6,2017,10731,1,16768.0,0,145,74.3,1.5
6,2018,11250,1,7330.0,4,145,60.1,1.0
6,2017,9991,1,19907.0,4,20,61.4,1.0
10,2015,9490,1,94362.0,0,125,58.9,1.6
13,2017,14291,0,40600.0,4,145,38.2,1.5
5,2018,13491,1,7552.0,4,145,65.7,1.0
6,2017,17750,1,5597.0,4,145,41.5,2.0
5,2017,9440,1,10655.0,0,0,88.3,1.5
5,2017,11691,2,5606.0,4,0,57.7,1.0
1,2016,12080,1,1669.0,4,30,55.4,1.0
12,2019,10780,1,2574.0,4,145,47.9,1.2
5,2015,7291,1,26104.0,4,125,54.3,1.2
6,2019,14291,1,13649.0,4,145,58.9,1.0
9,2017,11891,1,11373.0,4,30,54.3,1.0
5,2017,12391,2,11017.0,4,0,57.7,1.0
6,2017,8870,1,45151.0,0,145,74.3,1.5
8,2016,18290,1,10128.0,0,125,56.5,2.0
13,2017,16290,0,15344.0,4,235,38.2,1.5
18,2017,12330,1,73783.0,0,125,56.5,2.0
6,2018,13380,1,9695.0,4,145,61.4,1.0
6,2019,14991,1,13712.0,4,145,58.9,1.0
6,2013,6250,1,52328.0,4,30,56.5,1.0
6,2018,13060,1,11710.0,4,145,60.1,1.0
5,2018,10691,1,12523.0,4,145,65.7,1.0
2,2019,16990,0,2052.0,4,145,45.6,1.0
2,2017,8950,1,9253.0,4,160,44.8,1.5
5,2017,9810,1,5156.0,4,0,65.7,1.0
5,2017,11291,2,19253.0,4,0,57.7,1.0
5,2018,10600,1,27056.0,4,145,65.7,1.0
5,2016,10180,1,14466.0,4,0,65.7,1.0
6,2017,9290,1,35006.0,4,145,60.1,1.0
12,2019,9291,1,7117.0,4,145,47.9,1.2
13,2018,16291,1,31001.0,0,145,64.2,1.5
6,2018,14370,1,7024.0,0,145,74.3,1.5
5,2017,11080,2,7554.0,4,145,47.9,1.6
0,2017,9291,1,23015.0,0,0,74.3,1.5
13,2017,15850,0,25410.0,0,145,54.3,2.0
6,2017,12430,2,16515.0,4,125,51.4,1.0
6,2014,8391,1,11254.0,4,30,56.5,1.0
16,2020,20980,1,2165.0,4,145,50.4,1.0
6,2020,20991,0,3767.0,0,145,74.3,1.5
13,2017,13991,1,27909.0,0,145,64.2,1.5
5,2017,8991,1,17436.0,4,145,65.7,1.0
13,2018,15781,1,15709.0,0,145,60.1,2.0
5,2019,13760,0,6306.0,4,145,48.7,1.0
5,2019,14340,1,4122.0,4,145,58.9,1.0
6,2019,15460,1,6810.0,4,145,60.1,1.0
6,2014,6791,1,44117.0,4,20,61.4,1.0
6,2019,14491,1,11325.0,4,145,58.9,1.0
6,2018,12390,1,12664.0,4,145,57.7,1.0
5,2018,10491,1,5252.0,4,145,64.2,1.1
5,2018,10491,1,8425.0,4,145,65.7,1.0
5,2017,10991,1,12028.0,4,145,65.7,1.0
1,2017,11970,1,15952.0,4,145,55.4,1.0
6,2017,10170,1,42903.0,0,145,74.3,1.5
13,2017,15770,2,9963.0,0,145,58.9,1.5
5,2018,10491,1,16620.0,4,145,65.7,1.0
6,2015,7380,1,50360.0,0,0,74.3,1.5
5,2017,9691,1,22654.0,4,145,65.7,1.0
13,2018,15298,1,38318.0,0,145,54.3,2.0
5,2017,9498,1,13636.0,4,0,65.7,1.0
6,2017,11998,1,9080.0,4,20,61.4,1.0
5,2017,8691,1,34216.0,0,0,88.3,1.5
13,2017,14540,1,15869.0,0,145,64.2,1.5
6,2019,19240,0,13890.0,0,145,49.6,2.0
6,2019,26230,1,3802.0,4,145,34.5,2.3
6,2015,9380,1,21945.0,4,20,60.1,1.0
5,2016,7491,1,36343.0,0,0,88.3,1.5
5,2017,10391,1,6577.0,0,0,78.5,1.5
5,2014,9681,1,36488.0,4,145,47.9,1.6
13,2017,12870,1,16303.0,0,30,64.2,1.5
12,2019,10490,1,1974.0,4,145,47.9,1.2
5,2014,6999,1,40129.0,4,30,54.3,1.2
6,2018,19395,1,7506.0,0,145,67.3,2.0
5,2016,8250,1,18270.0,4,125,54.3,1.2
9,2016,9995,1,14621.0,4,30,54.3,1.0
2,2019,16809,2,3619.0,4,145,48.7,1.0
5,2018,11187,2,17866.0,4,145,54.3,1.0
5,2016,10295,2,16830.0,4,0,57.7,1.0
13,2017,18499,2,39249.0,0,145,54.3,2.0
13,2017,16498,2,10783.0,0,145,54.3,2.0
1,2017,10998,1,23046.0,0,20,68.9,1.5
5,2016,10498,1,8801.0,4,20,62.8,1.0
1,2017,10998,1,7118.0,4,30,55.4,1.0
5,2015,8798,2,16952.0,4,145,47.9,1.6
2,2016,9298,1,18687.0,4,125,53.3,1.0
20,2017,12991,1,21310.0,0,30,61.4,1.5
6,2018,13350,2,8207.0,4,145,51.4,1.0
6,2013,6991,1,29353.0,4,30,56.5,1.0
5,2017,11370,2,5357.0,4,145,47.9,1.6
13,2017,16640,2,22001.0,0,145,54.3,2.0
5,2017,7710,1,23644.0,4,145,65.7,1.0
6,2017,18047,1,15309.0,4,145,41.5,2.0
14,2015,7130,1,79622.0,0,0,78.5,1.6
2,2017,9791,1,12627.0,4,125,53.3,1.0
5,2017,7557,1,13143.0,4,125,54.3,1.2
5,2014,6491,1,26084.0,4,30,54.3,1.2
5,2017,10991,1,10995.0,4,150,65.7,1.0
18,2017,19061,1,33843.0,0,145,56.5,2.0
5,2018,8490,1,29204.0,4,145,64.2,1.1
5,2019,10991,1,5735.0,4,145,55.4,1.1
5,2019,12090,1,4762.0,4,145,57.7,1.0
6,2019,15940,1,6259.0,0,145,80.7,1.5
5,2019,14410,1,3650.0,4,145,58.9,1.0
5,2017,10900,1,12802.0,4,0,65.7,1.0
6,2017,11491,1,19399.0,0,0,74.3,1.5
6,2018,18250,1,17227.0,4,145,41.5,2.0
5,2018,9891,1,7184.0,4,145,64.2,1.1
5,2018,8791,1,21618.0,4,145,65.7,1.0
5,2017,10270,1,14630.0,0,0,78.5,1.5
13,2017,13499,1,31697.0,0,125,60.1,2.0
5,2015,8000,1,16000.0,4,0,65.7,1.0
5,2016,9281,1,43241.0,4,20,62.8,1.0
5,2015,6959,1,26607.0,4,125,54.3,1.2
13,2015,11295,1,9623.0,0,125,60.1,2.0
9,2017,10495,1,33007.0,0,30,64.2,1.5
0,2013,5780,1,44201.0,0,20,68.9,1.5
5,2018,10890,1,10255.0,4,145,65.7,1.0
5,2019,14320,1,9326.0,4,145,58.9,1.0
1,2017,10630,1,24498.0,0,20,68.9,1.5
5,2019,13580,1,151.0,4,145,56.5,1.0
6,2015,8270,1,33203.0,0,0,74.3,1.5
6,2019,16860,1,7100.0,4,145,60.1,1.0
18,2016,14120,1,42750.0,0,125,56.5,2.0
2,2015,7030,1,57455.0,4,125,53.3,1.0
5,2018,10491,1,24177.0,4,145,65.7,1.0
6,2019,15000,1,6602.0,4,145,60.1,1.0
13,2019,20491,1,15088.0,0,145,39.2,2.0
5,2019,17040,1,4216.0,4,145,40.3,1.5
5,2019,17440,0,4980.0,4,145,48.7,1.0
6,2019,24290,1,9248.0,4,145,34.5,2.3
18,2016,17590,1,27229.0,0,125,56.5,2.0
6,2017,10980,1,23928.0,4,20,60.1,1.0
5,2018,10780,1,30294.0,4,145,56.5,1.0
14,2016,10650,1,31542.0,0,125,68.9,2.0
18,2019,20941,1,6538.0,0,145,56.5,2.0
6,2018,13580,1,7983.0,4,145,58.9,1.0
6,2018,18497,1,13169.0,4,145,41.5,2.0
5,2017,11740,1,7700.0,4,0,65.7,1.0
6,2016,8600,1,46923.0,0,0,74.3,1.5
5,2017,9891,1,9811.0,0,0,78.5,1.5
14,2016,10350,1,18242.0,0,0,78.5,1.5
9,2016,10240,1,16746.0,4,30,54.3,1.0
5,2015,7791,1,42627.0,4,20,62.8,1.0
2,2017,8970,1,29543.0,4,125,52.3,1.0
6,2017,11620,1,26508.0,0,145,74.3,1.5
5,2018,13567,1,7244.0,4,145,58.9,1.0
2,2015,7467,1,29651.0,4,125,52.3,1.0
8,2016,17920,2,27902.0,0,145,52.3,2.0
14,2016,9930,1,40214.0,0,0,78.5,1.5
6,2020,20390,0,5750.0,0,145,74.3,1.5
15,2019,37991,0,1055.0,4,145,22.1,5.0
5,2017,11410,2,21996.0,4,0,57.7,1.0
8,2017,17750,1,38609.0,0,125,56.5,2.0
13,2017,12220,1,52632.0,0,145,60.1,2.0
9,2016,10730,1,37021.0,4,30,54.3,1.0
2,2018,14540,1,13067.0,0,145,68.9,1.5
2,2017,10290,1,21189.0,4,145,53.3,1.0
6,2014,10302,1,75359.0,4,235,39.2,2.0
6,2016,9910,1,56798.0,0,0,74.3,1.5
15,2018,30927,0,9268.0,4,145,23.5,5.0
5,2018,10870,1,24841.0,4,145,65.7,1.0
5,2018,9640,1,19038.0,4,145,65.7,1.0
13,2017,14190,1,28478.0,0,145,60.1,2.0
5,2017,8790,1,14398.0,4,145,65.7,1.0
5,2017,9560,1,5874.0,4,145,65.7,1.0
6,2019,15530,1,3061.0,4,145,60.1,1.0
6,2016,8780,1,37460.0,0,0,74.3,1.5
5,2018,11370,1,14709.0,4,145,56.5,1.0
12,2017,7420,1,23882.0,4,145,57.7,1.2
6,2018,18600,1,14005.0,4,145,41.5,2.0
6,2017,18367,1,14535.0,4,145,41.5,2.0
6,2017,17267,1,16282.0,4,145,41.5,2.0
5,2017,8991,1,12151.0,4,145,65.7,1.0
2,2017,9291,1,35753.0,0,30,64.2,1.5
5,2018,9991,1,17998.0,4,145,65.7,1.0
6,2016,10700,0,25259.0,4,125,51.4,1.0
6,2016,9000,1,34475.0,0,0,74.3,1.5
5,2017,11020,1,5670.0,4,20,62.8,1.0
13,2017,14450,1,12109.0,4,165,45.6,1.5
2,2016,10590,2,9975.0,4,165,44.8,1.5
6,2017,15670,1,29824.0,4,145,41.5,2.0
8,2016,19500,1,10265.0,0,125,56.5,2.0
6,2014,8110,2,18234.0,4,160,44.1,1.6
5,2014,7710,1,37586.0,4,0,65.7,1.0
9,2016,8480,0,44956.0,0,30,58.9,1.5
6,2014,7211,1,67951.0,0,125,56.5,2.0
12,2017,6720,1,15985.0,4,145,57.7,1.2
5,2017,7460,1,40126.0,4,145,65.7,1.0
6,2018,18367,1,21675.0,4,145,41.5,2.0
13,2019,21700,1,18612.0,0,145,47.9,2.0
6,2019,15170,1,11085.0,0,145,80.7,1.5
6,2019,14390,1,11543.0,4,145,60.1,1.0
6,2019,17420,1,5920.0,4,145,60.1,1.0
6,2019,17520,1,5127.0,4,145,60.1,1.0
6,2019,17520,1,8459.0,4,145,60.1,1.0
6,2019,17520,1,4487.0,4,145,60.1,1.0
6,2019,16530,1,5000.0,4,145,60.1,1.0
2,2015,7950,1,33555.0,4,125,52.3,1.0
6,2018,11950,1,15654.0,0,145,74.3,1.5
5,2018,10200,1,16529.0,4,145,58.9,1.0
5,2017,8500,1,15693.0,4,145,65.7,1.0
5,2017,8400,1,7024.0,4,125,54.3,1.2
13,2019,15995,1,16697.0,0,145,54.3,1.5
6,2017,10995,1,21020.0,0,0,74.3,1.5
0,2013,6995,2,55404.0,4,160,44.1,1.6
2,2015,9295,1,11439.0,4,125,53.3,1.0
6,2017,12995,1,13013.0,4,145,57.7,1.0
2,2017,9295,1,22414.0,4,160,44.8,1.5
5,2017,8995,1,34652.0,4,145,65.7,1.0
5,2014,5995,1,59361.0,4,0,65.7,1.0
5,2018,10995,1,21475.0,4,145,56.5,1.0
13,2019,19795,1,10188.0,0,145,47.9,2.0
5,2017,10291,1,27107.0,4,145,65.7,1.0
5,2017,7790,1,6424.0,4,125,54.3,1.2
18,2016,14620,1,22231.0,0,125,56.5,2.0
5,2018,14990,1,6488.0,4,145,65.7,1.0
13,2019,18890,1,740.0,0,145,54.3,1.5
13,2019,18995,1,11399.0,4,150,39.2,1.5
6,2014,5995,1,65000.0,4,20,58.9,1.0
5,2013,6995,2,21000.0,4,145,47.9,1.6
6,2018,13250,1,7000.0,4,145,57.7,1.0
5,2017,8740,1,26928.0,4,0,65.7,1.0
6,2018,12591,1,32860.0,0,145,74.3,1.5
5,2018,14350,1,9269.0,0,145,88.3,1.5
6,2017,12380,0,24111.0,4,145,46.3,1.5
5,2018,13791,1,11106.0,4,150,58.9,1.0
5,2015,7691,1,31048.0,0,0,76.4,1.5
14,2015,6491,1,68535.0,0,0,78.5,1.6
13,2019,16971,1,3653.0,4,150,34.4,1.5
6,2019,13560,1,9871.0,4,150,60.1,1.0
5,2017,8191,1,12280.0,4,150,54.3,1.2
5,2018,12840,2,9283.0,4,145,48.7,1.0
13,2016,14232,1,17118.0,4,160,45.6,1.5
13,2017,12271,1,42459.0,0,150,54.3,2.0
13,2017,14995,1,17453.0,0,150,64.2,1.5
5,2018,8991,1,13363.0,4,145,55.4,1.1
6,2017,8891,1,38389.0,4,145,61.4,1.0
9,2016,9200,1,50592.0,0,30,64.2,1.5
5,2016,10491,1,23763.0,4,150,47.9,1.6
5,2016,8491,1,40513.0,4,20,62.8,1.0
6,2016,10491,1,30970.0,0,0,74.3,1.5
1,2016,9491,1,38839.0,0,20,68.9,1.5
2,2017,10391,1,11955.0,4,150,52.3,1.0
5,2017,8291,1,37679.0,4,150,64.2,1.1
6,2017,10991,1,29865.0,0,0,74.3,1.5
13,2015,9991,1,35000.0,0,125,60.1,2.0
6,2019,19500,0,5091.0,0,145,54.3,1.5
6,2019,25520,1,6499.0,4,145,34.5,2.3
6,2019,16890,1,9938.0,0,145,61.4,1.5
5,2017,9370,1,13850.0,0,0,88.3,1.5
6,2017,9740,1,40828.0,0,145,74.3,1.5
13,2014,8991,0,56101.0,4,260,36.7,1.6
6,2017,17750,1,7199.0,4,145,41.5,2.0
2,2017,9960,1,18744.0,4,125,53.3,1.0
6,2019,18020,0,4084.0,0,145,53.3,1.5
1,2016,11497,0,7564.0,0,20,64.2,1.5
6,2017,17997,1,10200.0,0,145,67.3,2.0
12,2017,7190,1,23319.0,4,145,57.7,1.2
6,2018,11969,1,24634.0,0,145,74.3,1.5
5,2016,8791,1,22542.0,4,0,65.7,1.0
2,2017,9991,1,20286.0,4,125,53.3,1.0
5,2017,6717,1,24641.0,4,125,54.3,1.2
2,2018,9640,1,22518.0,0,145,64.2,1.5
18,2018,18030,1,16583.0,0,145,56.5,2.0
2,2018,11430,1,18086.0,4,145,54.3,1.0
0,2014,6360,1,40442.0,4,30,55.4,1.0
6,2018,18797,1,11597.0,0,145,67.3,2.0
5,2014,6527,1,28572.0,4,30,54.3,1.2
1,2013,5991,1,38792.0,4,160,42.8,1.6
5,2016,9397,1,3596.0,4,0,65.7,1.0
5,2016,9110,1,31120.0,4,0,65.7,1.0
6,2019,18520,1,9435.0,4,145,50.4,1.5
6,2019,19950,1,1103.0,4,145,50.4,1.5
13,2017,10465,1,67339.0,0,30,64.2,1.5
5,2019,16300,1,1854.0,4,145,60.1,1.0
6,2019,16410,1,13245.0,0,145,74.3,1.5
5,2013,6140,1,35110.0,4,30,54.3,1.2
5,2015,10995,1,11914.0,4,20,62.8,1.0
5,2015,7995,1,26638.0,4,0,65.7,1.0
6,2018,20995,1,965.0,4,145,60.1,1.0
0,2015,8995,1,28115.0,4,30,55.4,1.0
5,2018,12495,1,12644.0,4,145,65.7,1.0
5,2017,11495,1,6195.0,4,145,65.7,1.0
3,2016,21995,2,18702.0,0,160,48.7,2.0
2,2018,17995,2,6836.0,4,145,48.7,1.0
5,2018,10490,1,11814.0,4,145,65.7,1.0
14,2018,15290,1,10147.0,4,145,48.7,1.5
6,2013,5391,1,65824.0,4,150,47.9,1.6
5,2015,6791,1,39705.0,4,125,54.3,1.2
5,2013,6380,1,19707.0,4,0,65.7,1.0
6,2015,8540,1,50004.0,0,0,74.3,1.5
14,2017,12530,1,37153.0,0,30,64.2,2.0
6,2017,16757,0,24187.0,0,30,61.4,2.0
9,2016,9660,1,30691.0,4,30,54.3,1.0
5,2014,6610,1,33338.0,4,30,54.3,1.2
6,2015,7500,1,73831.0,0,0,74.3,1.5
12,2018,8470,1,9688.0,4,145,54.3,1.2
6,2017,10680,1,13219.0,4,145,61.4,1.0
13,2019,21290,1,4502.0,0,145,39.2,2.0
6,2019,19210,1,9024.0,4,145,58.9,1.0
5,2018,10991,1,15539.0,4,145,65.7,1.0
2,2017,9020,1,17961.0,4,125,52.3,1.0
6,2018,11000,1,10822.0,4,145,60.1,1.0
12,2018,9791,1,4799.0,4,145,43.5,1.2
5,2019,15200,1,6868.0,4,145,58.9,1.0
2,2020,16690,1,151.0,4,145,53.3,1.0
5,2018,10391,1,12930.0,4,145,65.7,1.0
2,2018,13890,1,17679.0,4,145,54.3,1.0
5,2018,14791,1,11580.0,4,145,55.4,1.0
5,2018,12950,1,10061.0,4,145,60.1,1.0
5,2019,13890,1,13098.0,4,145,56.5,1.0
11,2014,4591,1,33897.0,4,30,57.7,1.2
5,2017,10291,1,21127.0,4,0,65.7,1.0
5,2018,9491,1,35468.0,4,145,65.7,1.0
6,2016,10291,1,25957.0,0,0,74.3,1.5
5,2014,7060,1,27015.0,4,30,54.3,1.2
13,2015,12470,1,62284.0,0,145,54.3,2.0
5,2018,12810,1,33144.0,4,145,62.8,1.0
1,2017,11491,1,20676.0,0,20,68.9,1.5
5,2017,8750,1,17899.0,4,0,65.7,1.0
6,2013,9891,1,64470.0,4,235,39.2,2.0
6,2018,19491,1,10001.0,4,145,41.5,2.0
5,2017,9540,1,11706.0,4,145,64.2,1.1
5,2018,9520,1,8966.0,4,145,64.2,1.1
6,2018,13980,1,7527.0,4,145,58.9,1.0
2,2019,17250,1,5465.0,4,145,51.4,1.0
5,2019,13140,1,2527.0,4,145,48.7,1.1
5,2019,13140,1,2870.0,4,145,48.7,1.1
5,2019,12990,1,2555.0,4,145,48.7,1.1
5,2019,12990,1,2910.0,4,145,48.7,1.1
5,2019,16490,0,3579.0,4,145,48.7,1.0
15,2020,37990,2,151.0,4,145,22.1,5.0
5,2015,7570,2,40478.0,4,145,47.9,1.6
14,2016,9990,1,60639.0,0,30,64.2,2.0
13,2016,11290,1,25816.0,0,125,60.1,2.0
12,2018,7800,1,8914.0,4,145,57.7,1.2
5,2018,12170,1,6489.0,4,145,62.8,1.0
5,2018,11830,1,13028.0,4,145,58.9,1.0
13,2019,17740,1,12120.0,0,145,45.6,1.5
6,2015,9880,2,13370.0,4,160,44.8,1.6
0,2015,6160,1,49514.0,0,20,70.6,1.6
2,2015,7771,1,45750.0,4,125,53.3,1.0
5,2016,9947,1,24040.0,0,0,78.5,1.5
8,2016,17960,1,28402.0,0,125,56.5,2.0
5,2018,9430,1,18253.0,4,145,65.7,1.0
5,2018,10491,1,6522.0,4,145,65.7,1.0
5,2018,11771,1,8110.0,4,145,65.7,1.0
13,2018,16990,1,24959.0,4,145,45.6,1.5
12,2018,8271,1,12997.0,4,145,57.7,1.2
5,2016,7991,1,10094.0,4,125,54.3,1.2
3,2018,21810,0,24230.0,0,145,47.9,2.0
6,2017,17197,1,22093.0,0,145,67.3,2.0
12,2017,7991,1,14638.0,4,145,57.7,1.2
6,2018,14791,1,10103.0,4,145,58.9,1.0
5,2018,9271,1,25884.0,4,145,60.1,1.0
5,2018,11450,1,6073.0,4,145,56.5,1.0
5,2018,15800,2,20691.0,4,145,48.7,1.0
6,2019,17520,1,5236.0,4,145,60.1,1.0
0,2014,6120,1,42621.0,4,145,47.1,1.4
2,2015,7991,1,26000.0,0,30,61.4,1.5
5,2017,9171,1,45000.0,4,20,62.8,1.0
6,2017,10620,1,29475.0,0,0,74.3,1.5
5,2017,10260,1,9996.0,4,145,65.7,1.0
6,2018,12491,1,9712.0,4,145,60.1,1.0
6,2018,13271,1,5467.0,4,145,60.1,1.0
6,2015,7660,1,54224.0,4,20,60.1,1.0
1,2017,12110,1,6564.0,0,20,68.9,1.5
5,2016,9910,1,27470.0,4,0,65.7,1.0
5,2019,12100,1,3500.0,4,145,58.9,1.0
6,2019,15590,1,5739.0,4,145,60.1,1.0
6,2019,14990,1,11365.0,4,145,60.1,1.0
10,2019,19000,1,4284.0,0,145,61.4,1.5
6,2019,17217,1,2492.0,4,145,60.1,1.0
6,2017,10000,1,16330.0,4,145,60.1,1.0
5,2017,7791,1,15065.0,4,145,54.3,1.2
5,2016,12495,1,3338.0,0,0,78.5,1.5
1,2015,9995,1,45373.0,0,20,68.9,1.5
5,2018,14495,1,5415.0,4,145,65.7,1.0
13,2017,19995,1,17200.0,0,145,54.3,2.0
12,2018,12495,1,50.0,4,145,47.9,1.2
6,2018,17495,2,36413.0,0,145,61.4,2.0
0,2016,8495,1,7111.0,4,145,47.1,1.4
5,2015,5991,1,61763.0,4,125,54.3,1.2
12,2019,9291,1,2209.0,4,150,48.7,1.2
9,2017,9691,1,43499.0,0,150,64.2,1.5
5,2013,5610,1,49580.0,4,30,54.3,1.2
5,2015,7430,1,28017.0,4,30,54.3,1.2
6,2017,10250,1,14950.0,4,145,61.4,1.0
6,2019,17990,1,4877.0,4,145,60.1,1.0
1,2017,9050,1,30557.0,4,160,44.1,1.6
6,2018,13700,1,10606.0,4,145,57.7,1.0
6,2018,13220,1,13892.0,0,145,74.3,1.5
5,2018,9340,1,24999.0,4,145,64.2,1.1
1,2015,7940,1,41452.0,4,160,44.1,1.6
6,2016,10790,0,32294.0,0,0,74.3,1.5
5,2016,8820,1,31927.0,4,0,65.7,1.0
5,2016,9510,1,20242.0,4,0,65.7,1.0
0,2016,8890,2,22903.0,4,160,44.1,1.6
5,2017,7110,1,25928.0,4,125,54.3,1.2
12,2018,7300,1,12463.0,4,145,57.7,1.2
5,2013,6820,1,25204.0,4,0,65.7,1.0
5,2018,13371,1,5273.0,4,145,60.1,1.0
6,2013,6940,1,48336.0,0,20,67.3,1.6
1,2017,11020,1,7192.0,0,20,68.9,1.5
5,2017,10050,1,19684.0,4,20,62.8,1.0
3,2017,19710,1,41940.0,0,145,47.9,2.0
1,2015,8791,1,32634.0,0,30,61.4,1.6
1,2016,9720,1,30373.0,0,20,68.9,1.5
1,2014,6991,1,51768.0,4,30,55.4,1.0
5,2017,10447,1,10584.0,4,145,62.8,1.0
6,2019,16410,1,5.0,0,145,74.3,1.5
6,2019,15590,1,8895.0,4,145,60.1,1.0
5,2019,13000,1,2554.0,4,145,56.5,1.0
13,2017,12491,1,32457.0,0,145,64.2,1.5
5,2016,7230,1,52478.0,0,0,88.3,1.5
6,2016,15066,1,33566.0,0,20,67.3,2.0
6,2015,8500,1,32620.0,0,0,74.3,1.5
5,2017,9600,1,12992.0,4,0,65.7,1.0
5,2017,10291,1,3829.0,4,150,65.7,1.0
5,2017,8291,1,29491.0,4,150,65.7,1.0
5,2013,6741,1,31690.0,4,30,54.3,1.2
5,2017,12090,1,4197.0,4,145,65.7,1.0
5,2013,6891,1,31900.0,4,0,65.7,1.0
5,2016,10540,1,11566.0,4,20,62.8,1.0
6,2017,12891,0,13800.0,4,145,46.3,1.5
6,2017,9920,0,49031.0,4,145,46.3,1.5
5,2014,7530,1,20218.0,4,30,54.3,1.2
5,2018,12020,1,13040.0,4,145,56.5,1.0
5,2015,7250,1,17360.0,4,125,54.3,1.2
2,2019,14771,1,8657.0,4,145,54.3,1.0
1,2013,5791,1,67395.0,4,30,55.4,1.0
5,2014,6860,1,22714.0,4,30,54.3,1.2
6,2017,11510,2,18150.0,4,125,51.4,1.0
5,2018,8991,1,15001.0,4,145,64.2,1.1
5,2013,7330,2,29158.0,4,145,47.9,1.6
13,2016,14430,1,15969.0,4,160,45.6,1.5
5,2017,10500,1,22420.0,0,0,78.5,1.5
6,2018,11800,1,25339.0,0,145,74.3,1.5
6,2019,15290,1,10056.0,4,145,58.9,1.0
6,2019,15295,1,13340.0,4,145,58.9,1.0
1,2016,10680,1,35198.0,0,20,68.9,1.5
5,2017,7480,1,47959.0,0,0,78.5,1.5
6,2017,10810,0,30228.0,4,125,51.4,1.0
5,2019,13740,1,3009.0,4,145,58.9,1.0
1,2014,8291,2,37849.0,0,165,50.4,2.0
11,2013,4391,1,22995.0,4,30,57.7,1.2
2,2017,9391,1,17895.0,4,150,44.8,1.5
6,2018,13690,1,16286.0,0,150,80.7,1.5
5,2015,6690,1,50437.0,0,0,76.4,1.5
6,2017,10391,1,35877.0,0,150,74.3,1.5
13,2017,16900,1,20070.0,0,145,64.2,1.5
5,2018,10160,1,27127.0,4,145,65.7,1.0
6,2015,13291,1,35157.0,0,20,67.3,2.0
5,2018,11000,1,16863.0,4,145,56.5,1.0
6,2017,11800,1,9654.0,4,150,60.1,1.0
5,2017,10200,1,16039.0,4,145,62.8,1.0
13,2017,13800,1,24510.0,0,145,64.2,1.5
13,2017,15800,1,14079.0,0,150,64.2,1.5
13,2019,19730,1,7006.0,0,145,47.9,2.0
6,2019,15390,1,5979.0,4,145,60.1,1.0
6,2019,15590,1,5.0,4,145,60.1,1.0
6,2019,15390,1,6692.0,4,145,60.1,1.0
6,2019,15310,1,11237.0,4,145,60.1,1.0
13,2019,22491,0,1071.0,4,145,29.1,1.5
5,2019,16990,1,6140.0,4,145,55.4,1.0
1,2017,10491,1,20491.0,4,30,55.4,1.0
5,2018,11350,1,1931.0,4,145,65.7,1.0
6,2014,6700,1,52855.0,0,20,67.3,1.6
13,2018,19894,2,13868.0,0,145,54.3,2.0
13,2016,15890,0,10644.0,0,145,52.3,2.0
2,2017,9814,1,30926.0,4,145,52.3,1.0
5,2017,8194,1,15731.0,4,145,54.3,1.2
13,2016,11490,1,24326.0,0,125,60.1,2.0
13,2018,16500,2,33184.0,0,145,54.3,2.0
1,2016,9900,1,29068.0,0,20,68.9,1.5
13,2017,14500,1,34938.0,0,145,54.3,2.0
5,2017,8995,1,26749.0,4,145,65.7,1.0
13,2018,18500,1,2732.0,0,145,47.9,2.0
6,2019,25400,1,6074.0,0,145,50.4,2.0
6,2018,18900,0,4274.0,0,145,64.2,2.0
13,2017,16700,1,9647.0,0,145,60.1,2.0
12,2018,8995,1,6824.0,4,145,57.7,1.2
6,2018,17797,1,19642.0,4,145,41.5,2.0
5,2019,12500,1,17009.0,4,145,60.1,1.0
13,2019,18700,1,15925.0,0,145,36.7,2.0
2,2017,10100,1,13556.0,0,30,64.2,1.5
0,2018,10900,1,17660.0,4,145,57.7,1.0
13,2017,16995,1,13457.0,0,145,60.1,2.0
12,2019,9900,1,9861.0,4,145,43.5,1.2
13,2019,19000,1,14429.0,0,145,47.9,2.0
5,2018,11995,1,9129.0,4,145,65.7,1.0
13,2017,14000,1,18691.0,0,30,64.2,1.5
5,2018,11995,1,12906.0,4,150,65.7,1.0
2,2018,13900,1,18457.0,4,150,54.3,1.0
5,2019,14580,1,11677.0,4,145,55.4,1.0
6,2019,16160,0,11214.0,4,145,51.4,1.0
6,2019,15360,1,10567.0,4,145,58.9,1.0
6,2019,15270,1,14234.0,4,145,58.9,1.0
5,2013,7440,1,32228.0,4,0,65.7,1.0
2,2017,10291,1,2000.0,4,125,53.3,1.0
5,2013,6271,1,34456.0,4,30,54.3,1.2
6,2017,11500,1,30186.0,0,145,74.3,1.5
12,2017,8291,1,10521.0,4,145,57.7,1.2
13,2013,9980,1,46635.0,0,200,47.9,2.0
5,2013,4695,1,64256.0,4,30,54.3,1.2
13,2013,10995,1,41829.0,0,200,47.9,2.0
12,2016,8495,1,5693.0,4,30,57.7,1.2
6,2015,8498,1,25169.0,0,0,74.3,1.5
6,2019,16798,1,15305.0,0,145,62.8,2.0
5,2018,15498,2,9347.0,4,150,48.7,1.0
5,2017,9990,1,13051.0,4,145,65.7,1.0
6,2015,13352,1,33986.0,4,200,41.5,2.0
6,2019,17520,1,2269.0,4,145,60.1,1.0
6,2019,17520,1,3121.0,4,145,60.1,1.0
5,2019,13140,1,1825.0,4,145,48.7,1.1
5,2017,10451,1,14186.0,4,145,65.7,1.0
6,2019,17520,1,4764.0,4,145,60.1,1.0
5,2017,8351,1,26180.0,4,145,54.3,1.2
6,2018,18987,1,13081.0,0,145,67.3,2.0
5,2016,7250,1,35791.0,4,0,65.7,1.0
5,2013,7375,1,23222.0,4,0,65.7,1.0
6,2016,8500,1,61087.0,0,0,74.3,1.5
5,2015,7480,1,13967.0,4,125,54.3,1.2
5,2019,11495,1,14807.0,0,145,55.4,1.5
5,2015,6395,1,33373.0,4,30,54.3,1.2
5,2017,9395,1,38000.0,4,145,62.8,1.0
6,2014,7222,2,48308.0,4,160,44.8,1.6
6,2016,9082,1,41940.0,0,0,74.3,1.5
9,2016,9995,1,22120.0,4,30,54.3,1.0
5,2018,12000,1,30799.0,4,145,65.7,1.0
5,2019,14500,2,13271.0,4,145,48.7,1.0
6,2018,17000,1,14903.0,0,145,67.3,2.0
2,2019,14200,1,6250.0,0,145,68.9,1.5
5,2016,7991,1,11611.0,4,0,65.7,1.0
1,2015,8591,1,34792.0,4,30,55.4,1.0
13,2017,16070,1,24630.0,0,145,54.3,2.0
5,2015,5930,1,44882.0,4,125,54.3,1.2
1,2018,12830,1,16816.0,4,145,55.4,1.0
14,2016,12620,1,22736.0,0,30,64.2,2.0
6,2019,18420,0,6435.0,0,145,64.2,2.0
6,2020,19990,1,2525.0,4,145,58.9,1.0
13,2017,14270,1,20401.0,0,125,60.1,2.0
9,2017,11240,1,12054.0,4,30,54.3,1.0
8,2016,17990,1,23300.0,0,125,56.5,2.0
6,2016,10290,0,19816.0,4,125,51.4,1.0
1,2017,10530,1,11233.0,4,30,55.4,1.0
1,2018,11951,1,4929.0,4,145,55.4,1.0
2,2017,10330,1,18653.0,0,30,64.2,1.5
2,2015,8499,1,20521.0,4,125,53.3,1.0
6,2014,8794,1,42829.0,4,145,47.9,1.6
5,2019,11495,1,15762.0,0,145,55.4,1.5
2,2017,9900,1,10249.0,4,125,53.3,1.0
6,2019,14200,1,4393.0,0,145,80.7,1.5
2,2017,9500,1,25724.0,4,125,52.3,1.0
2,2017,9400,1,10268.0,4,125,52.3,1.0
5,2019,11800,1,17456.0,4,145,60.1,1.0
5,2018,11800,1,34671.0,4,145,65.7,1.0
8,2018,17900,1,19033.0,0,145,56.5,2.0
5,2019,14800,1,3457.0,4,150,55.4,1.0
5,2018,10500,1,30556.0,4,145,65.7,1.0
13,2015,13500,1,39578.0,0,150,54.3,2.0
5,2014,5791,1,39509.0,4,30,54.3,1.2
2,2018,13791,1,2368.0,4,150,54.3,1.0
5,2017,8491,1,29609.0,4,150,65.7,1.0
5,2014,7491,1,33909.0,4,0,65.7,1.0
18,2017,16407,1,35201.0,0,125,51.4,2.0
5,2018,13291,1,14773.0,4,150,58.9,1.0
5,2015,8291,1,37010.0,4,0,65.7,1.0
5,2017,8691,1,21478.0,4,150,65.7,1.0
5,2018,9391,1,24122.0,4,150,64.2,1.1
13,2019,16891,1,29425.0,0,150,54.3,1.5
2,2018,12291,1,10017.0,4,150,54.3,1.0
6,2018,12999,1,9500.0,4,145,57.7,1.0
6,2016,10699,2,12948.0,4,165,44.8,1.6
6,2014,7799,1,28009.0,4,20,60.1,1.0
5,2016,8499,1,20000.0,4,0,65.7,1.0
12,2017,7499,1,8200.0,4,150,57.7,1.2
21,2019,21400,1,5609.0,0,145,35.3,2.0
21,2019,21400,1,2763.0,0,150,35.3,2.0
21,2019,19997,1,29973.0,0,145,35.3,2.0
2,2018,12500,1,10000.0,4,150,53.3,1.0
5,2018,10300,1,39884.0,4,145,65.7,1.0
13,2014,8800,1,63615.0,0,145,53.3,2.0
3,2019,30500,2,6482.0,0,145,37.2,2.0
5,2018,12200,1,30195.0,4,145,65.7,1.0
5,2018,10300,1,35028.0,4,145,65.7,1.0
8,2016,19000,1,15701.0,0,125,56.5,2.0
5,2015,8010,1,35614.0,4,0,65.7,1.0
5,2019,13930,1,8998.0,4,145,60.1,1.0
5,2013,6840,1,32672.0,0,0,76.4,1.5
6,2019,15330,1,7246.0,4,145,60.1,1.0
0,2014,6091,1,45121.0,4,150,47.1,1.4
6,2017,9500,1,39382.0,4,20,60.1,1.0
6,2016,8750,1,46507.0,0,0,74.3,1.5
5,2015,7650,1,18397.0,0,0,76.4,1.5
5,2015,8595,1,16868.0,4,0,65.7,1.0
5,2018,9800,1,11683.0,4,150,65.7,1.0
6,2014,7800,1,51443.0,0,0,74.3,1.5
14,2019,22500,0,7058.0,2,140,47.1,2.0
6,2013,5800,1,79000.0,0,20,67.3,1.6
13,2017,16000,1,26685.0,0,150,60.1,2.0
6,2018,10491,1,23968.0,4,145,60.1,1.0
5,2016,7591,1,31110.0,4,0,65.7,1.0
5,2017,8151,1,32209.0,4,0,65.7,1.0
6,2018,17000,1,11587.0,0,145,67.3,2.0
13,2018,17000,0,15524.0,0,145,58.9,1.5
5,2019,13900,1,3254.0,4,145,56.5,1.0
5,2019,11700,1,16862.0,4,145,60.1,1.0
6,2019,17900,0,8221.0,0,145,74.3,1.5
18,2017,18000,1,32493.0,0,145,56.5,2.0
6,2018,13750,1,4915.0,0,145,74.3,1.5
6,2017,11920,2,10672.0,0,0,74.3,1.5
13,2017,12046,1,23926.0,0,30,64.2,1.5
12,2017,6990,1,19653.0,4,145,57.7,1.2
9,2017,10190,1,36333.0,0,145,64.2,1.5
5,2014,6761,1,44981.0,4,0,65.7,1.0
5,2019,15411,1,974.0,4,145,60.1,1.0
11,2015,4960,1,32711.0,4,30,57.7,1.2
5,2019,15650,1,15598.0,4,145,60.1,1.0
13,2017,17500,1,11115.0,0,145,54.3,2.0
6,2018,11490,1,27291.0,0,145,74.3,1.5
1,2016,10890,1,15511.0,0,20,68.9,1.5
6,2017,11991,2,8805.0,4,145,51.4,1.0
1,2017,9691,1,23901.0,0,20,68.9,1.5
6,2017,10691,1,35978.0,0,145,74.3,1.5
13,2017,12690,1,43503.0,0,145,60.1,2.0
12,2017,7291,1,16838.0,4,145,57.7,1.2
2,2018,12791,1,7885.0,4,145,54.3,1.0
5,2017,7891,1,58671.0,4,20,62.8,1.0
6,2018,11491,1,21289.0,4,145,60.1,1.0
13,2018,16390,1,11807.0,0,150,60.1,2.0
13,2014,10571,1,47433.0,0,205,47.9,2.0
6,2018,18800,1,13867.0,4,150,41.5,2.0
6,2017,10000,1,24670.0,0,0,74.3,1.5
6,2017,11000,1,21567.0,0,145,74.3,1.5
5,2014,5800,1,39371.0,4,30,54.3,1.2
5,2019,13800,1,5626.0,4,145,58.9,1.0
5,2017,9500,1,24303.0,4,0,65.7,1.0
5,2016,8500,1,64866.0,4,145,47.9,1.6
2,2017,9300,1,33464.0,4,125,53.3,1.0
5,2019,11900,1,16365.0,4,145,60.1,1.0
5,2019,15300,1,5093.0,4,145,55.4,1.0
2,2017,8700,1,28585.0,0,30,64.2,1.5
5,2017,9457,1,10003.0,4,145,64.2,1.1
5,2017,8591,1,20084.0,4,145,64.2,1.1
6,2019,15470,1,8958.0,4,145,49.6,1.0
5,2019,13670,1,14329.0,4,145,58.9,1.0
13,2015,13241,1,55362.0,0,145,54.3,2.0
5,2019,13020,1,5698.0,4,145,48.7,1.1
5,2019,13020,1,5998.0,4,145,48.7,1.1
8,2019,20800,1,9188.0,0,145,55.4,2.0
5,2018,8900,1,21250.0,4,145,64.2,1.1
6,2016,9677,1,30088.0,0,0,74.3,1.5
6,2016,10417,0,11990.0,4,125,51.4,1.0
3,2017,20440,1,11514.0,0,145,48.7,2.0
12,2018,9561,1,14907.0,4,145,43.5,1.2
2,2018,14780,1,8641.0,0,145,67.3,1.5
5,2018,9070,1,12268.0,4,145,64.2,1.1
5,2013,7550,1,19298.0,4,0,65.7,1.0
18,2016,13277,0,63691.0,0,125,52.3,2.0
13,2016,11550,1,29888.0,0,145,54.3,2.0
5,2018,10120,1,42436.0,4,145,56.5,1.0
5,2018,11000,1,28208.0,4,145,56.5,1.0
5,2018,11000,1,28949.0,4,145,56.5,1.0
5,2018,10891,1,30946.0,4,145,56.5,1.0
13,2019,21000,1,4944.0,0,145,47.9,2.0
3,2019,33000,0,10.0,0,145,37.2,2.0
6,2018,18500,1,16226.0,4,145,41.5,2.0
6,2017,10000,1,29888.0,0,145,74.3,1.5
5,2019,15700,1,4194.0,4,145,51.4,1.0
2,2017,10500,1,13324.0,4,125,52.3,1.0
1,2017,9200,1,68313.0,0,20,68.9,1.5
5,2015,9900,1,31399.0,4,150,47.9,1.6
5,2017,9998,1,17105.0,4,0,65.7,1.0
13,2017,14998,1,16595.0,4,145,45.6,1.5
6,2015,7998,1,27109.0,4,20,61.4,1.0
13,2015,10498,1,52952.0,0,125,60.1,2.0
13,2019,18998,1,13718.0,4,145,35.3,1.5
6,2019,16998,1,11370.0,0,145,74.3,1.5
6,2017,11498,1,40850.0,0,145,74.3,1.5
5,2018,9498,1,11048.0,4,145,55.4,1.1
5,2015,7798,1,24860.0,4,125,54.3,1.2
6,2019,19110,1,10018.0,4,145,50.4,1.5
12,2017,6491,1,45613.0,4,30,57.7,1.2
5,2017,10197,1,10152.0,4,145,62.8,1.0
5,2018,11200,1,14305.0,4,145,56.5,1.0
6,2014,7730,1,47394.0,0,20,67.3,1.6
5,2015,6531,1,50318.0,4,0,65.7,1.0
16,2020,21500,1,3198.0,4,145,50.4,1.0
6,2020,19990,0,5588.0,0,145,74.3,1.5
14,2015,9291,1,68560.0,0,0,78.5,1.5
5,2015,6470,1,30762.0,4,125,54.3,1.2
12,2019,10630,1,3257.0,4,145,47.9,1.2
13,2017,14380,1,11581.0,0,145,64.2,1.5
2,2017,9031,1,26584.0,0,150,64.2,1.5
6,2019,15340,1,9876.0,4,150,60.1,1.0
1,2015,11711,1,12096.0,4,30,55.4,1.0
5,2014,6221,1,46321.0,4,30,54.3,1.2
2,2018,13280,1,23034.0,4,145,54.3,1.0
5,2018,11200,1,13537.0,4,145,65.7,1.0
13,2018,15441,1,15960.0,0,150,54.3,1.5
12,2019,10630,1,2573.0,4,145,47.9,1.2
13,2015,9991,1,31322.0,0,125,60.1,2.0
6,2019,17520,1,4595.0,4,145,60.1,1.0
1,2014,7690,1,29495.0,0,125,55.4,2.0
3,2019,30000,2,12766.0,0,145,37.2,2.0
3,2017,19050,1,22168.0,0,145,48.7,2.0
1,2017,9421,1,23384.0,0,150,68.9,1.5
5,2017,13991,1,14294.0,4,145,47.9,1.6
5,2018,11611,1,10624.0,4,145,65.7,1.0
5,2017,9991,1,22025.0,4,145,65.7,1.0
13,2017,17131,1,13667.0,0,145,60.1,2.0
5,2014,6997,1,23303.0,4,0,65.7,1.0
5,2017,9460,1,7695.0,4,145,64.2,1.1
6,2018,18090,1,19055.0,4,145,41.5,2.0
5,2016,8510,1,11339.0,4,0,65.7,1.0
5,2018,10121,1,6500.0,4,145,65.7,1.0
6,2018,14491,1,22052.0,4,145,60.1,1.0
2,2016,8830,1,22582.0,4,125,52.3,1.0
13,2016,13297,0,26587.0,4,235,38.2,1.5
9,2016,10077,0,19704.0,0,30,58.9,1.5
12,2018,8580,1,17997.0,4,145,43.5,1.2
6,2019,15330,1,8109.0,4,145,60.1,1.0
6,2019,15450,1,10794.0,4,145,60.1,1.0
6,2019,18491,1,6121.0,4,145,58.9,1.0
6,2019,14540,1,5908.0,0,145,80.7,1.5
5,2016,7500,1,22313.0,4,0,65.7,1.0
6,2019,14110,1,7862.0,4,145,60.1,1.0
5,2019,16690,0,2781.0,4,145,48.7,1.0
1,2013,5391,1,75106.0,4,165,42.8,1.6
5,2016,7351,1,30385.0,4,0,65.7,1.0
1,2016,9161,1,42991.0,0,20,68.9,1.5
5,2017,9241,1,33372.0,0,150,85.6,1.5
6,2014,6591,1,80427.0,0,125,56.5,2.0
13,2019,21590,1,6688.0,0,145,39.2,2.0
5,2018,10570,1,14112.0,4,145,58.9,1.0
5,2016,9287,1,3200.0,4,0,65.7,1.0
5,2019,19360,1,1376.0,4,145,40.3,1.5
2,2017,9410,1,24376.0,4,125,53.3,1.0
6,2018,13291,1,23496.0,4,145,57.7,1.0
6,2019,16950,1,1592.0,4,145,60.1,1.0
0,2015,7960,1,30563.0,4,30,57.7,1.0
6,2019,17991,0,17520.0,4,145,50.4,1.0
1,2016,10000,1,24966.0,0,20,68.9,1.5
13,2019,18500,1,2100.0,0,150,38.2,2.0
6,2019,18795,1,4581.0,4,150,49.6,1.0
5,2018,11295,1,7100.0,4,150,65.7,1.0
13,2019,17991,1,3961.0,0,150,45.6,1.5
2,2018,12000,1,11671.0,4,150,54.3,1.0
12,2017,7795,1,6624.0,4,150,57.7,1.2
5,2018,10000,1,23280.0,4,150,65.7,1.0
6,2019,17500,1,7835.0,4,150,60.1,1.0
6,2019,17500,0,4281.0,4,145,51.4,1.0
5,2013,6100,1,29863.0,4,0,65.7,1.0
6,2019,17520,1,4132.0,4,145,60.1,1.0
6,2019,17520,1,1981.0,4,145,60.1,1.0
6,2019,17020,1,12580.0,4,145,60.1,1.0
5,2019,13130,1,4009.0,4,145,48.7,1.1
5,2019,12980,1,4181.0,4,145,48.7,1.1
6,2018,12630,1,20790.0,4,145,57.7,1.0
13,2019,18000,1,7698.0,0,150,38.2,2.0
6,2019,16295,1,8911.0,4,150,60.1,1.0
6,2019,18500,1,7200.0,4,150,46.3,1.5
6,2019,17295,1,4870.0,4,150,58.9,1.0
6,2019,17500,1,2160.0,4,150,58.9,1.0
6,2019,16500,1,2901.0,4,150,58.9,1.0
1,2017,10700,1,25043.0,4,30,55.4,1.0
13,2017,14000,1,20333.0,0,150,64.2,1.5
13,2017,14795,1,42917.0,0,125,60.1,2.0
12,2018,7795,1,15345.0,4,145,57.7,1.2
13,2017,13100,1,34333.0,0,125,60.1,2.0
6,2019,15295,1,5396.0,4,145,60.1,1.0
2,2017,10200,1,20590.0,4,125,52.3,1.0
2,2015,8300,1,18833.0,4,125,52.3,1.0
5,2019,13500,1,6740.0,4,145,58.9,1.0
8,2017,20000,1,20888.0,0,125,56.5,2.0
5,2018,11400,1,9145.0,4,145,65.7,1.0
13,2018,15000,1,13805.0,0,145,64.2,1.5
6,2019,16000,1,9209.0,4,145,49.6,1.0
6,2019,15295,0,8421.0,4,145,50.4,1.0
6,2018,15295,1,4544.0,0,145,74.3,1.5
6,2019,15295,1,9695.0,4,145,58.9,1.0
6,2019,15295,1,11817.0,4,145,58.9,1.0
6,2019,15295,1,12556.0,4,145,58.9,1.0
5,2019,14000,1,8642.0,4,145,55.4,1.0
5,2019,16295,2,7698.0,4,145,48.7,1.0
3,2018,22000,1,15413.0,0,145,47.9,2.0
5,2019,22000,1,2664.0,4,145,40.4,1.5
5,2017,11000,1,12500.0,4,150,65.7,1.0
8,2019,26500,1,5593.0,0,150,55.4,2.0
5,2019,11490,1,22500.0,4,145,65.7,1.0
6,2018,11990,1,21289.0,4,150,60.1,1.0
6,2018,11490,1,21000.0,4,150,60.1,1.0
6,2016,9490,1,59249.0,4,20,60.1,1.0
2,2020,16990,1,10.0,4,150,53.3,1.0
13,2017,17990,1,30842.0,0,150,54.3,2.0
6,2018,12490,1,11320.0,4,150,60.1,1.0
6,2017,10990,1,17239.0,4,150,60.1,1.0
2,2015,7995,1,28761.0,0,30,61.4,1.5
1,2017,12995,1,4318.0,0,20,68.9,1.5
5,2018,10990,1,19242.0,4,145,65.7,1.0
5,2018,10790,1,28564.0,4,145,65.7,1.0
5,2017,10790,2,20836.0,4,0,57.7,1.0
6,2018,18995,1,20294.0,4,145,41.5,2.0
1,2016,9995,1,23672.0,4,30,55.4,1.0
5,2019,11998,1,5478.0,4,145,58.9,1.0
13,2016,11998,0,20010.0,4,235,38.2,1.5
13,2018,16790,1,7714.0,4,145,45.6,1.5
5,2018,10990,1,13379.0,4,145,58.9,1.0
6,2016,9990,1,59407.0,4,20,58.9,1.0
8,2018,17990,1,31909.0,0,145,56.5,2.0
5,2018,10490,1,31593.0,4,145,65.7,1.0
6,2018,18990,1,8624.0,4,145,41.5,2.0
6,2019,15790,0,5114.0,0,145,64.2,2.0
9,2017,10998,1,21738.0,0,30,64.2,1.5
13,2014,11395,2,26021.0,0,200,45.6,2.0
13,2017,12295,1,41181.0,0,30,64.2,1.5
18,2016,18395,0,33261.0,4,260,35.8,2.0
5,2016,9795,1,27580.0,0,0,78.5,1.5
5,2014,7595,1,40515.0,4,0,65.7,1.0
6,2017,12795,1,7299.0,0,145,74.3,1.5
6,2018,11795,1,11086.0,4,145,60.1,1.0
6,2019,19500,0,5589.0,0,145,64.2,2.0
6,2019,19000,1,5672.0,0,145,70.6,2.0
6,2019,19500,0,3374.0,0,145,50.4,1.5
6,2019,20000,1,6156.0,0,145,57.7,1.5
6,2019,19500,0,6307.0,0,145,64.2,2.0
5,2019,16000,1,6255.0,4,145,55.4,1.0
8,2019,27853,2,4101.0,0,145,54.3,2.0
6,2017,11490,1,63686.0,0,20,70.6,2.0
5,2018,10490,1,33906.0,4,150,65.7,1.0
5,2018,11490,1,30600.0,4,150,65.7,1.0
18,2017,16490,1,31315.0,4,150,43.5,1.5
2,2017,11990,1,3546.0,0,30,64.2,1.5
13,2017,17990,1,10850.0,0,125,60.1,2.0
13,2018,17990,1,30875.0,0,145,54.3,2.0
6,2015,8990,1,36574.0,4,20,60.1,1.0
9,2016,13990,1,28982.0,0,30,64.2,1.5
5,2015,7440,1,19913.0,4,0,65.7,1.0
13,2013,11090,2,36123.0,0,200,45.6,2.0
5,2014,9139,1,39482.0,4,145,47.9,1.6
5,2013,7590,0,22724.0,4,145,47.9,1.6
6,2017,16980,2,25782.0,0,145,61.4,2.0
1,2016,10900,1,15466.0,4,30,55.4,1.0
6,2017,9940,1,25887.0,0,0,74.3,1.5
5,2018,9990,1,10297.0,4,150,64.2,1.1
6,2015,6980,1,61689.0,0,0,74.3,1.5
0,2013,4985,1,65389.0,4,30,55.4,1.0
2,2015,7490,1,46212.0,4,125,53.3,1.0
6,2016,10291,2,21156.0,4,125,51.4,1.0
5,2019,10995,1,6882.0,4,145,64.2,1.1
5,2019,14795,1,8804.0,4,145,60.1,1.0
6,2020,18495,1,5500.0,4,145,60.1,1.0
18,2016,15895,1,34754.0,0,125,56.5,2.0
5,2019,11495,1,13915.0,4,145,58.9,1.0
12,2018,8799,1,21135.0,4,145,43.5,1.2
13,2014,10950,1,40666.0,0,160,47.9,2.0
5,2018,10360,1,39478.0,4,150,56.5,1.0
5,2017,8740,1,13196.0,4,0,65.7,1.0
18,2017,17980,1,16270.0,0,145,56.5,2.0
2,2014,7495,1,37544.0,0,30,61.4,1.5
2,2015,7999,1,24409.0,4,125,52.3,1.0
13,2019,19999,1,3457.0,4,145,35.3,1.5
6,2017,12790,2,8881.0,4,125,51.4,1.0
5,2018,11990,1,13343.0,4,145,58.9,1.0
5,2019,13990,2,1307.0,4,145,48.7,1.0
2,2019,16490,1,2915.0,4,145,51.4,1.0
6,2018,13790,1,9311.0,4,145,51.4,1.5
6,2015,8490,1,65273.0,0,0,74.3,1.5
13,2019,19999,1,4178.0,4,145,35.3,1.5
5,2016,6790,1,28991.0,4,125,54.3,1.2
6,2015,7260,1,60661.0,4,20,60.1,1.0
3,2017,21060,1,27210.0,0,145,47.9,2.0
5,2018,9991,1,20727.0,4,145,58.9,1.0
5,2015,7490,1,44926.0,4,0,65.7,1.0
5,2018,11250,1,21666.0,4,150,56.5,1.0
18,2015,15440,1,24421.0,4,165,43.5,1.5
13,2018,18499,1,4510.0,0,145,54.3,1.5
5,2018,12500,1,10258.0,4,145,62.8,1.0
13,2017,14500,1,47233.0,0,145,54.3,2.0
5,2017,9850,1,6229.0,4,145,65.7,1.0
13,2019,22000,1,153.0,0,145,47.9,2.0
5,2019,15999,1,214.0,4,145,58.9,1.0
14,2017,13500,1,31499.0,0,145,68.9,2.0
1,2017,8750,1,41655.0,0,20,68.9,1.5
5,2016,8999,1,17870.0,4,20,62.8,1.0
6,2014,7999,1,29160.0,4,30,56.5,1.0
2,2017,9499,1,23001.0,4,145,52.3,1.0
6,2016,9250,1,41020.0,0,0,74.3,1.5
5,2016,9850,1,23822.0,4,20,62.8,1.0
13,2018,13499,2,36175.0,0,145,58.9,1.5
13,2018,15999,1,31365.0,0,145,60.1,2.0
5,2018,10250,1,12292.0,4,145,65.7,1.0
2,2016,10299,1,22399.0,4,125,52.3,1.0
12,2017,6999,1,25088.0,4,145,57.7,1.2
13,2019,18000,1,4850.0,0,145,47.9,2.0
6,2018,11500,1,23890.0,0,145,74.3,1.5
2,2018,12999,1,23077.0,0,145,68.9,1.5
8,2017,18999,1,32750.0,0,125,56.5,2.0
6,2016,10350,1,19508.0,0,0,74.3,1.5
13,2018,14999,1,46140.0,0,145,64.2,1.5
13,2019,18499,1,9502.0,0,145,38.2,2.0
13,2017,15999,2,10481.0,0,145,58.9,1.5
18,2017,17999,1,38857.0,0,145,56.5,2.0
2,2018,13499,1,16085.0,4,145,54.3,1.0
2,2018,14299,1,16839.0,4,145,54.3,1.0
6,2018,18499,1,15254.0,4,145,41.5,2.0
5,2019,11285,1,19788.0,0,150,55.4,1.5
5,2019,11785,1,9726.0,0,150,55.4,1.5
8,2018,14285,1,50638.0,0,150,56.5,2.0
8,2018,13985,1,55203.0,0,150,56.5,2.0
13,2017,15985,1,16729.0,0,150,60.1,2.0
5,2017,7295,1,22732.0,4,125,54.3,1.2
18,2017,19695,0,29678.0,4,145,35.8,2.0
21,2016,19698,1,11960.0,0,200,44.8,2.0
1,2017,11798,1,10479.0,0,20,68.9,1.5
3,2016,17998,1,22347.0,0,160,48.7,2.0
5,2014,6998,1,33393.0,0,0,76.4,1.5
13,2018,18998,1,7395.0,4,150,39.2,1.5
13,2017,14298,1,50736.0,0,150,54.3,2.0
6,2015,9498,1,22224.0,0,0,74.3,1.5
13,2019,19498,1,9347.0,4,145,39.2,1.5
13,2017,13298,1,19322.0,0,30,64.2,1.5
6,2018,18998,1,19139.0,0,145,67.3,2.0
6,2013,5498,1,59812.0,4,145,47.9,1.6
6,2014,6998,1,68650.0,0,20,67.3,1.6
6,2017,16271,1,27403.0,0,20,67.3,2.0
6,2017,16997,1,17343.0,4,200,41.5,2.0
6,2018,12800,1,23842.0,0,145,74.3,1.5
5,2018,14157,1,6346.0,4,145,60.1,1.0
5,2017,9160,1,8984.0,4,145,64.2,1.1
5,2016,7986,1,19763.0,4,125,54.3,1.2
0,2016,8139,1,25745.0,0,0,74.4,1.5
6,2015,9000,1,29711.0,0,20,67.3,1.6
18,2018,17998,1,27672.0,0,145,56.5,2.0
5,2017,7798,1,16302.0,4,145,54.3,1.2
13,2019,17499,1,6351.0,0,145,45.6,1.5
6,2018,12999,2,13860.0,4,145,51.4,1.0
9,2016,9899,1,18415.0,0,30,64.2,1.5
9,2017,10999,1,51024.0,4,30,54.3,1.0
13,2017,14999,1,16620.0,0,125,60.1,2.0
15,2016,27999,2,26104.0,4,570,20.8,5.0
1,2018,11799,1,8432.0,4,145,55.4,1.0
13,2017,13999,1,25594.0,0,145,64.2,1.5
0,2014,7895,2,6271.0,4,165,44.1,1.6
21,2018,20000,1,14292.0,0,145,32.5,2.0
5,2015,7995,1,28000.0,4,0,65.7,1.0
6,2015,9400,1,10414.0,4,20,60.1,1.0
2,2017,10400,1,15500.0,4,150,53.3,1.0
5,2020,12995,1,4000.0,4,145,55.4,1.1
5,2018,10500,1,7959.0,4,145,55.4,1.1
5,2018,10295,1,26595.0,4,145,65.7,1.0
13,2018,16695,1,20026.0,0,145,54.3,1.5
6,2018,14000,1,14025.0,0,145,74.3,1.5
1,2017,10295,1,20013.0,4,30,55.4,1.0
21,2018,20000,1,13306.0,0,145,32.5,2.0
6,2018,11992,1,15814.0,4,145,57.7,1.0
14,2014,7885,1,58000.0,0,30,62.8,2.0
13,2020,31000,2,10.0,2,135,201.8,2.5
5,2016,7999,1,24486.0,4,0,65.7,1.0
5,2017,9499,1,17310.0,4,145,65.7,1.0
12,2017,6999,1,19867.0,4,145,57.7,1.2
12,2017,7499,1,12754.0,4,145,57.7,1.2
6,2018,13999,1,21997.0,0,145,80.7,1.5
18,2017,17999,1,40443.0,0,145,56.5,2.0
14,2015,10499,1,27381.0,0,20,68.9,2.0
9,2015,10499,2,26217.0,0,125,56.5,2.0
6,2017,10499,1,16016.0,0,0,74.3,1.5
5,2015,7240,1,21036.0,4,125,54.3,1.2
6,2016,9499,1,29299.0,0,0,74.3,1.5
5,2018,13299,1,20543.0,4,145,58.9,1.0
13,2017,16499,1,17802.0,0,145,60.1,2.0
2,2015,7499,1,45621.0,4,125,52.3,1.0
5,2017,10999,1,17314.0,4,0,65.7,1.0
5,2018,16499,1,12299.0,4,145,40.3,1.5
6,2018,12999,1,25126.0,4,145,57.7,1.0
0,2017,10399,1,14514.0,4,145,55.4,1.0
2,2017,11499,1,20057.0,4,145,52.3,1.0
13,2017,13785,1,21338.0,0,30,64.2,1.5
14,2019,13985,2,33036.0,0,150,45.6,2.0
14,2019,13785,2,36180.0,0,150,45.6,2.0
14,2019,14685,2,22505.0,0,150,45.6,2.0
5,2019,11185,1,20707.0,0,150,55.4,1.5
5,2018,11999,1,2691.0,4,150,65.7,1.0
13,2018,15999,2,20391.0,0,150,58.9,1.5
6,2018,18999,1,20298.0,0,150,67.3,2.0
6,2013,10999,1,37483.0,4,235,39.2,2.0
13,2017,17999,2,16202.0,0,145,58.9,1.5
6,2018,14999,1,9795.0,4,145,58.9,1.0
13,2018,17999,0,19273.0,4,145,31.0,1.5
5,2018,11699,1,10837.0,4,145,65.7,1.0
5,2017,9999,1,4524.0,4,145,64.2,1.1
6,2017,11499,1,30905.0,0,145,70.6,2.0
18,2017,20999,2,17864.0,0,145,52.3,2.0
10,2016,13490,1,13608.0,0,30,64.2,1.5
13,2018,16790,1,10403.0,0,145,54.3,2.0
6,2015,8500,1,24004.0,0,0,74.3,1.5
6,2017,12250,1,14728.0,4,145,51.4,1.5
6,2013,6291,1,46830.0,0,20,67.3,1.6
13,2015,12300,1,46249.0,0,125,60.1,2.0
5,2015,8220,1,18240.0,0,0,85.6,1.6
5,2018,11000,1,31511.0,4,145,56.5,1.0
14,2016,7490,1,80085.0,0,0,78.5,1.5
6,2018,11999,1,16473.0,4,145,60.1,1.0
5,2016,10499,1,32742.0,4,145,47.9,1.6
6,2017,10499,1,15712.0,0,145,74.3,1.5
5,2014,8299,1,22896.0,4,0,65.7,1.0
13,2016,13999,1,33608.0,0,125,60.1,2.0
6,2016,8999,1,23784.0,4,20,60.1,1.0
3,2019,29999,2,7999.0,0,145,37.2,2.0
3,2019,29999,2,9685.0,0,145,37.2,2.0
5,2017,8499,1,15613.0,4,0,65.7,1.0
0,2017,7720,1,50074.0,0,0,74.4,1.5
12,2018,7940,1,11566.0,4,145,57.7,1.2
5,2018,9920,1,15862.0,4,145,65.7,1.0
6,2019,17160,0,6214.0,4,145,51.4,1.0
6,2019,17750,1,4827.0,4,145,60.1,1.0
5,2019,16680,0,10352.0,4,145,48.7,1.0
6,2020,20391,0,2738.0,0,145,74.3,1.5
5,2017,8470,1,17466.0,4,0,65.7,1.0
5,2017,9430,1,15679.0,4,145,65.7,1.0
6,2018,18647,1,19017.0,4,145,41.5,2.0
5,2018,12391,1,5103.0,4,145,65.7,1.0
5,2018,8999,1,32496.0,4,145,64.2,1.1
6,2018,29390,1,7005.0,4,150,36.7,2.3
5,2018,11400,1,9100.0,4,145,56.5,1.0
5,2016,10210,1,18574.0,4,0,65.7,1.0
6,2018,17400,1,11616.0,4,145,41.5,2.0
13,2019,17580,1,10407.0,0,145,38.2,2.0
3,2016,18091,2,44224.0,0,160,48.7,2.0
1,2016,8330,1,37172.0,0,20,68.9,1.5
13,2013,7991,1,76919.0,0,145,53.3,2.0
6,2019,19110,0,3277.0,0,145,51.4,2.0
5,2018,11060,1,26915.0,0,145,58.9,1.5
5,2015,8991,1,30568.0,4,0,65.7,1.0
6,2013,5820,1,95723.0,0,20,67.3,1.6
6,2014,7491,1,31103.0,4,30,56.5,1.0
6,2014,7830,1,28598.0,4,30,56.5,1.0
6,2019,14800,1,23477.0,4,145,60.1,1.0
6,2019,15390,1,5301.0,4,145,60.1,1.0
13,2019,18250,1,15742.0,0,145,54.3,1.5
5,2013,5991,1,34519.0,4,30,54.3,1.2
14,2019,19400,1,5753.0,0,145,65.7,2.0
13,2016,14500,1,25724.0,0,145,54.3,2.0
6,2019,14000,1,9236.0,4,145,60.1,1.0
5,2019,16295,2,7960.0,4,145,48.7,1.0
1,2015,7295,1,46973.0,0,20,68.9,1.5
5,2017,9000,1,19016.0,4,145,64.2,1.1
6,2018,19000,1,11923.0,4,145,41.5,2.0
13,2017,16000,1,16988.0,0,145,64.2,1.5
5,2016,10000,2,7612.0,4,0,57.7,1.0
6,2016,11795,1,22220.0,0,0,74.3,1.5
6,2019,16995,1,10584.0,0,145,80.7,1.5
5,2017,10495,1,16501.0,4,145,65.7,1.0
1,2016,9995,1,31888.0,0,20,68.9,1.5
5,2014,9495,1,21259.0,4,0,65.7,1.0
12,2018,7370,1,20311.0,4,145,57.7,1.2
5,2016,9617,1,17897.0,4,0,65.7,1.0
5,2017,9530,1,11112.0,4,145,65.7,1.0
6,2018,13270,1,33362.0,0,145,80.7,1.5
6,2015,7990,1,39621.0,0,0,74.3,1.5
6,2013,6920,1,34996.0,4,30,56.5,1.0
2,2018,12680,1,4031.0,0,145,68.9,1.5
1,2013,5880,1,46079.0,0,30,61.4,1.6
1,2014,6995,1,69984.0,0,30,61.4,1.6
13,2016,16296,2,22771.0,0,145,52.3,2.0
6,2017,10993,1,17797.0,4,20,61.4,1.0
5,2019,13995,1,8318.0,4,145,58.9,1.0
2,2017,10795,1,22144.0,4,125,52.3,1.0
5,2019,14495,1,1100.0,4,145,58.9,1.0
5,2017,7990,1,47165.0,4,0,65.7,1.0
6,2016,13995,1,32000.0,0,20,67.3,2.0
5,2013,7372,1,34062.0,4,0,65.7,1.0
0,2017,9991,2,9622.0,4,160,44.1,1.6
18,2016,15791,1,42148.0,0,125,56.5,2.0
5,2018,9990,1,30311.0,4,145,56.5,1.0
6,2016,15990,1,16107.0,0,20,67.3,2.0
18,2017,14990,1,49789.0,0,145,56.5,2.0
13,2019,17990,1,12009.0,4,145,39.2,1.5
13,2019,18990,1,11013.0,0,145,36.7,2.0
5,2017,10490,1,7970.0,4,145,65.7,1.0
6,2019,15990,1,6314.0,4,145,60.1,1.0
6,2019,26490,1,2903.0,4,145,34.5,2.3
5,2018,11390,1,18268.0,4,145,65.7,1.0
2,2018,12990,1,20088.0,4,145,54.3,1.0
16,2020,19990,1,2477.0,4,145,50.4,1.0
5,2019,16990,0,5452.0,4,145,48.7,1.0
2,2018,15210,1,6387.0,4,145,54.3,1.0
5,2018,11491,1,5276.0,4,145,58.9,1.0
5,2017,8570,1,13670.0,4,145,65.7,1.0
6,2019,19075,0,5671.0,0,145,64.2,2.0
2,2017,8392,1,22148.0,0,150,64.2,1.5
13,2018,19500,1,24509.0,0,150,54.3,2.0
5,2016,6390,1,42458.0,4,125,54.3,1.2
6,2016,10390,1,31589.0,0,0,74.3,1.5
6,2015,7990,1,45323.0,0,20,67.3,1.6
5,2016,10250,1,12985.0,4,0,65.7,1.0
5,2016,8600,1,27769.0,4,125,54.3,1.2
2,2016,8250,1,42883.0,4,125,52.3,1.0
2,2017,11700,1,15316.0,4,125,52.3,1.0
5,2016,10750,1,17023.0,4,20,62.8,1.0
12,2018,8800,1,15700.0,4,145,57.7,1.2
12,2018,8500,1,20867.0,4,145,57.7,1.2
5,2018,11500,1,30308.0,4,145,65.7,1.0
5,2018,11250,1,12997.0,4,145,58.9,1.0
2,2017,10750,1,43958.0,4,125,52.3,1.0
1,2016,9380,1,21895.0,4,30,55.4,1.0
14,2017,9490,1,77368.0,0,30,65.7,2.0
5,2018,11250,1,15581.0,4,145,56.5,1.0
5,2016,9840,1,21838.0,0,0,78.5,1.5
5,2018,9990,1,29187.0,4,145,65.7,1.0
6,2017,11080,2,14681.0,4,125,51.4,1.0
5,2017,8400,1,30000.0,4,125,54.3,1.2
5,2017,9190,1,24238.0,4,20,62.8,1.0
14,2017,10490,1,59204.0,0,30,65.7,2.0
14,2017,10590,1,56663.0,0,30,65.7,2.0
5,2018,12000,1,8567.0,4,145,62.8,1.0
13,2015,15150,0,8403.0,4,235,38.2,1.5
5,2014,9000,1,14321.0,4,0,65.7,1.0
13,2017,15750,2,44134.0,0,145,54.3,2.0
0,2017,10500,1,7743.0,4,145,55.4,1.0
6,2019,17500,1,13402.0,4,145,48.7,1.0
6,2018,12750,1,8558.0,4,145,60.1,1.0
11,2015,4800,1,30938.0,4,30,57.7,1.2
13,2018,22991,1,11671.0,0,150,39.2,2.0
13,2018,15750,1,19254.0,0,150,60.1,2.0
2,2018,13500,1,9840.0,0,145,68.9,1.5
5,2018,10795,1,5247.0,4,145,65.7,1.0
3,2016,20500,2,28500.0,0,200,47.9,2.0
6,2019,16295,1,7412.0,4,145,58.9,1.0
6,2019,16000,1,10592.0,4,150,49.6,1.0
5,2018,15000,1,5912.0,4,150,65.7,1.0
5,2018,11895,1,9820.0,4,150,65.7,1.0
14,2017,13000,0,30765.0,4,205,43.5,1.5
12,2018,8000,1,8945.0,4,150,57.7,1.2
5,2016,9190,1,11414.0,4,0,65.7,1.0
6,2018,11680,1,22854.0,4,145,60.1,1.0
13,2017,15890,1,36102.0,0,145,54.3,2.0
5,2014,6680,1,45926.0,4,0,65.7,1.0
6,2019,14548,1,19768.0,0,145,80.7,1.5
6,2014,5752,1,72475.0,4,30,56.5,1.0
11,2015,4942,1,12905.0,4,30,57.7,1.2
5,2017,10395,1,17854.0,4,150,65.7,1.0
8,2019,26495,0,8156.0,0,145,54.3,2.0
5,2018,11595,1,16932.0,0,150,58.9,1.5
11,2015,5995,1,8335.0,4,30,57.7,1.2
5,2017,9995,1,35552.0,4,150,65.7,1.0
13,2015,10620,1,81547.0,0,145,54.3,2.0
13,2017,14180,1,29000.0,0,150,60.1,2.0
6,2019,15785,1,9000.0,4,150,60.1,1.0
14,2017,17990,2,30000.0,0,150,58.9,2.0
5,2017,9670,1,26000.0,4,150,65.7,1.0
13,2014,11995,0,40221.0,4,235,38.2,1.5
13,2016,15000,2,22841.0,0,145,52.3,2.0
6,2017,11499,1,23187.0,4,145,60.1,1.0
13,2019,18500,1,9306.0,0,145,45.6,1.5
6,2017,10999,2,33362.0,4,145,51.4,1.0
14,2016,11000,1,26906.0,0,0,78.5,1.5
12,2018,6724,1,23800.0,4,145,57.7,1.2
12,2017,7500,1,36262.0,4,145,57.7,1.2
5,2014,6000,1,52533.0,4,30,54.3,1.2
6,2017,11990,1,29478.0,0,145,74.3,1.5
1,2019,16325,0,7500.0,4,145,36.7,1.5
13,2017,14990,1,11675.0,0,145,60.1,2.0
5,2019,12500,1,11500.0,4,145,58.9,1.0
6,2017,10150,1,18291.0,4,145,61.4,1.0
13,2018,15450,1,11812.0,0,145,60.1,2.0
2,2017,10485,1,20676.0,4,145,52.3,1.0
5,2020,17250,1,1000.0,4,145,60.1,1.0
2,2020,22450,1,500.0,4,145,51.4,1.0
5,2020,21865,1,500.0,4,145,55.4,1.0
5,2014,5500,1,50354.0,4,30,54.3,1.2
6,2017,18500,1,16292.0,4,145,41.5,2.0
5,2016,7995,1,17021.0,4,125,54.3,1.2
13,2018,15495,1,14131.0,0,145,60.1,2.0
13,2018,15800,1,24427.0,0,145,54.3,1.5
13,2017,14500,1,19693.0,0,30,64.2,1.5
12,2018,7900,1,29339.0,4,145,57.7,1.2
5,2018,10500,1,19434.0,4,145,65.7,1.0
2,2017,10300,1,20833.0,4,145,52.3,1.0
5,2018,11800,1,11456.0,4,145,65.7,1.0
5,2018,11500,1,33694.0,4,145,65.7,1.0
5,2017,9770,1,9766.0,4,145,64.2,1.1
5,2018,9950,1,7056.0,4,145,65.7,1.0
5,2014,5391,1,89936.0,0,0,78.5,1.6
2,2017,10290,1,21445.0,4,125,52.3,1.0
8,2014,11950,1,44314.0,0,150,49.6,2.0
5,2016,9970,1,40708.0,4,150,47.9,1.6
14,2016,15975,0,9396.0,1,0,67.3,2.0
5,2017,9500,1,22312.0,4,0,65.7,1.0
13,2019,21200,1,5596.0,4,145,35.3,1.5
12,2018,10250,1,9023.0,4,145,43.5,1.2
5,2018,12000,1,30418.0,4,145,62.8,1.0
8,2017,20000,1,25183.0,0,125,56.5,2.0
6,2017,18250,1,11323.0,4,200,41.5,2.0
13,2017,14440,1,19864.0,0,125,60.1,2.0
5,2018,10190,1,13487.0,4,145,65.7,1.0
18,2018,23038,2,15019.0,0,145,52.3,2.0
6,2015,8810,1,45463.0,0,0,74.3,1.5
5,2018,12448,1,13666.0,4,145,56.5,1.0
21,2017,19490,1,23838.0,0,150,44.8,2.0
13,2017,14450,1,25038.0,0,150,60.1,2.0
5,2018,9985,1,9228.0,4,150,65.7,1.0
14,2016,14450,0,36875.0,4,240,38.7,2.0
5,2018,12250,1,14401.0,4,150,65.7,1.0
6,2013,5450,1,79285.0,0,20,67.3,1.6
3,2017,22450,2,29000.0,0,150,47.9,2.0
5,2018,10950,1,17000.0,4,150,65.7,1.0
6,2019,17500,1,7241.0,4,145,58.9,1.0
5,2018,12000,1,9684.0,4,150,60.1,1.0
5,2015,7395,1,38185.0,0,0,78.5,1.5
5,2016,11495,1,31000.0,4,145,47.9,1.6
13,2019,21295,2,3214.0,0,145,42.2,2.0
13,2019,23690,2,8316.0,0,145,38.7,2.0
13,2019,18985,1,9965.0,4,145,35.3,1.5
5,2017,9950,1,32482.0,4,0,65.7,1.0
13,2019,19750,0,1000.0,4,145,28.8,1.5
6,2018,11790,2,26694.0,4,145,51.4,1.0
5,2015,10700,1,11422.0,4,20,62.8,1.0
12,2017,8600,1,9777.0,4,145,57.7,1.2
12,2016,8000,1,19681.0,4,30,57.7,1.2
5,2017,9700,1,16136.0,4,0,65.7,1.0
5,2013,6900,1,52158.0,4,0,65.7,1.0
5,2018,12500,1,10827.0,4,145,65.7,1.0
9,2018,14000,1,18614.0,4,145,54.3,1.0
5,2017,9750,1,19476.0,0,0,78.5,1.5
12,2018,10500,1,4769.0,4,145,43.5,1.2
5,2017,9000,1,29172.0,4,145,54.3,1.2
6,2018,15375,0,6660.0,4,145,50.4,1.0
2,2017,9280,1,20063.0,4,145,52.3,1.0
5,2017,11450,1,2000.0,4,145,65.7,1.0
13,2019,20450,1,2000.0,0,145,38.2,2.0
6,2018,19000,2,14976.0,0,145,61.4,2.0
2,2019,16875,1,500.0,4,145,51.4,1.0
5,2019,22450,1,1182.0,4,145,40.4,1.5
6,2016,8450,2,46000.0,4,125,51.4,1.0
13,2019,18000,1,15269.0,0,145,38.2,2.0
5,2016,5995,1,79651.0,4,0,65.7,1.0
6,2017,10990,1,11000.0,4,145,61.4,1.0
2,2016,11000,1,2700.0,4,125,53.3,1.0
6,2018,13000,1,39448.0,0,150,74.3,1.5
0,2017,11000,1,10300.0,4,150,55.4,1.0
6,2017,11000,1,19239.0,0,0,74.3,1.5
2,2017,10000,1,19190.0,0,150,64.2,1.5
5,2016,9295,1,36500.0,0,0,78.5,1.5
13,2017,14995,1,21615.0,0,125,60.1,2.0
6,2014,6950,1,36996.0,4,30,56.5,1.0
5,2017,8460,1,15763.0,4,0,65.7,1.0
5,2018,9300,1,25251.0,4,145,65.7,1.0
6,2016,11810,2,5034.0,4,125,51.4,1.0
6,2015,6730,1,78164.0,0,20,67.3,1.6
5,2015,7691,1,34296.0,4,0,65.7,1.0
6,2020,18511,1,771.0,0,150,74.3,1.5
5,2018,11721,1,11191.0,4,150,65.7,1.0
2,2015,7591,1,35468.0,4,125,52.3,1.0
5,2017,11191,1,10950.0,4,145,65.7,1.0
6,2016,7391,1,49089.0,4,20,61.4,1.0
6,2014,8291,1,26900.0,4,20,58.9,1.0
6,2015,7350,1,59201.0,0,20,67.3,1.6
0,2013,6051,1,26046.0,4,145,47.1,1.4
5,2015,8040,1,25283.0,4,0,65.7,1.0
6,2018,15340,1,10551.0,4,145,60.1,1.0
6,2017,11220,2,22132.0,4,125,51.4,1.0
5,2018,12495,1,16257.0,4,145,62.8,1.0
5,2015,6995,1,8034.0,4,125,54.3,1.2
5,2017,11000,1,23722.0,4,145,65.7,1.0
6,2019,18000,1,5000.0,4,145,49.6,1.0
3,2017,17495,1,48000.0,0,160,48.7,2.0
5,2018,12000,1,8230.0,4,145,65.7,1.0
5,2019,15495,1,2100.0,4,145,62.8,1.0
6,2017,11000,1,29000.0,0,145,74.3,1.5
5,2018,9495,1,17300.0,4,145,64.2,1.1
5,2018,11490,1,8819.0,4,145,65.7,1.0
5,2017,10490,1,14250.0,4,145,65.7,1.0
5,2017,10000,1,37200.0,4,145,65.7,1.0
2,2018,12770,1,12000.0,4,145,53.3,1.0
0,2013,6495,1,33000.0,0,20,68.9,1.5
5,2018,11000,1,15000.0,4,145,55.4,1.0
5,2019,13440,1,14802.0,4,145,65.7,1.0
5,2016,9000,1,32148.0,4,0,65.7,1.0
6,2018,18000,0,12154.0,4,150,47.9,1.5
13,2017,15000,1,41100.0,0,125,60.1,2.0
6,2018,15490,1,6900.0,0,150,80.7,1.5
5,2018,11000,1,31692.0,4,145,65.7,1.0
5,2015,8999,1,19000.0,4,0,65.7,1.0
1,2016,10000,1,37000.0,0,20,68.9,1.5
5,2016,8000,1,33048.0,0,0,78.5,1.5
5,2017,8495,1,33000.0,4,125,54.3,1.2
13,2018,18000,2,27964.0,0,145,54.3,2.0
5,2017,9000,1,20682.0,4,150,65.7,1.0
2,2018,15000,1,6846.0,4,150,54.3,1.0
6,2015,7800,1,40523.0,4,20,61.4,1.0
6,2014,7500,1,58289.0,4,30,55.4,1.0
5,2018,12490,1,11200.0,4,145,55.4,1.1
5,2016,7991,1,22099.0,4,0,65.7,1.0
6,2019,17520,1,5342.0,4,145,60.1,1.0
5,2015,6600,1,34986.0,4,0,65.7,1.0
5,2017,8240,1,4249.0,4,145,54.3,1.2
5,2018,13960,1,2971.0,4,145,60.1,1.0
5,2016,8520,1,9828.0,4,125,54.3,1.2
3,2016,17650,1,48756.0,0,160,48.7,2.0
0,2015,7350,1,45578.0,0,20,70.6,1.6
5,2019,15710,1,1546.0,4,145,58.9,1.0
12,2018,8000,1,14143.0,4,150,57.7,1.2
3,2017,22000,2,14143.0,0,150,47.9,2.0
14,2019,20000,1,50.0,0,150,65.7,2.0
5,2018,10095,1,9393.0,4,150,64.2,1.1
2,2016,10850,1,19252.0,4,125,52.3,1.0
5,2017,11200,1,23435.0,4,150,65.7,1.0
1,2017,11000,1,6466.0,0,145,68.9,1.5
13,2015,12500,1,66675.0,0,145,54.3,2.0
5,2017,10000,1,11224.0,4,145,54.3,1.2
5,2017,10700,1,31767.0,4,145,62.8,1.0
13,2018,16000,1,11089.0,0,145,64.2,1.5
3,2017,18950,2,24078.0,0,160,48.7,2.0
5,2017,10000,1,26559.0,4,145,65.7,1.0
5,2016,7375,1,54291.0,4,0,65.7,1.0
5,2016,8870,1,20000.0,0,0,78.5,1.5
2,2017,10950,1,14800.0,4,145,52.3,1.0
18,2017,21975,0,18801.0,4,145,35.8,2.0
3,2017,20450,2,34399.0,0,160,48.7,2.0
8,2017,20450,2,27920.0,0,145,52.3,2.0
14,2015,12950,1,30100.0,4,145,48.7,1.5
5,2017,6760,1,63998.0,0,0,78.5,1.5
2,2017,11500,1,24700.0,4,125,52.3,1.0
12,2017,7775,1,7762.0,4,145,57.7,1.2
5,2017,7499,1,30328.0,4,125,54.3,1.2
1,2018,13999,1,1596.0,4,145,55.4,1.0
5,2018,10299,1,10546.0,4,145,64.2,1.1
5,2018,10499,1,10844.0,4,145,64.2,1.1
6,2017,11250,1,33104.0,4,145,60.1,1.0
6,2017,11999,1,9381.0,4,145,60.1,1.0
6,2017,11499,1,17918.0,4,145,60.1,1.0
2,2017,9499,1,20283.0,4,145,53.3,1.0
6,2017,11995,1,19933.0,4,145,60.1,1.0
5,2017,11999,1,10395.0,4,145,65.7,1.0
5,2018,11991,1,20533.0,4,145,56.5,1.0
5,2014,6720,1,32005.0,4,30,54.3,1.2
2,2018,13491,1,14403.0,4,145,54.3,1.0
13,2020,31991,2,2357.0,2,135,201.8,2.5
6,2015,8467,1,61949.0,0,0,74.3,1.5
5,2016,8491,1,19389.0,4,125,54.3,1.2
5,2017,10380,1,24583.0,4,145,65.7,1.0
6,2019,17300,1,4456.0,4,145,60.1,1.0
5,2016,7150,1,59607.0,0,0,88.3,1.5
5,2019,15040,0,6987.0,4,145,48.7,1.0
6,2015,8495,2,39250.0,4,165,44.8,1.6
12,2019,10150,1,2458.0,4,150,47.9,1.2
5,2018,12599,1,12593.0,4,150,56.5,1.0
5,2018,11999,1,16379.0,4,150,65.7,1.0
13,2017,14699,1,33717.0,0,125,60.1,2.0
5,2017,9290,1,13449.0,4,145,54.3,1.2
5,2019,11499,1,9708.0,4,145,58.9,1.0
5,2016,7499,1,30302.0,4,0,65.7,1.0
5,2017,10695,0,12974.0,4,145,57.7,1.0
5,2018,10499,1,15737.0,4,145,55.4,1.1
6,2017,10840,1,27051.0,4,20,60.1,1.0
9,2016,10030,0,17334.0,0,30,58.9,1.5
5,2017,9540,1,15666.0,4,145,65.7,1.0
5,2018,11997,1,21092.0,0,145,58.9,1.5
5,2018,11997,1,13992.0,4,145,56.5,1.0
6,2017,11799,1,21069.0,0,0,74.3,1.5
13,2018,16789,1,9748.0,0,145,64.2,1.5
13,2019,21664,1,45.0,4,145,35.3,1.5
6,2018,14999,1,13861.0,0,145,74.3,1.5
6,2015,9995,1,32121.0,0,0,74.3,1.5
5,2014,7389,1,29875.0,4,0,65.7,1.0
11,2013,4495,1,32900.0,4,30,57.7,1.2
5,2017,10499,1,18314.0,4,145,65.7,1.0
5,2016,9995,1,5900.0,4,0,65.7,1.0
13,2018,17995,1,4034.0,4,145,39.2,1.5
6,2017,9995,1,30363.0,4,145,60.1,1.0
5,2017,8795,1,24000.0,4,0,65.7,1.0
21,2016,12995,1,73000.0,0,200,44.8,2.0
6,2017,10982,1,22599.0,4,145,60.1,1.0
1,2013,8782,2,24000.0,0,165,50.4,2.0
10,2016,13482,1,21862.0,0,30,64.2,1.5
14,2015,9625,1,69238.0,0,30,64.2,2.0
6,2015,8982,1,47861.0,0,0,74.3,1.5
14,2015,9022,1,60000.0,0,0,78.5,1.5
5,2018,10145,1,37224.0,4,145,56.5,1.0
6,2017,14971,1,23779.0,0,20,67.3,2.0
2,2016,9282,1,18990.0,4,125,52.3,1.0
5,2014,9400,2,11817.0,4,145,47.9,1.6
2,2018,12999,1,34664.0,4,145,54.3,1.0
5,2015,6950,1,25559.0,4,125,54.3,1.2
13,2016,11450,1,51538.0,0,150,54.3,2.0
6,2019,24250,1,5060.0,4,145,34.5,2.3
5,2018,10150,1,20591.0,4,145,65.7,1.0
8,2017,16950,1,39616.0,0,145,56.5,2.0
2,2017,9991,1,5925.0,4,145,44.8,1.5
1,2016,9837,0,23242.0,0,20,64.2,1.5
5,2017,7460,1,12506.0,4,125,54.3,1.2
9,2016,10490,1,16271.0,0,30,64.2,1.5
5,2018,9990,1,42910.0,4,145,56.5,1.0
6,2014,11607,1,23000.0,4,235,39.2,2.0
6,2016,10080,1,12376.0,4,20,60.1,1.0
5,2017,9630,1,10877.0,4,0,65.7,1.0
5,2016,7300,1,33972.0,4,0,65.7,1.0
5,2015,7630,1,18608.0,4,0,65.7,1.0
5,2018,9900,1,31016.0,4,145,56.5,1.0
5,2014,6700,1,24240.0,4,30,54.3,1.2
5,2013,5750,1,33172.0,4,30,54.3,1.2
5,2016,9557,1,22109.0,4,20,62.8,1.0
5,2018,11600,1,9021.0,4,145,56.5,1.0
5,2018,9890,1,44190.0,4,145,56.5,1.0
5,2018,10500,1,38590.0,4,145,56.5,1.0
5,2018,10600,1,26950.0,4,145,56.5,1.0
5,2018,11200,1,19550.0,4,145,56.5,1.0
5,2018,10600,1,22023.0,4,145,56.5,1.0
5,2018,9700,1,22160.0,4,145,58.9,1.0
5,2017,10190,1,23410.0,4,20,62.8,1.0
5,2017,9590,1,15540.0,4,0,65.7,1.0
6,2015,9300,1,20770.0,0,0,74.3,1.5
5,2015,9098,1,20430.0,4,20,62.8,1.0
1,2014,5890,1,71300.0,4,30,55.4,1.0
6,2016,7582,1,66477.0,0,0,74.3,1.5
5,2015,7739,1,31000.0,4,0,65.7,1.0
6,2018,11982,1,15417.0,4,145,57.7,1.0
6,2018,11982,1,6633.0,4,145,57.7,1.0
6,2016,8882,1,39753.0,0,0,74.3,1.5
5,2013,6982,1,21706.0,4,30,54.3,1.2
5,2019,13982,0,15616.0,4,145,48.7,1.0
6,2016,10482,1,10500.0,4,20,60.1,1.0
5,2017,9699,1,13016.0,4,0,65.7,1.0
5,2017,11299,1,8519.0,4,20,62.8,1.0
12,2017,7899,1,14488.0,4,30,57.7,1.2
5,2018,9499,1,8371.0,4,145,64.2,1.1
5,2018,10390,1,8899.0,4,145,64.2,1.1
13,2019,18999,1,7663.0,0,145,54.3,1.5
6,2019,16499,1,7642.0,0,145,74.3,1.5
3,2019,29999,2,16192.0,0,145,37.2,2.0
6,2016,9499,1,32113.0,0,0,74.3,1.5
1,2017,12499,1,10323.0,4,145,55.4,1.0
5,2013,6450,1,39920.0,4,0,65.7,1.0
6,2016,9380,1,26550.0,4,20,60.1,1.0
6,2018,13990,1,9470.0,4,145,58.9,1.0
6,2018,13990,1,8980.0,4,145,58.9,1.0
5,2014,6580,1,23520.0,4,0,65.7,1.0
5,2016,8000,1,13440.0,4,125,54.3,1.2
5,2015,7380,1,26360.0,4,0,65.7,1.0
5,2017,8350,1,40170.0,4,20,62.8,1.0
6,2016,9000,1,30170.0,0,0,74.3,1.5
5,2018,10600,1,20100.0,4,145,56.5,1.0
5,2018,10895,1,8565.0,4,145,55.4,1.1
5,2018,10995,1,4657.0,4,145,55.4,1.1
5,2018,10890,1,10230.0,4,145,55.4,1.1
5,2018,12100,1,7338.0,4,145,65.7,1.0
13,2016,15600,1,21515.0,0,125,60.1,2.0
6,2019,15700,1,5387.0,4,145,60.1,1.0
5,2019,13000,1,2790.0,4,145,58.9,1.0
5,2019,14100,1,5892.0,4,145,58.9,1.0
5,2019,18100,1,3050.0,4,145,55.4,1.0
5,2019,13600,1,12767.0,4,145,58.9,1.0
13,2017,13800,1,11161.0,4,160,45.6,1.5
13,2018,16900,1,3736.0,0,145,64.2,1.5
6,2017,11600,2,15716.0,4,145,51.4,1.0
5,2018,10995,1,7152.0,4,145,55.4,1.1
5,2018,9999,1,17818.0,4,145,55.4,1.1
5,2018,12995,1,15074.0,4,145,55.4,1.0
6,2018,16299,1,16628.0,4,145,60.1,1.0
13,2017,15999,1,25119.0,0,125,60.1,2.0
5,2017,8150,1,27006.0,4,125,54.3,1.2
6,2017,10999,1,17039.0,4,145,60.1,1.0
13,2018,14491,1,31569.0,0,145,54.3,1.5
16,2020,20991,1,1381.0,4,145,50.4,1.0
5,2018,13181,2,10414.0,4,145,48.7,1.0
6,2019,15590,1,3412.0,4,145,60.1,1.0
6,2019,15340,1,6175.0,4,145,60.1,1.0
5,2018,10000,1,38664.0,4,145,65.7,1.0
5,2017,9537,1,16626.0,4,145,65.7,1.0
5,2018,11791,1,9358.0,4,145,65.7,1.0
6,2017,9780,1,33432.0,0,0,74.3,1.5
5,2019,17991,1,18248.0,4,145,40.3,1.5
5,2014,6800,1,26745.0,0,0,76.4,1.5
13,2017,15900,1,25276.0,0,145,54.3,2.0
6,2017,12200,1,24450.0,0,145,74.3,1.5
13,2017,14900,1,18743.0,0,125,60.1,2.0
6,2018,12500,1,5014.0,4,145,61.4,1.0
5,2017,10600,1,22676.0,4,0,65.7,1.0
5,2017,9800,1,23509.0,4,145,65.7,1.0
5,2019,13500,1,6.0,4,145,48.7,1.1
5,2019,12600,1,16879.0,4,145,56.5,1.0
6,2019,16900,1,1187.0,4,145,58.9,1.0
5,2017,9300,1,15724.0,4,0,65.7,1.0
3,2017,16250,1,48867.0,0,160,48.7,2.0
13,2019,19400,1,9154.0,4,145,39.2,1.5
5,2017,10100,1,19393.0,4,0,65.7,1.0
13,2017,12800,1,22865.0,0,30,64.2,1.5
6,2019,15500,1,7932.0,4,145,58.9,1.0
2,2018,12900,1,6007.0,4,145,54.3,1.0
6,2017,10900,1,35261.0,0,145,74.3,1.5
6,2019,17500,1,2112.0,4,145,60.1,1.0
2,2019,15750,1,5.0,4,145,53.3,1.0
6,2017,13900,1,8120.0,4,145,51.4,1.5
2,2018,12900,1,26567.0,4,145,54.3,1.0
5,2016,9494,1,6428.0,4,125,54.3,1.2
1,2015,6191,1,61312.0,0,30,61.4,1.6
2,2016,9400,1,32105.0,4,125,53.3,1.0
5,2018,12200,1,19526.0,4,145,62.8,1.0
6,2017,11300,1,10304.0,4,20,60.1,1.0
6,2018,17900,1,5218.0,4,145,58.9,1.0
2,2017,9400,1,29474.0,4,145,52.3,1.0
5,2019,13300,1,12452.0,4,145,58.9,1.0
13,2017,13600,1,11744.0,0,30,64.2,1.5
5,2014,6191,1,51977.0,0,0,76.4,1.5
5,2016,7441,1,31363.0,4,0,65.7,1.0
5,2014,6220,1,30713.0,4,30,54.3,1.2
5,2016,9210,1,19703.0,4,0,65.7,1.0
5,2013,6970,1,42067.0,4,0,65.7,1.0
6,2019,17370,1,1038.0,4,145,50.4,1.5
2,2018,14721,1,8003.0,4,145,51.4,1.0
12,2018,8511,1,3197.0,4,145,48.7,1.2
6,2016,9298,1,14736.0,4,20,61.4,1.0
5,2017,8498,1,28637.0,0,0,78.5,1.5
2,2017,10298,1,21833.0,4,150,53.3,1.0
6,2014,8498,2,29014.0,4,165,44.8,1.6
13,2014,9998,2,43061.0,0,205,45.6,2.0
2,2017,10498,2,29452.0,4,160,44.8,1.5
6,2017,10298,1,23562.0,4,145,61.4,1.0
20,2016,12298,0,43812.0,0,125,56.6,1.5
6,2018,13298,1,11132.0,4,145,57.7,1.0
5,2017,8498,1,18904.0,4,145,54.3,1.2
6,2016,10498,1,26076.0,0,0,74.3,1.5
5,2016,8498,1,18245.0,4,125,54.3,1.2
5,2016,8498,1,20900.0,4,125,54.3,1.2
5,2016,8498,1,18090.0,4,125,54.3,1.2
5,2017,10298,1,26234.0,4,0,65.7,1.0
6,2017,12498,1,25941.0,0,145,74.3,1.5
5,2013,6298,1,55185.0,4,0,65.7,1.0
5,2013,6298,2,59634.0,4,150,47.9,1.6
6,2017,10998,1,21378.0,4,20,60.1,1.0
12,2018,8998,1,1615.0,4,145,57.7,1.2
5,2014,9995,1,37484.0,4,145,47.9,1.6
6,2017,16995,1,27000.0,4,145,41.5,2.0
11,2015,4995,1,41800.0,4,30,57.7,1.2
13,2017,14495,1,18990.0,0,145,64.2,1.5
5,2014,7995,1,18391.0,4,0,65.7,1.0
6,2017,11395,1,25887.0,0,150,74.3,1.5
6,2017,9995,1,30387.0,4,150,60.1,1.0
5,2018,12495,1,16504.0,4,145,62.8,1.0
5,2015,8200,1,32423.0,4,0,65.7,1.0
11,2013,4500,1,33761.0,4,30,57.7,1.2
10,2017,13200,1,39494.0,0,30,64.2,1.5
11,2013,3500,1,44846.0,4,30,57.7,1.2
21,2018,21995,1,14986.0,0,145,30.1,2.0
13,2014,10990,2,45136.0,0,200,45.6,2.0
11,2014,4750,1,46416.0,4,30,57.7,1.2
5,2018,10495,1,25355.0,4,145,56.5,1.0
6,2018,12495,1,13273.0,4,145,57.7,1.0
5,2014,7995,1,14741.0,4,0,65.7,1.0
1,2016,9495,1,9040.0,4,160,44.1,1.6
13,2019,17995,1,10701.0,4,145,39.2,1.5
2,2017,8490,1,40206.0,4,125,53.3,1.0
6,2017,11998,2,7084.0,4,125,51.4,1.0
5,2017,11498,1,10415.0,4,20,62.8,1.0
5,2016,8998,1,8011.0,4,125,54.3,1.2
13,2017,16998,1,24947.0,0,125,60.1,2.0
6,2017,10998,1,16276.0,0,0,74.3,1.5
6,2017,11998,1,18123.0,0,0,74.3,1.5
13,2017,14998,1,12644.0,0,30,64.2,1.5
13,2017,11998,1,31308.0,0,30,64.2,1.5
5,2019,13500,1,10.0,4,145,48.7,1.1
6,2017,17200,1,23367.0,0,145,67.3,2.0
0,2017,10700,1,22679.0,4,145,55.4,1.0
6,2018,12600,1,13420.0,4,145,60.1,1.0
6,2018,11900,1,17881.0,4,145,60.1,1.0
18,2019,24000,1,5.0,4,145,34.0,1.5
5,2017,8600,1,55535.0,0,145,78.5,1.5
2,2015,7900,1,34975.0,0,30,61.4,1.5
6,2018,12450,1,24533.0,4,145,57.7,1.0
13,2013,9999,1,55425.0,0,200,47.9,2.0
5,2015,9299,2,15718.0,4,145,47.9,1.6
13,2017,14999,1,23735.0,0,145,64.2,1.5
0,2016,8999,1,14623.0,4,30,57.7,1.0
14,2016,9199,1,49875.0,0,0,78.5,1.5
5,2016,8999,1,21020.0,4,0,65.7,1.0
5,2015,7799,1,29165.0,4,0,65.7,1.0
6,2013,5399,1,53183.0,4,20,58.9,1.0
6,2017,11999,1,16878.0,4,150,60.1,1.0
14,2018,12999,1,37761.0,0,145,78.5,1.5
13,2017,14241,1,26134.0,0,145,60.1,2.0
5,2015,7995,1,42798.0,4,20,62.8,1.0
5,2013,7700,1,27328.0,0,0,76.4,1.5
2,2017,10600,1,11119.0,4,150,52.3,1.0
5,2014,7100,1,34000.0,0,0,85.6,1.6
6,2015,8899,1,43055.0,0,20,67.3,1.6
6,2013,6799,1,22608.0,4,20,58.9,1.0
2,2018,12449,1,17342.0,4,150,54.3,1.0
13,2017,15500,1,23735.0,0,150,64.2,1.5
13,2018,16998,1,14148.0,0,145,64.2,1.5
18,2017,14998,1,46362.0,0,125,56.5,2.0
10,2017,12500,1,52175.0,0,30,64.2,1.5
0,2016,9500,1,18755.0,0,0,74.4,1.5
5,2015,7495,1,8800.0,4,125,54.3,1.2
5,2018,9998,1,17851.0,4,145,64.2,1.1
5,2018,9998,1,14915.0,4,145,64.2,1.1
18,2016,16698,1,29582.0,0,125,56.5,2.0
5,2017,12298,1,9360.0,4,0,65.7,1.0
13,2017,15999,1,24000.0,0,145,60.1,2.0
5,2019,13199,1,4500.0,0,145,88.3,1.5
6,2019,16499,1,10000.0,4,145,58.9,1.0
5,2017,10699,0,16683.0,4,145,57.7,1.0
5,2017,10999,1,17109.0,4,145,65.7,1.0
5,2017,11999,0,11724.0,4,145,57.7,1.0
5,2017,11499,0,15713.0,4,145,57.7,1.0
3,2017,23499,0,23318.0,0,145,48.7,2.0
6,2018,15599,1,11736.0,4,145,60.1,1.0
6,2018,15999,1,33210.0,0,145,74.3,1.5
6,2015,9999,1,29391.0,0,0,74.3,1.5
13,2018,18999,1,10700.0,0,145,64.2,1.5
5,2016,8999,1,54927.0,0,0,78.5,1.5
18,2017,16491,1,28744.0,4,145,43.5,1.5
5,2017,10999,0,27460.0,4,145,57.7,1.0
5,2019,13999,1,13.0,4,145,55.4,1.1
6,2015,10499,1,30286.0,4,125,51.4,1.5
13,2014,9999,1,50999.0,0,145,53.3,2.0
5,2018,10000,1,16850.0,4,145,65.7,1.0
5,2018,9700,1,26880.0,4,145,58.9,1.0
5,2016,8600,1,16170.0,4,0,65.7,1.0
5,2017,7600,1,14733.0,4,145,54.3,1.2
12,2017,7299,1,14401.0,4,145,57.7,1.2
5,2018,10600,1,29720.0,4,145,56.5,1.0
5,2018,10600,1,23880.0,4,145,56.5,1.0
6,2018,13930,1,27740.0,4,145,58.9,1.0
5,2018,9990,1,46240.0,4,145,56.5,1.0
6,2014,5777,1,77000.0,0,20,67.3,1.6
5,2013,5495,1,40900.0,4,30,54.3,1.2
6,2017,12499,0,31653.0,0,145,74.3,1.5
18,2017,17999,1,20390.0,4,145,43.5,1.5
5,2019,18499,1,6036.0,4,145,40.3,1.5
5,2018,10698,1,18950.0,4,145,65.7,1.0
5,2016,10998,1,8505.0,4,0,65.7,1.0
6,2018,14298,1,3037.0,4,145,57.7,1.0
21,2015,18498,1,13016.0,0,235,42.2,2.2
2,2017,9498,1,11383.0,4,150,44.8,1.5
13,2017,18998,1,15383.0,0,145,60.1,2.0
5,2018,10198,1,17623.0,4,145,64.2,1.1
5,2017,10298,1,27106.0,4,0,65.7,1.0
6,2017,14998,0,8543.0,4,145,46.3,1.5
5,2017,9498,1,16919.0,4,0,65.7,1.0
5,2018,11500,1,10820.0,4,145,56.5,1.0
5,2018,12100,1,21300.0,4,145,56.5,1.0
5,2018,10600,1,23280.0,4,145,56.5,1.0
6,2018,14870,1,14030.0,4,145,58.9,1.0
5,2018,11500,1,14790.0,4,145,56.5,1.0
5,2017,10190,1,14380.0,4,0,65.7,1.0
5,2016,8800,1,14480.0,4,0,65.7,1.0
1,2016,11430,0,4520.0,0,20,64.2,1.5
6,2019,16107,0,2450.0,4,145,51.4,1.0
6,2017,9250,1,21910.0,4,20,61.4,1.0
0,2017,9030,1,24000.0,0,0,74.3,1.5
5,2017,9100,1,12388.0,4,0,65.7,1.0
6,2018,12560,1,27647.0,0,150,80.7,1.5
2,2015,8140,1,22000.0,4,125,52.3,1.0
5,2014,7140,1,32720.0,4,0,65.7,1.0
5,2017,8400,1,14710.0,4,125,54.3,1.2
5,2017,9898,1,16973.0,4,145,65.7,1.0
5,2013,6298,1,40803.0,0,0,76.4,1.5
6,2017,11998,1,29826.0,0,0,74.3,1.5
13,2017,16998,1,17757.0,0,145,64.2,1.5
6,2017,11298,1,22480.0,0,0,74.3,1.5
21,2016,16798,1,26807.0,0,200,46.3,2.0
5,2016,9898,1,32334.0,4,0,65.7,1.0
6,2017,12698,0,6922.0,4,150,46.3,1.5
6,2018,14798,0,10311.0,4,150,46.3,1.5
5,2019,12000,1,5212.0,4,145,58.9,1.0
12,2016,7500,1,19681.0,4,30,57.7,1.2
2,2016,10000,1,21145.0,4,125,52.3,1.0
12,2018,10000,1,4610.0,4,145,47.9,1.2
5,2017,9200,1,16136.0,4,0,65.7,1.0
5,2018,12000,1,5099.0,4,145,65.7,1.0
2,2019,17000,1,12000.0,4,145,54.3,1.0
5,2018,12000,1,15313.0,4,145,65.7,1.0
5,2014,8000,1,22990.0,4,0,65.7,1.0
5,2017,8750,1,18573.0,4,145,64.2,1.1
5,2015,9000,1,19816.0,4,0,65.7,1.0
6,2018,13990,1,7570.0,4,145,58.9,1.0
5,2016,9400,1,20770.0,4,20,62.8,1.0
5,2018,10390,1,30540.0,4,145,56.5,1.0
5,2018,11200,1,19110.0,4,145,56.5,1.0
5,2018,10600,1,23730.0,4,145,56.5,1.0
5,2018,11200,1,18060.0,4,145,56.5,1.0
5,2018,10780,1,30940.0,4,145,56.5,1.0
5,2018,11600,1,8540.0,4,145,56.5,1.0
5,2018,11560,1,12670.0,4,145,56.5,1.0
3,2019,31600,2,1839.0,0,145,37.2,2.0
13,2018,18600,1,13032.0,0,145,47.9,2.0
5,2018,15800,1,7773.0,4,145,62.8,1.0
6,2019,16500,1,2886.0,4,145,60.1,1.0
2,2019,17400,2,5.0,4,145,45.6,1.0
6,2018,20000,1,15448.0,4,145,41.5,2.0
6,2017,13000,1,16838.0,0,145,74.3,1.5
12,2017,8100,1,9777.0,4,145,57.7,1.2
2,2017,10000,1,15819.0,0,145,64.2,1.5
6,2020,23500,1,50.0,4,145,58.9,1.0
5,2020,18000,1,25.0,4,145,54.3,1.0
14,2019,20000,1,14.0,0,145,65.7,2.0
14,2019,20000,1,110.0,0,145,65.7,2.0
14,2019,20000,1,23.0,0,145,65.7,2.0
5,2019,13998,1,10292.0,4,145,58.9,1.0
5,2017,8298,1,23041.0,4,125,54.3,1.2
13,2017,13698,1,35832.0,0,125,60.1,2.0
14,2015,10998,1,41160.0,0,20,68.9,2.0
2,2018,12998,1,2555.0,4,150,53.3,1.0
18,2017,13498,1,60200.0,0,150,56.5,2.0
2,2020,16698,1,866.0,4,145,53.3,1.0
6,2016,10498,1,16192.0,0,0,74.3,1.5
6,2017,10498,1,25680.0,4,150,60.1,1.0
6,2016,9040,1,43960.0,0,0,74.3,1.5
5,2018,10100,1,25410.0,4,145,56.5,1.0
13,2017,16900,1,26480.0,0,145,54.3,2.0
6,2018,11800,1,25299.0,0,145,74.3,1.5
5,2019,17000,2,6720.0,4,145,48.7,1.0
2,2014,7500,1,23000.0,4,125,53.3,1.0
6,2016,7798,1,63664.0,0,0,74.3,1.5
5,2019,15200,1,11974.0,4,145,60.1,1.0
2,2019,16000,1,769.0,4,150,53.3,1.0
6,2017,12500,1,14673.0,0,150,74.3,1.5
12,2018,9000,1,22974.0,4,150,48.7,1.2
14,2019,20000,1,33.0,0,145,65.7,2.0
5,2018,13295,1,11097.0,4,145,62.8,1.0
6,2017,19995,1,11206.0,4,145,41.5,2.0
5,2017,11495,1,14964.0,4,20,62.8,1.0
2,2017,10495,1,33836.0,4,145,52.3,1.0
5,2017,7995,1,22794.0,4,150,64.2,1.1
5,2017,5995,1,52075.0,4,125,54.3,1.2
5,2017,10995,1,1.0,4,145,65.7,1.0
5,2017,8995,1,60570.0,4,145,62.8,1.0
2,2016,8495,1,12345.0,0,30,64.2,1.5
5,2018,11000,1,5053.0,4,150,58.9,1.0
6,2014,7000,1,34496.0,4,150,47.9,1.6
13,2019,17500,1,12270.0,0,150,45.6,1.5
13,2017,15990,1,21734.0,0,145,60.1,2.0
12,2017,6440,1,25412.0,4,30,57.7,1.2
0,2014,6330,1,50410.0,0,20,70.6,1.6
6,2018,13490,1,13760.0,4,145,58.9,1.0
6,2018,13490,1,11060.0,4,145,58.9,1.0
2,2015,8200,1,36984.0,4,160,44.8,1.5
2,2018,13700,1,14940.0,4,145,54.3,1.0
6,2019,17900,1,3098.0,4,145,60.1,1.0
14,2017,15700,1,10520.0,4,145,48.7,1.5
18,2017,17900,1,13771.0,4,160,43.5,1.5
6,2018,14700,1,8229.0,4,145,58.9,1.0
2,2017,10299,1,10558.0,0,145,64.2,1.5
14,2017,12999,1,37960.0,0,30,64.2,2.0
5,2018,12232,2,14076.0,4,145,54.3,1.0
6,2018,13995,1,12521.0,4,145,57.7,1.0
6,2018,11995,1,46679.0,0,145,74.3,1.5
6,2015,10495,1,37231.0,0,20,70.6,2.0
6,2016,11495,1,32546.0,0,20,70.6,2.0
5,2017,8495,1,27983.0,4,125,54.3,1.2
5,2017,10495,1,19867.0,4,145,62.8,1.0
12,2018,8295,1,8143.0,4,145,57.7,1.2
2,2018,15695,1,20735.0,0,145,64.2,1.5
3,2019,33995,2,100.0,0,145,37.2,2.0
12,2017,7495,1,23065.0,4,145,57.7,1.2
12,2018,10295,1,6488.0,4,145,43.5,1.2
5,2019,16995,1,2635.0,4,145,58.9,1.0
6,2018,13495,1,14125.0,4,145,57.7,1.0
13,2019,19495,1,18601.0,4,145,35.3,1.5
12,2018,10995,1,5869.0,0,145,56.5,1.5
6,2018,13995,1,12042.0,4,145,57.7,1.0
0,2015,6995,1,39700.0,4,145,47.1,1.4
5,2018,17700,1,7945.0,4,150,40.3,1.5
5,2017,8792,1,19502.0,4,150,65.7,1.0
6,2017,17495,1,15437.0,4,200,41.5,2.0
6,2017,11202,1,26500.0,4,150,60.1,1.0
5,2016,8291,1,33331.0,4,0,65.7,1.0
5,2016,7242,1,48548.0,4,0,65.7,1.0
6,2015,7995,1,38052.0,4,20,60.1,1.0
5,2018,14295,1,5993.0,4,145,60.1,1.0
0,2015,9495,1,31777.0,4,30,57.7,1.0
21,2018,27995,1,11415.0,0,145,30.1,2.0
21,2018,20995,1,8095.0,0,145,44.8,2.0
6,2018,12000,1,10250.0,4,150,60.1,1.0
6,2019,20000,0,5458.0,0,145,64.2,2.0
1,2017,13600,1,19996.0,4,150,55.4,1.0
6,2018,13200,1,10355.0,4,145,57.7,1.0
5,2019,15100,1,9520.0,4,145,60.1,1.0
6,2017,15800,1,29546.0,0,20,67.3,2.0
5,2018,11750,1,7280.0,4,145,65.7,1.0
5,2018,10700,1,5433.0,4,145,64.2,1.1
6,2019,20300,0,3975.0,0,145,67.3,1.5
5,2019,16200,1,9405.0,4,145,55.4,1.0
0,2018,11300,1,7834.0,0,145,74.3,1.5
5,2018,14900,1,96.0,4,145,65.7,1.0
5,2018,13200,1,5541.0,4,145,58.9,1.0
0,2018,9900,1,9621.0,0,145,74.3,1.5
6,2016,16900,1,7149.0,0,20,67.3,2.0
6,2016,10900,1,14879.0,4,20,60.1,1.0
2,2016,10300,1,14801.0,4,125,53.3,1.0
5,2017,8300,1,28871.0,4,145,64.2,1.1
6,2017,10900,1,18324.0,4,20,61.4,1.0
6,2019,18599,0,5900.0,0,145,74.3,1.5
5,2018,17250,1,6720.0,4,150,40.3,1.5
13,2018,16500,1,22700.0,0,150,64.2,1.5
6,2018,18000,0,3969.0,4,145,47.9,1.5
2,2019,17500,1,5381.0,4,145,52.3,1.0
5,2018,11999,1,19231.0,4,145,62.8,1.0
5,2018,12499,1,12880.0,4,145,65.7,1.0
5,2017,10999,1,25137.0,0,0,78.5,1.5
13,2018,15995,1,14748.0,0,145,64.2,1.5
13,2015,14000,1,44661.0,0,145,54.3,2.0
5,2018,12500,1,9240.0,4,145,65.7,1.0
13,2019,20000,1,5529.0,4,145,39.2,1.5
5,2019,16000,1,12595.0,4,145,55.4,1.0
5,2019,16000,1,9893.0,4,145,60.1,1.0
5,2019,16000,1,9156.0,4,145,60.1,1.0
2,2017,10499,1,20283.0,4,145,53.3,1.0
6,2017,10999,1,19895.0,4,145,60.1,1.0
5,2017,10999,1,4662.0,4,145,64.2,1.1
18,2016,15671,1,30457.0,0,125,56.5,2.0
5,2019,12999,1,5341.0,4,145,58.9,1.0
1,2016,9299,1,32232.0,4,160,44.1,1.6
13,2017,15750,1,26323.0,0,145,54.3,2.0
5,2017,7495,1,22844.0,4,125,54.3,1.2
2,2019,15000,1,2436.0,0,145,68.9,1.5
3,2017,18500,1,31325.0,0,160,48.7,2.0
12,2018,9900,1,5943.0,4,145,43.5,1.2
1,2019,12600,1,8081.0,0,145,68.9,1.5
6,2017,18000,1,8789.0,4,145,41.5,2.0
3,2018,27400,2,8044.0,0,145,47.9,2.0
6,2019,16999,1,7865.0,4,150,60.1,1.0
18,2017,20999,2,12299.0,0,150,51.4,2.0
5,2017,9999,1,20993.0,4,150,65.7,1.0
6,2017,11599,1,40820.0,4,150,50.4,1.5
5,2018,11299,1,10900.0,4,150,58.9,1.0
6,2016,9499,1,55790.0,0,0,74.3,1.5
0,2017,9999,1,23211.0,0,0,74.3,1.5
2,2018,14499,1,12103.0,4,150,54.3,1.0
12,2019,10799,1,1000.0,4,150,47.9,1.2
5,2017,11399,1,12814.0,4,0,65.7,1.0
6,2016,8599,1,40421.0,4,20,60.1,1.0
5,2017,8499,1,41069.0,4,0,65.7,1.0
6,2019,19999,0,3056.0,4,145,39.8,1.5
14,2016,10350,1,67943.0,0,20,68.9,2.0
12,2017,7999,1,12405.0,4,30,57.7,1.2
5,2017,8999,1,20589.0,4,125,54.3,1.2
6,2016,7499,1,90007.0,0,0,74.3,1.5
5,2018,10999,1,6845.0,4,145,55.4,1.1
5,2018,10999,1,7444.0,4,145,55.4,1.1
6,2018,13999,1,18582.0,4,145,58.9,1.0
6,2015,9999,1,29389.0,0,0,74.3,1.5
6,2018,15999,1,8000.0,0,145,74.3,1.5
6,2018,15599,1,18000.0,0,145,74.3,1.5
6,2018,15999,1,6000.0,0,145,74.3,1.5
5,2017,8999,1,23048.0,4,125,54.3,1.2
20,2018,14999,1,30000.0,0,145,64.2,1.5
5,2014,6791,1,27497.0,4,30,54.3,1.2
5,2016,7691,1,29747.0,4,125,54.3,1.2
0,2016,8350,1,37549.0,4,30,55.4,1.0
5,2018,15550,1,8791.0,4,145,65.7,1.0
6,2017,8995,1,65746.0,0,145,74.3,1.5
18,2016,15895,1,56583.0,0,125,56.5,2.0
13,2018,15495,1,36091.0,4,145,45.6,1.5
1,2016,9495,1,32224.0,0,20,68.9,1.5
6,2015,6750,1,46800.0,4,20,61.4,1.0
2,2018,13890,1,7500.0,4,150,54.3,1.0
13,2015,12890,1,45980.0,0,150,54.3,2.0
5,2019,14290,0,1000.0,4,150,48.7,1.0
6,2016,10083,1,23126.0,0,0,74.3,1.5
5,2017,10701,1,20100.0,4,0,65.7,1.0
6,2017,11001,1,26240.0,4,145,60.1,1.0
8,2018,19000,2,32340.0,0,150,52.3,2.0
13,2019,20000,0,7597.0,4,150,28.8,1.5
5,2014,6401,1,69000.0,4,0,65.7,1.0
6,2018,15999,1,9621.0,4,150,60.1,1.0
5,2017,8999,1,29020.0,4,150,65.7,1.0
5,2014,7040,1,41731.0,4,0,65.7,1.0
6,2017,10991,1,23372.0,0,0,74.3,1.5
6,2015,7991,1,40097.0,4,20,61.4,1.0
5,2014,6490,1,36108.0,4,30,54.3,1.2
13,2015,13991,1,33542.0,0,150,54.3,2.0
5,2015,6450,1,62190.0,4,0,65.7,1.0
5,2014,5991,1,62111.0,4,30,54.3,1.2
6,2015,7991,1,57291.0,0,0,74.3,1.5
13,2017,11608,1,52685.0,0,145,54.3,2.0
6,2018,11800,1,21831.0,0,145,74.3,1.5
5,2019,11450,1,10426.0,4,145,56.5,1.0
6,2018,14380,1,13452.0,0,145,80.7,1.5
6,2018,11250,1,6421.0,4,145,60.1,1.0
5,2015,8791,1,19725.0,4,20,62.8,1.0
13,2013,8781,1,74000.0,0,200,47.9,2.0
6,2017,15997,1,14203.0,0,145,67.3,2.0
6,2016,8690,1,44943.0,0,0,74.3,1.5
14,2016,13090,0,6763.0,4,160,44.8,1.5
5,2017,7830,1,32810.0,4,0,65.7,1.0
14,2015,8450,1,70068.0,0,30,64.2,2.0
1,2014,6271,1,53932.0,0,30,61.4,1.6
11,2016,4941,1,33236.0,4,30,57.7,1.2
6,2017,10671,1,21833.0,0,145,74.3,1.5
2,2016,9675,1,40850.0,4,125,52.3,1.0
0,2016,9607,2,9045.0,4,160,44.1,1.6
14,2016,9997,1,43747.0,0,20,67.3,2.0
5,2017,10990,1,31290.0,4,145,47.9,1.6
2,2017,10091,1,5371.0,4,160,44.8,1.5
6,2017,10400,1,7845.0,0,0,74.3,1.5
5,2013,7291,1,29235.0,4,0,65.7,1.0
5,2017,9495,1,39344.0,4,145,62.8,1.0
13,2017,17695,1,19543.0,0,145,54.3,2.0
5,2017,10995,1,17118.0,4,145,65.7,1.0
5,2019,17271,1,10724.0,4,145,40.3,1.5
5,2013,6191,1,45250.0,0,0,85.6,1.6
6,2016,9780,1,41151.0,0,0,74.3,1.5
5,2016,7770,1,39916.0,0,0,78.5,1.5
6,2016,9650,2,44368.0,0,20,67.3,1.5
5,2016,6491,1,24587.0,4,125,54.3,1.2
5,2018,11491,1,13640.0,4,145,65.7,1.0
16,2020,20590,1,3214.0,4,145,50.4,1.0
6,2017,16230,1,14446.0,4,145,41.5,2.0
13,2019,20140,0,6200.0,0,145,47.9,2.0
6,2019,18030,1,4520.0,0,145,74.3,1.5
5,2019,12790,1,14181.0,4,145,56.5,1.0
5,2017,10820,1,12480.0,4,145,65.7,1.0
2,2018,13540,1,12764.0,4,145,54.3,1.0
5,2018,9560,1,17319.0,4,145,64.2,1.1
5,2016,7830,1,21478.0,4,125,54.3,1.2
2,2018,12420,1,18602.0,4,145,54.3,1.0
14,2014,5995,1,57304.0,0,20,65.7,1.6
6,2017,17495,1,26587.0,0,20,67.3,2.0
5,2014,6695,1,50016.0,0,0,78.5,1.6
6,2018,13995,1,12197.0,4,145,57.7,1.0
5,2016,8695,1,37854.0,4,20,62.8,1.0
5,2018,9995,1,7064.0,4,145,64.2,1.1
12,2019,8995,1,11885.0,4,145,47.9,1.2
13,2018,14995,1,27750.0,4,145,45.6,1.5
9,2017,11495,1,24501.0,0,145,64.2,1.5
2,2017,10495,1,19814.0,0,145,64.2,1.5
13,2017,13995,1,25916.0,0,145,60.1,2.0
5,2017,12495,1,15124.0,4,145,62.8,1.0
5,2017,12495,1,9823.0,4,145,62.8,1.0
5,2017,9995,1,30436.0,4,145,62.8,1.0
2,2018,13695,1,17303.0,4,145,54.3,1.0
2,2017,10695,1,13156.0,0,145,64.2,1.5
5,2017,11495,1,19605.0,4,145,65.7,1.0
5,2018,10995,1,14980.0,4,145,65.7,1.0
6,2017,11695,1,15935.0,4,145,60.1,1.0
5,2018,12495,1,16877.0,4,145,62.8,1.0
6,2018,13695,1,16513.0,4,145,57.7,1.0
5,2019,11495,1,9973.0,4,145,58.9,1.0
13,2017,10795,1,61262.0,0,30,64.2,1.5
6,2015,6995,1,77451.0,0,20,67.3,1.6
5,2014,8995,2,21871.0,4,145,47.9,1.6
6,2017,11995,2,35289.0,0,145,74.3,1.5
5,2017,8495,1,27653.0,4,145,54.3,1.2
12,2017,6795,1,22317.0,4,145,57.7,1.2
12,2018,7995,1,12679.0,4,145,57.7,1.2
5,2017,8995,1,17953.0,4,145,54.3,1.2
5,2017,9495,1,31467.0,4,0,65.7,1.0
6,2016,8795,1,49286.0,4,20,60.1,1.0
6,2017,11995,2,10796.0,4,145,51.4,1.0
5,2017,9495,1,19288.0,4,125,54.3,1.2
5,2018,11295,1,7260.0,4,145,65.7,1.0
13,2014,9495,1,62317.0,0,125,60.1,2.0
15,2020,40495,2,3200.0,4,145,24.8,5.0
5,2018,9495,1,31564.0,4,150,64.2,1.1
2,2017,9995,1,24341.0,0,150,64.2,1.5
6,2017,19220,0,14882.0,0,145,61.4,2.0
14,2019,23570,0,8042.0,0,145,49.6,2.0
5,2018,10440,1,35612.0,4,145,56.5,1.0
5,2018,11000,1,18009.0,4,145,56.5,1.0
6,2018,14140,1,22358.0,4,145,58.9,1.0
5,2017,10950,1,14292.0,4,145,65.7,1.0
6,2014,7950,2,29479.0,4,160,44.8,1.6
5,2018,8920,1,17016.0,4,145,65.7,1.0
20,2016,12360,1,31307.0,0,30,64.2,1.5
13,2019,17990,1,12666.0,0,145,47.9,2.0
13,2017,17798,2,24379.0,0,145,54.3,2.0
6,2016,7998,1,62985.0,4,20,60.1,1.0
13,2017,15498,1,32848.0,0,125,60.1,2.0
14,2017,14498,0,14790.0,4,165,44.8,1.5
6,2018,12990,1,10384.0,4,145,57.7,1.0
15,2017,32990,0,12000.0,4,145,20.8,5.0
5,2018,11490,1,27344.0,4,145,55.4,1.0
13,2019,18995,1,100.0,0,145,54.3,1.5
5,2017,10495,1,12955.0,4,0,65.7,1.0
5,2017,11795,1,14713.0,4,20,62.8,1.0
1,2014,6690,1,61751.0,4,30,55.4,1.0
6,2016,7890,1,36329.0,0,0,74.3,1.5
2,2015,8140,1,14000.0,4,125,52.3,1.0
5,2017,11990,2,12591.0,4,150,54.3,1.0
5,2018,11490,1,15000.0,4,150,65.7,1.0
5,2018,10390,1,39442.0,0,150,88.3,1.5
0,2017,9250,1,26341.0,4,150,56.5,1.0
6,2018,11250,1,8564.0,4,150,60.1,1.0
5,2018,11290,1,15300.0,4,150,65.7,1.0
13,2013,8490,1,58885.0,0,205,47.9,2.0
2,2018,15750,1,7399.0,4,145,54.3,1.0
2,2019,17000,1,4654.0,4,145,51.4,1.0
5,2018,13500,1,17482.0,4,145,58.9,1.0
6,2018,15500,1,3023.0,0,145,74.3,1.5
5,2018,10000,1,30815.0,4,145,65.7,1.0
6,2019,17000,1,8288.0,4,145,60.1,1.0
6,2015,13000,1,41599.0,4,200,41.5,2.0
13,2015,11990,2,42184.0,0,145,52.3,2.0
5,2018,9648,1,28985.0,4,145,56.5,1.0
6,2016,7999,1,27511.0,0,0,74.3,1.5
13,2019,20998,1,3224.0,4,145,35.3,1.5
1,2017,10998,1,10503.0,0,20,68.9,1.5
2,2017,9998,1,33278.0,4,145,52.3,1.0
5,2014,7298,1,33112.0,4,0,65.7,1.0
6,2017,13498,0,10365.0,4,145,46.3,1.5
5,2017,8498,1,25366.0,4,0,65.7,1.0
6,2017,11998,1,14895.0,0,0,74.3,1.5
1,2017,11998,1,11657.0,0,145,68.9,1.5
5,2019,10298,1,20314.0,4,145,55.4,1.1
5,2018,10040,1,14028.0,4,150,64.2,1.1
5,2017,8510,1,36000.0,4,150,65.7,1.0
14,2016,10590,0,50438.0,0,125,58.9,2.0
5,2014,7490,1,26611.0,4,0,65.7,1.0
6,2013,6190,1,52632.0,4,20,58.9,1.0
6,2015,10590,0,20701.0,4,145,46.3,1.5
6,2016,15387,1,20076.0,4,200,41.5,2.0
6,2019,18990,0,10690.0,0,145,54.3,1.5
5,2019,15950,1,2085.0,4,145,55.4,1.0
5,2013,6080,1,50083.0,4,0,65.7,1.0
13,2018,13998,1,30448.0,0,145,64.2,1.5
5,2016,9500,1,16954.0,4,125,54.3,1.2
5,2019,17000,1,4988.0,4,150,40.3,1.5
16,2020,30000,1,150.0,4,150,50.4,1.0
2,2018,14500,1,12080.0,4,150,54.3,1.0
6,2017,10500,1,19512.0,4,150,60.1,1.0
6,2015,11400,1,16299.0,4,125,51.4,1.5
13,2019,18000,1,12948.0,0,145,38.2,2.0
5,2018,11500,1,28770.0,4,145,65.7,1.0
5,2014,8000,1,22295.0,4,0,65.7,1.0
12,2018,8500,1,14561.0,4,145,57.7,1.2
5,2019,16000,1,1914.0,4,145,58.9,1.0
5,2015,8800,1,33529.0,4,0,65.7,1.0
1,2015,11000,1,26087.0,4,30,55.4,1.0
6,2018,13200,1,20597.0,4,145,57.7,1.0
6,2017,11000,1,13652.0,4,20,61.4,1.0
14,2019,20000,1,7.0,0,145,65.7,2.0
14,2019,20000,1,27.0,0,145,65.7,2.0
5,2017,11000,1,24078.0,4,145,65.7,1.0
6,2018,14000,1,14858.0,4,145,57.7,1.0
6,2017,11500,1,41545.0,4,145,51.4,1.5
14,2016,15990,0,42611.0,4,265,37.2,2.0
5,2017,12245,1,18534.0,4,145,47.9,1.6
6,2018,13442,1,6850.0,4,145,57.7,1.0
6,2017,12949,0,21507.0,4,145,46.3,1.5
6,2016,9991,1,47477.0,0,0,74.3,1.5
5,2017,8998,1,17695.0,4,0,65.7,1.0
6,2015,7698,1,51060.0,0,20,67.3,1.6
5,2017,11298,1,15796.0,4,0,65.7,1.0
5,2019,13998,1,9665.0,4,145,58.9,1.0
5,2017,10698,1,13736.0,4,20,62.8,1.0
6,2017,17798,1,11134.0,0,145,67.3,2.0
5,2016,8498,1,13454.0,4,125,54.3,1.2
12,2018,10000,1,3434.0,4,145,43.5,1.2
12,2018,9000,1,10882.0,4,145,57.7,1.2
12,2018,8500,1,7301.0,4,145,57.7,1.2
5,2017,11200,1,6840.0,4,145,65.7,1.0
12,2017,8500,1,14290.0,4,145,57.7,1.2
6,2018,11746,1,26495.0,4,145,61.4,1.0
12,2018,9500,1,8371.0,4,145,57.7,1.2
6,2018,12700,1,14363.0,4,145,60.1,1.0
13,2018,16000,1,23931.0,0,145,64.2,1.5
6,2015,8462,1,45549.0,4,20,60.1,1.0
5,2017,10062,1,21454.0,4,20,62.8,1.0
12,2017,7995,1,15391.0,4,150,57.7,1.2
5,2016,8800,1,8399.0,4,0,65.7,1.0
14,2016,10695,1,44298.0,0,0,74.3,1.5
6,2018,16000,1,21650.0,4,150,60.1,1.0
5,2016,12250,1,16375.0,4,150,47.9,1.6
5,2016,11600,1,11548.0,4,20,62.8,1.0
6,2018,13495,1,23047.0,4,145,56.5,1.0
13,2018,15695,1,19182.0,0,145,64.2,1.5
6,2016,10495,2,55400.0,0,30,64.2,2.0
5,2018,9695,1,39216.0,0,145,85.6,1.5
6,2014,7298,1,17425.0,4,145,47.1,1.6
13,2015,12998,1,16365.0,0,125,60.1,2.0
8,2017,17298,1,42580.0,0,150,56.5,2.0
5,2018,10498,1,9104.0,4,150,55.4,1.1
5,2017,9795,1,20679.0,4,145,65.7,1.0
5,2017,9995,1,22697.0,4,145,65.7,1.0
2,2019,16995,1,3254.0,0,145,58.9,1.5
6,2016,10495,1,41741.0,0,0,74.3,1.5
5,2019,12995,2,8946.0,4,145,48.7,1.0
18,2018,19995,1,13969.0,0,145,56.5,2.0
3,2018,23995,0,18339.0,0,145,48.7,2.0
18,2016,19995,1,19398.0,0,125,56.5,2.0
0,2014,6991,1,44000.0,4,30,55.4,1.0
5,2017,8492,1,33847.0,0,0,78.5,1.5
5,2017,11291,1,10167.0,0,0,78.5,1.5
6,2017,12991,1,7273.0,4,145,60.1,1.0
5,2016,9291,1,39675.0,0,0,78.5,1.5
11,2016,6490,1,18000.0,4,30,57.7,1.2
2,2019,14995,1,3708.0,4,145,53.3,1.0
6,2017,11995,1,13711.0,4,20,60.1,1.0
5,2016,8695,1,18591.0,4,125,54.3,1.2
6,2016,14995,1,25773.0,0,20,67.3,2.0
5,2018,10498,1,7459.0,4,150,55.4,1.1
10,2018,17298,0,8354.0,0,150,56.6,1.5
5,2016,6298,1,47327.0,4,125,54.3,1.2
13,2017,16498,1,28079.0,0,150,54.3,2.0
8,2017,19998,1,15037.0,0,125,56.5,2.0
11,2015,5495,1,39100.0,4,30,57.7,1.2
13,2017,14000,1,11500.0,0,30,64.2,1.5
5,2016,8000,1,21000.0,4,125,54.3,1.2
5,2016,8895,1,20240.0,0,0,88.3,1.5
18,2017,14495,1,50079.0,0,145,56.5,2.0
6,2019,15850,1,7288.0,4,145,60.1,1.0
6,2018,27845,1,16193.0,4,150,36.7,2.3
5,2018,12000,1,26469.0,4,145,62.8,1.0
5,2020,18200,1,10.0,4,145,49.6,1.0
5,2017,7500,1,47751.0,4,145,65.7,1.0
6,2018,18500,1,23604.0,0,145,67.3,2.0
13,2017,13200,1,25220.0,0,30,64.2,1.5
6,2017,11000,1,34495.0,0,145,74.3,1.5
5,2018,12500,1,34107.0,4,145,65.7,1.0
5,2018,11500,1,12383.0,4,145,65.7,1.0
5,2018,10799,1,16400.0,4,145,65.7,1.0
5,2017,7999,1,26548.0,4,145,54.3,1.2
5,2016,8699,1,24500.0,4,0,65.7,1.0
5,2015,8299,1,28509.0,4,0,65.7,1.0
11,2013,4499,1,41109.0,4,30,57.7,1.2
5,2015,7399,1,33490.0,4,125,54.3,1.2
13,2016,11299,1,20500.0,0,125,60.1,2.0
2,2018,14299,1,14895.0,4,145,54.3,1.0
13,2015,12999,1,22500.0,0,125,60.1,2.0
6,2016,10999,1,11621.0,4,20,61.4,1.0
13,2017,13999,1,29673.0,0,30,64.2,1.5
9,2015,9499,1,29950.0,0,30,64.2,1.5
13,2013,9999,1,67890.0,0,145,53.3,2.0
13,2016,16499,0,24739.0,4,235,38.2,1.5
5,2013,5999,1,46332.0,4,0,65.7,1.0
6,2018,12599,1,16087.0,4,145,57.7,1.0
5,2014,7999,1,18000.0,4,0,65.7,1.0
6,2017,12299,1,15000.0,4,145,57.7,1.0
6,2017,11999,1,13631.0,4,150,57.7,1.0
9,2017,11490,1,42075.0,0,30,64.2,1.5
5,2018,9760,1,8300.0,4,150,65.7,1.0
5,2018,11600,1,4450.0,4,150,65.7,1.0
0,2014,6490,1,52826.0,4,30,57.7,1.0
5,2017,9890,1,25000.0,4,150,65.7,1.0
5,2018,10290,1,19500.0,4,150,65.7,1.0
13,2017,13850,1,38442.0,0,150,54.3,2.0
12,2018,7410,1,27000.0,4,150,57.7,1.2
5,2015,6990,1,47887.0,4,0,65.7,1.0
5,2017,8990,1,30099.0,4,150,62.8,1.0
6,2017,10999,2,44800.0,0,150,67.3,1.5
5,2014,6799,1,41000.0,4,30,54.3,1.2
14,2016,13699,1,22914.0,4,145,47.9,1.5
5,2017,10999,1,9245.0,4,20,62.8,1.0
5,2017,10999,1,6805.0,4,0,65.7,1.0
5,2016,7999,1,29917.0,4,0,65.7,1.0
6,2016,9499,1,23154.0,4,20,61.4,1.0
5,2013,6299,1,39634.0,4,30,54.3,1.2
6,2018,19999,1,10365.0,4,145,41.5,2.0
5,2015,6699,1,27700.0,4,30,54.3,1.2
6,2018,12999,1,17379.0,4,150,57.7,1.0
5,2018,10995,1,13609.0,4,145,65.7,1.0
5,2018,11995,1,7183.0,4,145,65.7,1.0
13,2018,17795,1,17530.0,0,145,60.1,2.0
2,2018,12695,1,19030.0,4,145,54.3,1.0
5,2018,10999,1,11143.0,4,145,65.7,1.0
5,2018,9499,1,17924.0,4,145,65.7,1.0
5,2018,14999,1,7298.0,4,145,58.9,1.0
6,2017,14499,1,4000.0,4,145,51.4,1.5
5,2020,19495,1,27.0,4,145,49.6,1.0
5,2020,18495,1,65.0,4,145,58.9,1.0
13,2017,18999,1,10275.0,0,150,54.3,2.0
13,2018,16999,1,32713.0,0,145,54.3,2.0
5,2018,10499,1,7059.0,4,150,58.9,1.0
6,2015,7299,1,62299.0,4,20,60.1,1.0
1,2017,10999,1,30000.0,0,20,68.9,1.5
2,2017,9499,1,42500.0,4,150,53.3,1.0
2,2017,9999,1,26000.0,4,150,53.3,1.0
5,2017,8599,1,9000.0,4,125,54.3,1.2
6,2019,16995,0,9299.0,0,145,64.2,2.0
13,2017,16295,1,28667.0,0,125,60.1,2.0
3,2017,22995,0,14283.0,0,145,47.9,2.0
6,2018,14495,1,17635.0,4,145,58.9,1.0
18,2019,24995,1,9252.0,4,145,33.6,1.5
5,2018,11995,1,10311.0,4,145,65.7,1.0
13,2019,17495,1,14173.0,0,145,38.2,2.0
9,2015,8995,1,38058.0,0,125,60.1,1.6
5,2017,8795,1,6650.0,4,145,64.2,1.1
2,2018,11995,1,12608.0,4,145,54.3,1.0
6,2019,16495,1,7820.0,4,145,60.1,1.0
5,2017,9795,1,22704.0,4,145,64.2,1.1
5,2017,12595,2,10713.0,4,145,54.3,1.0
5,2017,10495,1,13389.0,4,145,65.7,1.0
12,2018,8895,1,7273.0,4,145,48.7,1.2
6,2016,8995,1,35638.0,0,0,74.3,1.5
12,2018,8999,1,4000.0,4,145,57.7,1.2
6,2017,10997,1,26828.0,4,145,60.1,1.0
5,2018,10799,1,12064.0,4,145,65.7,1.0
5,2017,8499,1,15364.0,4,145,65.7,1.0
12,2019,9999,1,3000.0,4,145,47.9,1.2
12,2019,9999,1,2500.0,4,145,47.9,1.2
6,2016,10695,1,19518.0,0,0,74.3,1.5
5,2018,10495,1,20526.0,4,145,65.7,1.0
6,2017,12295,1,14288.0,4,145,58.9,1.0
2,2019,16295,2,109.0,4,145,45.6,1.0
5,2017,8995,1,17103.0,0,0,78.5,1.5
5,2018,11395,1,9826.0,4,145,58.9,1.0
5,2017,8995,1,24282.0,4,0,65.7,1.0
5,2017,8995,1,6306.0,4,145,64.2,1.1
14,2017,12495,1,30911.0,0,145,74.3,1.5
6,2018,15995,1,14794.0,0,145,74.3,1.5
14,2017,10495,1,38633.0,0,0,78.5,1.5
3,2017,17995,1,42359.0,0,160,48.7,2.0
18,2015,14995,2,30702.0,0,145,52.3,2.0
2,2018,13495,2,32000.0,4,150,48.7,1.0
13,2015,13499,1,36278.0,0,150,54.3,2.0
5,2014,4200,1,40700.0,4,30,54.3,1.2
5,2017,9500,1,25539.0,4,145,65.7,1.0
3,2017,21999,1,22000.0,0,150,47.9,2.0
5,2017,9999,1,4082.0,4,150,65.7,1.0
5,2018,11999,1,16000.0,4,150,65.7,1.0
6,2018,12999,1,16500.0,4,150,60.1,1.0
14,2017,12999,2,27500.0,0,125,58.9,2.0
6,2018,10995,1,33313.0,0,150,74.3,1.5
5,2018,17495,1,11092.0,4,150,40.3,1.5
6,2017,9995,1,52132.0,0,150,74.3,1.5
6,2019,16495,1,4211.0,4,145,60.1,1.0
5,2017,9495,1,16884.0,4,145,65.7,1.0
6,2017,16995,1,17493.0,0,145,67.3,2.0
6,2018,15995,1,29649.0,0,145,67.3,2.0
5,2016,8495,1,17431.0,4,125,54.3,1.2
5,2016,8995,1,15635.0,4,0,65.7,1.0
5,2017,9995,1,11925.0,4,0,65.7,1.0
5,2017,8995,1,14264.0,4,0,65.7,1.0
5,2017,9495,1,13310.0,4,145,65.7,1.0
3,2016,19995,2,32736.0,0,160,48.7,2.0
3,2018,28495,0,13726.0,0,145,37.2,2.0
6,2017,8995,1,60680.0,0,0,74.3,1.5
13,2018,18295,1,9997.0,0,145,54.3,1.5
13,2018,18995,1,7624.0,0,145,54.3,1.5
13,2018,18495,1,11435.0,0,145,54.3,1.5
6,2018,13495,2,7672.0,4,145,51.4,1.0
5,2018,12895,1,6446.0,4,145,57.7,1.0
6,2019,17495,1,6130.0,4,145,60.1,1.0
5,2016,7295,1,25846.0,4,125,54.3,1.2
6,2016,8995,1,33744.0,0,0,74.3,1.5
6,2018,14995,1,16611.0,4,145,60.1,1.0
5,2015,7991,1,28000.0,4,125,54.3,1.2
5,2014,6491,1,48319.0,0,0,76.4,1.5
18,2017,18995,2,44229.0,0,160,51.4,2.0
6,2015,7761,1,50356.0,4,20,61.4,1.0
5,2017,8242,1,21211.0,4,0,65.7,1.0
6,2015,9291,1,51731.0,0,0,74.3,1.5
1,2017,11124,1,28249.0,4,145,55.4,1.0
13,2015,12489,1,52942.0,0,145,54.3,2.0
13,2013,8000,1,69878.0,0,145,53.3,2.0
5,2015,8000,1,29787.0,4,0,65.7,1.0
1,2015,7489,2,34025.0,0,160,51.4,2.0
5,2018,11529,1,30958.0,4,145,65.7,1.0
5,2018,11529,1,34742.0,4,145,65.7,1.0
14,2016,11995,1,35437.0,0,20,68.9,2.0
5,2017,8695,1,30078.0,0,0,78.5,1.5
5,2019,13495,1,5014.0,4,145,58.9,1.0
5,2016,8995,1,24659.0,4,0,65.7,1.0
5,2017,8995,1,23851.0,4,125,54.3,1.2
2,2018,13995,1,17044.0,4,145,54.3,1.0
5,2018,9995,1,13997.0,4,145,64.2,1.1
6,2017,11995,1,22572.0,0,145,74.3,1.5
6,2017,10395,1,18636.0,4,20,60.1,1.0
2,2018,13995,1,21762.0,4,145,54.3,1.0
6,2019,15480,1,2485.0,4,145,60.1,1.0
6,2019,15810,1,11795.0,0,145,74.3,1.5
6,2017,10250,1,16000.0,0,145,74.3,1.5
6,2019,16360,1,4022.0,4,145,60.1,1.0
6,2019,17170,1,5641.0,4,145,60.1,1.0
5,2018,10990,1,20563.0,4,145,65.7,1.0
2,2018,12491,1,13400.0,4,145,54.3,1.0
18,2017,16998,2,35940.0,0,145,52.3,2.0
5,2019,13140,1,873.0,4,145,48.7,1.1
5,2019,13140,1,2619.0,4,145,48.7,1.1
5,2019,13050,1,2279.0,4,145,48.7,1.1
6,2019,19970,1,1566.0,4,145,49.6,1.0
13,2013,8260,1,54766.0,0,200,47.9,2.0
1,2017,11890,1,10419.0,0,20,68.9,1.5
6,2013,5991,1,55173.0,4,30,56.5,1.0
6,2014,7542,2,29222.0,4,160,44.8,1.6
6,2019,17991,1,3276.0,0,145,61.4,1.5
5,2015,7641,1,36182.0,4,0,65.7,1.0
6,2013,5850,1,66020.0,0,20,67.3,1.6
5,2019,16230,2,1002.0,4,145,48.7,1.0
5,2018,10499,1,9987.0,4,145,65.7,1.0
0,2013,5489,1,51882.0,4,145,47.1,1.4
6,2016,10491,2,13500.0,4,165,44.8,1.6
5,2017,9502,1,25099.0,4,0,65.7,1.0
14,2013,8362,1,40100.0,0,30,61.4,2.0
6,2013,5611,1,62262.0,4,30,56.5,1.0
5,2013,9000,2,33700.0,4,145,47.9,1.6
13,2014,11500,1,38755.0,0,145,53.3,2.0
5,2017,11100,1,22403.0,4,150,65.7,1.0
5,2016,8190,1,23500.0,4,0,65.7,1.0
0,2017,9998,1,12293.0,4,30,55.4,1.0
12,2018,9598,1,1972.0,4,145,47.9,1.2
13,2017,14498,1,19106.0,0,145,64.2,1.5
6,2016,9698,1,23243.0,0,0,74.3,1.5
5,2015,9490,2,25860.0,4,0,57.7,1.0
5,2017,10290,1,10609.0,4,0,65.7,1.0
5,2016,9790,1,22892.0,4,0,65.7,1.0
6,2014,7295,1,52828.0,0,20,67.3,1.6
1,2015,8498,1,45198.0,0,20,68.9,1.5
5,2017,9498,1,8790.0,4,0,65.7,1.0
6,2019,17410,1,2852.0,4,145,60.1,1.0
2,2019,16298,1,6513.0,4,150,51.4,1.0
6,2018,19298,1,21362.0,4,145,41.5,2.0
1,2014,6298,1,93102.0,4,30,55.4,1.0
5,2016,6698,1,41825.0,4,125,54.3,1.2
1,2018,12698,1,2087.0,4,150,49.6,1.0
13,2018,17998,1,12305.0,4,150,45.6,1.5
13,2017,16798,1,13804.0,0,125,60.1,2.0
5,2013,4998,1,47643.0,4,30,54.3,1.2
0,2017,9998,1,8346.0,4,150,47.1,1.4
6,2017,18030,1,15310.0,0,145,67.3,2.0
13,2014,12200,0,35180.0,4,260,36.7,1.6
13,2015,9241,1,46727.0,0,125,60.1,2.0
1,2016,9780,1,9359.0,4,30,55.4,1.0
2,2017,10390,1,8082.0,4,125,53.3,1.0
0,2016,8060,0,20089.0,4,160,44.1,1.6
0,2017,8600,1,28820.0,0,0,74.4,1.5
6,2015,10390,2,13655.0,4,160,44.8,1.6
5,2017,10998,1,14466.0,4,0,65.7,1.0
5,2018,10498,1,8324.0,4,150,55.4,1.1
2,2017,9750,1,12797.0,4,125,53.3,1.0
2,2019,17350,2,1379.0,4,145,45.6,1.0
1,2019,13241,1,12210.0,4,145,48.7,1.0
3,2019,32490,2,7015.0,0,145,37.2,2.0
2,2017,8991,1,19546.0,4,125,52.3,1.0
5,2018,11491,1,10600.0,4,145,65.7,1.0
5,2018,9991,1,6155.0,4,145,55.4,1.1
13,2019,22470,0,6511.0,0,145,42.2,2.0
2,2019,16590,1,4833.0,4,145,51.4,1.0
13,2017,16798,1,35667.0,0,145,54.3,2.0
6,2019,16998,1,17819.0,4,145,60.1,1.0
18,2017,17998,1,16575.0,0,125,56.5,2.0
6,2017,10498,1,33324.0,0,145,74.3,1.5
6,2019,16498,0,12325.0,4,145,41.5,1.0
6,2019,14498,1,13574.0,4,145,58.9,1.0
5,2017,8995,1,13229.0,4,145,64.2,1.1
5,2017,10995,1,16520.0,4,145,62.8,1.0
5,2017,8995,1,16571.0,4,125,54.3,1.2
2,2018,14595,2,22357.0,4,145,48.7,1.0
13,2018,18995,1,13890.0,0,145,54.3,2.0
6,2017,10995,1,21263.0,4,20,60.1,1.0
5,2017,10698,1,18747.0,4,145,65.7,1.0
13,2019,19298,1,12369.0,4,145,39.2,1.5
9,2018,12298,1,43496.0,4,145,47.1,1.0
5,2019,14998,1,7118.0,4,150,60.1,1.0
5,2016,8470,1,32111.0,4,0,65.7,1.0
5,2019,12920,1,4520.0,4,145,48.7,1.1
6,2019,17320,0,1865.0,0,145,67.3,1.5
2,2015,7991,1,18156.0,4,125,52.3,1.0
6,2019,19180,1,7008.0,4,145,60.1,1.0
5,2019,13020,1,3652.0,4,145,48.7,1.1
5,2019,13030,1,3262.0,4,145,48.7,1.1
6,2019,15650,1,2068.0,4,145,58.9,1.0
6,2019,20100,1,4905.0,0,145,74.3,1.5
5,2019,13020,1,3561.0,4,145,48.7,1.1
6,2018,18060,1,18660.0,0,145,67.3,2.0
5,2019,14690,1,8500.0,4,145,58.9,1.0
6,2019,15380,1,6955.0,4,145,60.1,1.0
5,2018,10298,1,15833.0,4,145,64.2,1.1
5,2018,12798,1,10546.0,4,150,62.8,1.0
5,2017,8571,2,40798.0,4,145,57.7,1.0
13,2017,11051,1,34445.0,4,150,45.6,1.5
1,2017,9171,1,41984.0,0,20,68.9,1.5
5,2017,8550,1,55836.0,4,0,65.7,1.0
6,2017,9991,1,21755.0,4,20,60.1,1.0
5,2017,9270,1,11589.0,4,0,65.7,1.0
5,2013,5970,1,27997.0,4,30,54.3,1.2
0,2016,8998,1,12309.0,0,0,74.4,1.5
6,2019,16998,1,13039.0,4,145,60.1,1.0
6,2017,12798,1,16703.0,4,145,57.7,1.0
5,2017,8998,1,23192.0,4,0,65.7,1.0
13,2016,14298,1,41026.0,0,145,54.3,2.0
1,2016,10298,1,9627.0,4,30,55.4,1.0
5,2017,9498,1,16654.0,4,150,64.2,1.1
5,2019,14330,1,4500.0,4,145,58.9,1.0
1,2016,7757,1,52102.0,0,20,68.9,1.5
6,2017,11498,1,20120.0,0,145,74.3,1.5
5,2018,11200,1,16482.0,4,145,56.5,1.0
5,2018,10600,1,24751.0,4,145,56.5,1.0
5,2018,10160,1,24953.0,4,145,56.5,1.0
5,2018,11270,1,27401.0,4,145,56.5,1.0
5,2017,7350,1,18504.0,4,125,54.3,1.2
6,2014,7330,2,47067.0,4,160,44.8,1.6
5,2016,6800,1,45040.0,0,0,78.5,1.5
5,2018,10600,1,22727.0,4,145,56.5,1.0
5,2018,11500,1,11110.0,4,145,56.5,1.0
5,2018,10100,1,25949.0,4,145,56.5,1.0
5,2016,9291,1,20000.0,4,0,65.7,1.0
2,2018,12995,1,12954.0,4,145,54.3,1.0
5,2013,5640,1,55568.0,0,0,76.4,1.5
5,2015,7300,1,24074.0,4,0,65.7,1.0
5,2016,6140,1,77075.0,4,0,65.7,1.0
5,2013,7361,1,27413.0,4,0,65.7,1.0
6,2014,6936,1,71250.0,0,0,74.3,1.5
6,2015,6920,1,62251.0,0,0,74.3,1.5
6,2013,6365,1,59669.0,4,30,56.5,1.0
0,2013,5281,1,63785.0,0,20,70.6,1.6
14,2015,14991,0,28996.0,4,240,38.2,2.0
6,2018,12691,1,21364.0,4,150,60.1,1.0
14,2015,7561,1,98438.0,0,30,64.2,2.0
5,2018,13321,1,8701.0,4,145,62.8,1.0
6,2016,8591,1,43200.0,0,0,74.3,1.5
3,2016,17991,1,30000.0,0,160,48.7,2.0
6,2016,8991,1,41429.0,0,0,74.3,1.5
18,2017,17295,1,16634.0,0,125,56.5,2.0
5,2018,10691,1,33733.0,4,145,62.8,1.0
5,2016,7841,1,30200.0,4,0,65.7,1.0
6,2015,6598,1,71314.0,0,0,74.3,1.5
3,2017,18990,1,18111.0,0,145,48.7,2.0
2,2016,10484,2,19961.0,4,160,44.8,1.5
6,2016,12792,1,29229.0,0,20,67.3,2.0
5,2018,14296,1,16398.0,4,145,55.4,1.0
6,2019,20999,1,3805.0,4,145,46.3,1.5
13,2017,14999,1,9588.0,0,145,60.1,2.0
5,2017,9897,1,19201.0,4,145,65.7,1.0
5,2018,11399,1,19089.0,4,145,65.7,1.0
5,2018,9499,1,12000.0,4,145,65.7,1.0
6,2018,11999,1,14929.0,4,145,60.1,1.0
2,2019,16999,1,2500.0,4,145,51.4,1.0
6,2017,10499,1,35047.0,0,0,74.3,1.5
5,2014,5788,1,52587.0,0,0,85.6,1.6
13,2017,17825,1,13000.0,0,145,54.3,2.0
5,2016,7990,1,35261.0,4,0,65.7,1.0
6,2017,15591,1,30312.0,0,20,67.3,2.0
5,2016,8491,1,16494.0,4,125,54.3,1.2
9,2016,9793,0,26035.0,0,30,58.9,1.5
6,2018,17782,1,17809.0,4,145,41.5,2.0
5,2016,10292,0,10240.0,4,145,47.9,1.6
5,2018,10390,1,31887.0,4,145,56.5,1.0
5,2016,9795,1,27340.0,4,0,65.7,1.0
13,2015,13650,1,38500.0,0,145,54.3,2.0
1,2017,11200,1,6947.0,4,30,55.4,1.0
12,2018,7750,1,9168.0,4,145,57.7,1.2
5,2018,11250,1,13859.0,4,145,65.7,1.0
5,2017,12600,2,11825.0,4,0,57.7,1.0
5,2017,10000,1,13534.0,4,145,65.7,1.0
2,2018,13900,1,24595.0,4,145,54.3,1.0
5,2018,10400,1,16159.0,4,145,65.7,1.0
6,2018,17991,1,10286.0,4,145,41.5,2.0
5,2017,9691,1,22263.0,4,145,65.7,1.0
14,2017,17991,0,26376.0,0,145,52.3,2.0
6,2014,12661,1,34457.0,4,235,39.2,2.0
13,2016,14291,1,31177.0,0,145,54.3,2.0
5,2016,7341,1,22502.0,4,125,54.3,1.2
14,2015,10991,2,74511.0,0,125,56.5,2.0
5,2018,15000,1,2878.0,4,145,60.1,1.0
5,2018,9500,1,29173.0,4,145,65.7,1.0
5,2015,8500,2,25047.0,4,0,57.7,1.0
5,2019,15500,1,13422.0,4,145,60.1,1.0
1,2016,12500,1,6449.0,4,30,55.4,1.0
13,2017,17000,1,20612.0,0,145,54.3,2.0
6,2017,14000,1,14737.0,4,145,56.5,1.0
5,2018,11500,1,16385.0,4,145,65.7,1.0
13,2017,17500,1,15628.0,0,145,60.1,2.0
6,2018,12500,1,23868.0,4,145,58.9,1.0
13,2018,19999,1,13000.0,0,145,60.1,2.0
5,2018,15495,1,8500.0,4,145,58.9,1.0
6,2018,12899,1,12073.0,0,145,74.3,1.5
6,2018,14999,1,10783.0,4,145,58.9,1.0
5,2018,12977,1,6842.0,4,145,58.9,1.0
6,2018,12999,1,17542.0,4,145,57.7,1.0
13,2018,19999,1,20042.0,0,145,60.1,2.0
12,2019,9999,1,2951.0,4,145,47.9,1.2
6,2018,11677,1,10604.0,4,145,60.1,1.0
6,2019,16499,1,13331.0,4,145,60.1,1.0
13,2019,18500,1,5286.0,4,145,39.2,1.5
13,2016,16000,1,8729.0,0,145,54.3,2.0
13,2017,15500,1,17003.0,0,145,54.3,2.0
18,2017,24000,2,16815.0,0,145,54.3,2.0
6,2017,11000,1,33274.0,0,145,74.3,1.5
13,2019,22500,1,2514.0,0,145,39.2,2.0
6,2019,18000,1,3379.0,4,145,58.9,1.0
5,2017,8500,1,22718.0,4,125,54.3,1.2
6,2019,20000,1,3750.0,4,145,60.1,1.0
12,2017,7500,1,26733.0,4,145,57.7,1.2
6,2019,26500,1,419.0,4,145,34.5,2.3
5,2016,10500,1,7495.0,4,0,65.7,1.0
1,2017,11500,1,22892.0,0,20,68.9,1.5
10,2019,18500,1,390.0,0,145,61.4,1.5
6,2019,16000,1,9493.0,4,145,60.1,1.0
5,2018,12500,1,13398.0,4,145,62.8,1.0
2,2017,10200,1,7417.0,0,145,64.2,1.5
18,2019,26000,2,6145.0,0,145,51.4,2.0
16,2019,20000,1,2167.0,4,145,51.4,1.0
2,2019,15150,1,48.0,4,145,53.3,1.0
6,2017,12250,1,14554.0,0,150,74.3,1.5
5,2019,13500,1,6.0,4,150,48.7,1.1
5,2018,10999,1,14017.0,4,145,65.7,1.0
6,2018,12499,1,7732.0,4,145,60.1,1.0
5,2018,10299,1,6984.0,4,145,65.7,1.0
5,2018,10999,1,17693.0,4,145,62.8,1.0
13,2018,23499,2,16200.0,0,145,54.3,2.0
5,2019,18500,1,3240.0,4,145,40.3,1.5
6,2017,10650,1,23900.0,4,145,60.1,1.0
6,2017,32000,1,10057.0,4,235,36.7,2.3
12,2019,10999,1,7156.0,4,145,43.5,1.2
13,2018,19499,1,18000.0,0,145,60.1,2.0
6,2017,11999,1,11741.0,4,145,60.1,1.0
5,2019,16295,1,2409.0,4,145,58.9,1.0
6,2019,19499,0,430.0,4,145,51.4,1.0
6,2019,20999,1,15000.0,4,145,45.6,1.5
5,2018,10797,1,15261.0,4,145,65.7,1.0
6,2017,12999,1,21000.0,4,145,57.7,1.0
6,2018,17998,1,21817.0,4,145,41.5,2.0
14,2018,15998,0,24705.0,4,145,44.8,1.5
6,2019,18998,0,6516.0,4,150,39.8,1.5
13,2019,19498,1,9503.0,4,145,39.2,1.5
13,2017,13998,1,32125.0,0,125,60.1,2.0
13,2016,14498,0,11500.0,4,235,38.2,1.5
1,2017,9698,1,36052.0,0,150,68.9,1.5
5,2016,8498,1,10649.0,4,125,54.3,1.2
6,2017,11498,1,18150.0,4,20,60.1,1.0
6,2017,18998,1,14176.0,4,145,41.5,2.0
2,2016,7900,1,50848.0,0,30,64.2,1.5
5,2018,10220,1,26309.0,4,150,65.7,1.0
6,2018,13490,1,11710.0,4,145,58.9,1.0
6,2018,14195,1,16760.0,4,145,58.9,1.0
2,2015,7700,1,23912.0,4,160,44.8,1.5
14,2019,22000,0,8865.0,0,145,58.9,2.0
13,2017,17500,2,21954.0,0,145,54.3,2.0
5,2018,10750,1,12150.0,4,150,65.7,1.0
5,2015,9500,1,19613.0,0,0,78.5,1.5
6,2015,11495,2,33661.0,0,30,64.2,2.0
2,2017,10450,1,12510.0,4,145,53.3,1.0
5,2015,6950,1,24510.0,4,30,54.3,1.2
5,2017,9250,1,32320.0,4,0,65.7,1.0
5,2016,7200,1,35800.0,4,125,54.3,1.2
12,2019,10495,1,5000.0,4,145,43.5,1.2
13,2019,22499,1,1841.0,4,145,35.3,1.5
6,2019,15499,1,8098.0,4,145,60.1,1.0
13,2017,17499,1,20751.0,0,145,54.3,2.0
3,2017,21999,2,18299.0,0,200,47.9,2.0
3,2017,21999,2,22765.0,0,200,47.9,2.0
13,2017,16497,1,12945.0,0,145,54.3,2.0
6,2019,16499,1,9862.0,4,145,60.1,1.0
13,2017,16999,1,27246.0,0,145,54.3,2.0
6,2017,10500,1,14603.0,4,20,60.1,1.0
5,2016,7560,1,24610.0,4,0,65.7,1.0
6,2018,14820,1,22143.0,4,150,60.1,1.0
6,2016,14050,1,19097.0,0,20,67.3,2.0
13,2015,10880,2,50372.0,0,145,52.3,2.0
5,2017,8500,1,9700.0,4,125,54.3,1.2
5,2014,6700,1,18650.0,4,30,54.3,1.2
5,2018,9900,1,36800.0,4,145,56.5,1.0
5,2018,10600,1,23060.0,4,145,56.5,1.0
6,2017,10100,1,20800.0,0,0,74.3,1.5
5,2015,6800,1,34380.0,4,0,65.7,1.0
5,2013,8323,1,23440.0,4,0,65.7,1.0
12,2018,9540,1,7670.0,4,145,54.3,1.2
6,2017,10510,1,21720.0,4,20,60.1,1.0
5,2016,8100,1,31003.0,4,0,65.7,1.0
5,2018,10600,1,25180.0,4,145,56.5,1.0
13,2017,14990,1,21730.0,0,145,60.1,2.0
1,2018,13698,1,2255.0,4,150,49.6,1.0
0,2017,8998,2,37120.0,4,160,44.1,1.6
2,2017,9998,1,32465.0,4,125,53.3,1.0
6,2017,12998,0,11577.0,4,150,46.3,1.5
1,2017,13498,1,20357.0,4,150,55.4,1.0
9,2014,8498,1,35013.0,0,125,60.1,1.6
5,2017,9998,2,28363.0,4,0,57.7,1.0
6,2017,11698,1,32557.0,0,0,74.3,1.5
6,2017,11698,1,17398.0,0,0,74.3,1.5
0,2017,10698,2,6425.0,4,165,44.1,1.6
2,2019,17350,0,1124.0,4,145,45.6,1.0
2,2019,17350,0,1065.0,4,145,45.6,1.0
6,2019,16880,1,6500.0,4,145,60.1,1.0
5,2019,13500,1,7608.0,4,145,60.1,1.0
1,2016,10277,0,16179.0,0,20,64.2,1.5
1,2015,9330,1,36004.0,4,30,55.4,1.0
5,2018,14891,1,16934.0,4,145,40.3,1.5
18,2017,18491,1,27330.0,0,125,51.4,2.0
5,2019,14630,1,7500.0,4,145,60.1,1.0
5,2016,8698,1,20287.0,4,0,65.7,1.0
5,2019,11930,1,5469.0,4,145,58.9,1.0
5,2019,11930,1,4092.0,4,145,58.9,1.0
5,2015,6800,1,34779.0,4,0,65.7,1.0
3,2016,18020,0,44224.0,0,160,48.7,2.0
12,2019,11140,1,1157.0,4,145,43.5,1.2
12,2019,11140,1,2000.0,4,145,43.5,1.2
6,2017,11750,1,18787.0,0,145,74.3,1.5
3,2018,24850,2,13122.0,0,145,47.9,2.0
3,2018,22027,0,10237.0,0,145,47.9,2.0
13,2019,18597,1,5232.0,0,145,47.9,2.0
5,2019,15630,1,5275.0,4,145,55.4,1.0
6,2019,14430,1,7373.0,4,145,58.9,1.0
6,2019,15420,1,7294.0,4,145,60.1,1.0
6,2019,16040,1,12250.0,0,145,80.7,1.5
6,2019,14550,1,3141.0,4,145,60.1,1.0
6,2019,14380,1,3802.0,4,145,58.9,1.0
6,2019,14540,1,7620.0,4,145,60.1,1.0
6,2019,14540,1,6728.0,4,145,58.9,1.0
3,2017,21197,0,10088.0,0,145,48.7,2.0
13,2018,17000,1,14853.0,0,145,60.1,2.0
18,2018,26000,2,4150.0,0,145,54.3,2.0
3,2018,29000,2,3420.0,0,145,37.2,2.0
6,2018,17750,1,15165.0,4,145,41.5,2.0
6,2018,12000,1,14162.0,0,145,74.3,1.5
3,2019,32000,2,22.0,0,145,37.2,2.0
5,2019,16500,1,5283.0,4,145,58.9,1.0
2,2019,16000,1,5847.0,4,145,53.3,1.0
5,2017,10498,1,27224.0,4,0,65.7,1.0
1,2016,10400,1,23512.0,0,30,64.2,2.0
5,2019,15995,2,9950.0,4,145,48.7,1.0
5,2017,7700,1,28920.0,4,125,54.3,1.2
5,2015,6800,1,40160.0,4,125,54.3,1.2
0,2016,7960,1,25020.0,4,30,55.4,1.0
6,2018,13490,1,13110.0,4,145,58.9,1.0
12,2017,8900,1,9590.0,4,30,57.7,1.2
5,2016,6600,1,28890.0,4,125,54.3,1.2
5,2017,9760,1,22330.0,4,0,65.7,1.0
6,2019,15440,1,10500.0,4,145,60.1,1.0
5,2019,14490,1,5518.0,4,145,58.9,1.0
5,2019,13070,1,13282.0,4,145,58.9,1.0
6,2019,15460,1,3572.0,4,145,60.1,1.0
6,2019,15440,1,5684.0,4,145,60.1,1.0
6,2019,15470,1,8292.0,4,145,60.1,1.0
6,2019,15510,1,7453.0,4,145,60.1,1.0
6,2019,15420,1,8980.0,4,145,60.1,1.0
6,2019,15080,1,12691.0,0,145,80.7,1.5
6,2019,14594,1,18638.0,0,145,80.7,1.5
5,2015,8498,2,25081.0,4,145,47.9,1.6
9,2017,12498,1,25243.0,0,30,64.2,1.5
5,2017,9298,1,14399.0,4,0,65.7,1.0
14,2018,15998,0,23872.0,4,145,43.5,1.5
1,2017,11698,1,14382.0,0,145,68.9,1.5
13,2015,10498,1,81621.0,0,145,54.3,2.0
2,2017,9998,1,23421.0,4,125,52.3,1.0
8,2018,20998,1,15584.0,4,145,43.5,1.5
5,2018,10298,1,10280.0,4,150,55.4,1.1
6,2017,11498,1,12418.0,4,20,61.4,1.0
5,2019,12491,1,1069.0,4,145,48.7,1.1
5,2015,7481,1,32833.0,4,0,65.7,1.0
6,2018,10591,1,22656.0,4,150,60.1,1.0
14,2016,12691,2,26905.0,0,125,58.9,2.0
6,2016,12697,0,19823.0,4,150,46.3,1.5
5,2018,10291,1,7983.0,4,150,58.9,1.0
5,2019,11591,1,7781.0,4,150,55.4,1.1
2,2018,13791,1,15320.0,4,145,54.3,1.0
14,2017,13491,1,24223.0,0,145,64.2,2.0
5,2018,14481,1,8450.0,4,145,60.1,1.0
5,2018,14000,1,12571.0,4,145,58.9,1.0
5,2018,11000,1,14186.0,4,145,65.7,1.0
6,2017,10000,1,26828.0,4,145,61.4,1.0
5,2018,14500,1,4806.0,4,145,55.4,1.0
6,2017,12000,1,31070.0,0,150,74.3,1.5
6,2017,11000,1,21582.0,0,0,74.3,1.5
5,2018,12500,1,9288.0,4,145,56.5,1.0
1,2017,12500,1,12928.0,4,30,55.4,1.0
13,2018,19991,2,23732.0,0,150,54.3,2.0
5,2017,13491,1,7993.0,4,150,62.8,1.0
6,2013,5700,2,61339.0,4,165,44.1,1.6
0,2013,6787,2,22724.0,4,160,44.1,1.6
5,2019,12347,1,8619.0,4,145,56.5,1.0
6,2018,11000,1,10467.0,4,145,60.1,1.0
0,2014,6791,2,19612.0,4,160,44.1,1.6
3,2016,19991,1,30282.0,0,205,47.9,2.0
5,2015,6991,1,51349.0,4,0,65.7,1.0
5,2018,11387,1,21716.0,4,145,65.7,1.0
8,2017,19000,1,25703.0,0,125,56.5,2.0
5,2017,10500,2,16909.0,4,0,57.7,1.0
5,2016,9495,1,14571.0,4,0,65.7,1.0
6,2015,8400,1,43265.0,0,0,74.3,1.5
0,2016,8495,1,5178.0,4,145,47.1,1.4
0,2014,5988,1,45466.0,0,20,70.6,1.6
6,2016,14747,1,22996.0,0,20,67.3,2.0
5,2017,10120,1,8224.0,4,145,65.7,1.0
6,2013,6190,1,47207.0,0,20,67.3,1.6
1,2016,8430,1,29145.0,4,160,44.1,1.6
5,2016,10137,1,22856.0,0,0,78.5,1.5
11,2016,5991,1,15084.0,4,30,57.7,1.2
5,2017,10500,1,7003.0,4,0,65.7,1.0
14,2016,17500,1,12450.0,0,30,62.8,2.0
1,2019,16000,1,2237.0,4,145,48.7,1.0
13,2017,15000,2,29842.0,0,145,54.3,2.0
1,2017,11000,1,12312.0,0,20,68.9,1.5
13,2019,19500,1,19026.0,0,145,47.9,2.0
5,2019,14000,1,11884.0,4,145,58.9,1.0
1,2017,10500,1,7519.0,0,20,68.9,1.5
5,2018,15500,2,1178.0,4,145,48.7,1.0
12,2019,10550,1,10.0,4,145,47.9,1.2
5,2017,7770,1,16105.0,4,125,54.3,1.2
5,2015,7150,1,37388.0,4,0,65.7,1.0
5,2017,10167,1,10042.0,4,145,62.8,1.0
6,2019,17520,1,8.0,4,145,60.1,1.0
2,2016,9990,2,17385.0,4,160,44.8,1.5
5,2017,9130,1,19315.0,4,0,65.7,1.0
5,2019,11640,1,13246.0,4,145,58.9,1.0
6,2019,15991,1,12555.0,0,145,62.8,1.5
16,2020,20891,1,3073.0,4,145,50.4,1.0
6,2019,14791,1,12125.0,4,145,60.1,1.0
6,2019,15291,1,13284.0,0,145,74.3,1.5
6,2019,13991,1,11146.0,4,145,60.1,1.0
6,2019,16110,1,16000.0,0,145,74.3,1.5
6,2019,20170,1,100.0,4,145,60.1,1.0
5,2019,13970,1,14000.0,4,145,56.5,1.0
12,2018,7600,1,11447.0,4,145,57.7,1.2
6,2019,19291,0,10841.0,0,145,74.3,1.5
6,2019,17410,1,9500.0,4,145,60.1,1.0
5,2019,11250,1,15528.0,4,145,56.5,1.0
9,2015,8540,1,44142.0,0,125,60.1,1.6
9,2016,9491,2,37799.0,0,30,58.9,1.5
5,2019,13230,1,6468.0,4,145,56.5,1.0
6,2018,16690,1,19091.0,4,145,41.5,2.0
5,2015,7995,1,36015.0,4,0,65.7,1.0
6,2018,11750,1,17045.0,4,145,60.1,1.0
5,2013,6995,1,30200.0,4,0,65.7,1.0
5,2016,8295,1,29140.0,0,0,78.5,1.5
5,2017,10280,1,15119.0,4,20,62.8,1.0
5,2018,11450,1,12968.0,4,145,56.5,1.0
5,2017,8491,1,29162.0,4,145,65.7,1.0
2,2017,8891,1,30994.0,4,160,44.8,1.5
5,2018,9791,1,16922.0,4,145,65.7,1.0
6,2017,17291,1,17573.0,4,145,41.5,2.0
8,2016,17590,1,33704.0,0,125,56.5,2.0
13,2019,20847,1,8526.0,0,145,47.9,2.0
18,2017,16998,1,26635.0,0,125,56.5,2.0
9,2017,14498,1,7219.0,0,30,64.2,1.5
0,2017,8998,1,24096.0,0,0,74.3,1.5
2,2017,10998,1,5074.0,4,150,53.3,1.0
2,2018,14998,1,4189.0,4,150,54.3,1.0
1,2017,10298,1,24379.0,4,30,55.4,1.0
6,2017,11998,1,18856.0,4,20,60.1,1.0
13,2017,16498,2,15365.0,0,150,54.3,2.0
13,2017,16498,0,8175.0,4,150,38.2,1.5
5,2017,10498,1,14851.0,4,0,65.7,1.0
6,2017,12997,2,14392.0,4,125,51.4,1.0
5,2017,9077,1,17042.0,4,0,65.7,1.0
14,2018,12890,1,27856.0,0,145,47.1,2.0
0,2016,9380,2,10287.0,4,160,44.1,1.6
5,2018,9617,1,37564.0,4,145,56.5,1.0
5,2013,7547,1,22319.0,4,0,65.7,1.0
6,2019,15580,1,9000.0,4,145,60.1,1.0
20,2019,19897,1,2991.0,0,145,61.4,1.5
9,2017,12444,1,17242.0,0,30,64.2,1.5
1,2017,9697,1,7426.0,4,160,44.1,1.6
5,2017,8491,1,26257.0,4,125,54.3,1.2
6,2019,18991,0,3159.0,4,150,42.8,1.0
5,2015,6891,1,34817.0,4,30,54.3,1.2
6,2016,8491,1,32512.0,4,20,60.1,1.0
5,2018,10291,1,2515.0,4,150,65.7,1.0
2,2017,9691,1,33014.0,4,125,52.3,1.0
6,2019,14250,1,4654.0,4,145,60.1,1.0
6,2019,14590,1,3273.0,4,145,60.1,1.0
6,2019,14310,1,9824.0,4,145,58.9,1.0
6,2019,14300,1,8160.0,4,145,58.9,1.0
12,2019,11140,1,2200.0,4,145,43.5,1.2
5,2017,9487,1,26700.0,4,145,65.7,1.0
6,2019,16477,1,292.0,4,145,49.6,1.0
5,2015,7591,1,33350.0,4,20,62.8,1.0
11,2015,4670,1,42429.0,4,30,57.7,1.2
6,2017,16190,1,16519.0,4,145,41.5,2.0
1,2013,5260,1,57669.0,0,30,61.4,1.6
5,2017,8991,1,23225.0,0,145,88.3,1.5
2,2018,11491,1,18947.0,4,145,54.3,1.0
13,2017,16291,2,31904.0,0,145,54.3,2.0
6,2017,11000,1,17423.0,4,150,60.1,1.0
6,2016,9455,1,18194.0,4,20,60.1,1.0
1,2017,10908,2,22020.0,0,145,64.2,1.5
13,2016,12591,1,22437.0,0,125,60.1,2.0
21,2019,28995,0,4452.0,0,145,30.1,2.0
5,2018,12500,1,4771.0,4,145,60.1,1.0
14,2019,19000,1,4675.0,0,145,62.8,2.0
5,2017,11000,1,9840.0,4,145,65.7,1.0
1,2015,9000,1,29110.0,0,20,68.9,1.5
5,2017,8800,1,17741.0,4,125,54.3,1.2
5,2018,10000,1,16712.0,4,145,65.7,1.0
6,2019,16498,0,13701.0,4,145,41.5,1.0
5,2019,11498,1,1781.0,4,150,55.4,1.1
6,2018,19498,1,20561.0,4,150,41.5,2.0
13,2019,19998,0,10505.0,4,150,28.8,1.5
6,2017,12298,1,22163.0,0,145,74.3,1.5
6,2016,14498,1,35074.0,0,20,67.3,2.0
0,2015,7998,2,21453.0,4,165,44.1,1.6
5,2018,11995,1,27143.0,4,145,65.7,1.0
14,2018,16698,0,17765.0,4,145,43.5,1.5
13,2015,12300,1,40264.0,0,125,60.1,2.0
0,2013,7140,1,34320.0,4,30,57.7,1.0
5,2013,6150,1,59101.0,4,0,65.7,1.0
5,2013,4640,1,79608.0,4,0,65.7,1.0
6,2015,7600,2,31816.0,4,160,44.8,1.6
12,2017,6990,1,18093.0,4,145,57.7,1.2
3,2017,19431,2,29826.0,0,160,48.7,2.0
0,2017,9297,1,28636.0,4,30,57.7,1.0
5,2017,12387,1,16990.0,4,145,47.9,1.6
13,2019,20847,1,10233.0,0,145,47.9,2.0
13,2019,20447,1,8605.0,0,145,47.9,2.0
13,2019,20847,1,6925.0,0,145,47.9,2.0
13,2019,20847,1,1915.0,0,145,47.9,2.0
13,2017,13000,1,23095.0,4,165,45.6,1.5
5,2018,16500,1,10026.0,4,150,40.3,1.5
6,2018,12500,1,27258.0,4,150,57.7,1.0
5,2013,7500,1,34761.0,4,0,65.7,1.0
6,2013,9998,1,51382.0,4,240,39.2,2.0
3,2017,18998,2,41726.0,0,160,48.7,2.0
9,2013,6998,1,37522.0,0,125,60.1,1.6
6,2016,15698,1,24432.0,0,20,67.3,2.0
5,2019,13998,1,10305.0,4,145,58.9,1.0
13,2013,9498,1,58334.0,0,145,53.3,2.0
6,2018,17500,1,26317.0,4,145,41.5,2.0
5,2018,10700,1,32930.0,4,145,65.7,1.0
5,2018,10700,1,31244.0,4,145,65.7,1.0
6,2016,10400,1,24800.0,0,0,74.3,1.5
13,2019,19800,1,8496.0,0,145,45.6,1.5
5,2018,11000,1,7433.0,4,145,64.2,1.1
5,2018,11000,1,15000.0,4,145,65.7,1.0
13,2017,17500,1,16391.0,0,145,60.1,2.0
5,2017,9800,1,14488.0,4,145,54.3,1.2
5,2019,14800,1,13879.0,4,145,58.9,1.0
13,2018,17400,1,6063.0,0,145,47.9,2.0
5,2018,10995,1,20055.0,0,150,88.3,1.5
5,2018,10995,1,13176.0,4,145,65.7,1.0
6,2019,17995,1,11485.0,0,150,74.3,1.5
13,2017,13155,1,41082.0,0,125,60.1,2.0
5,2014,5999,1,26717.0,4,30,54.3,1.2
13,2017,15500,1,15000.0,0,145,60.1,2.0
5,2017,10000,1,31788.0,4,145,65.7,1.0
2,2017,10000,1,16810.0,4,145,44.8,1.5
12,2017,8400,1,11256.0,4,30,57.7,1.2
5,2019,15000,1,6222.0,4,145,58.9,1.0
5,2018,11500,1,19891.0,4,145,65.7,1.0
2,2018,14900,2,4751.0,4,145,45.6,1.0
13,2017,14600,1,18533.0,0,145,54.3,2.0
13,2018,17700,1,16616.0,0,145,60.1,2.0
16,2019,21000,1,300.0,4,145,50.4,1.0
14,2019,19500,1,15.0,0,145,65.7,2.0
6,2019,16300,1,5113.0,4,145,60.1,1.0
6,2018,19000,1,14682.0,4,145,41.5,2.0
6,2018,12200,1,13974.0,4,145,60.1,1.0
5,2018,11200,1,12019.0,4,145,65.7,1.0
1,2015,9900,1,15628.0,4,30,55.4,1.0
13,2017,15900,1,15557.0,0,145,60.1,2.0
5,2018,9400,1,10584.0,4,145,64.2,1.1
5,2018,11900,1,10549.0,4,145,65.7,1.0
5,2018,9400,1,9682.0,4,145,64.2,1.1
5,2018,11800,1,15997.0,4,145,65.7,1.0
6,2018,12400,1,14992.0,4,145,60.1,1.0
6,2017,14900,1,24277.0,0,20,67.3,2.0
12,2018,9400,1,3011.0,4,145,57.7,1.2
12,2018,9400,1,4934.0,4,145,57.7,1.2
12,2018,9400,1,6399.0,4,145,57.7,1.2
12,2018,9400,1,4763.0,4,145,57.7,1.2
5,2018,10200,1,7883.0,4,145,55.4,1.1
6,2018,17900,0,13340.0,4,145,47.9,1.5
6,2019,18900,1,100.0,4,145,58.9,1.0
13,2018,18600,1,12947.0,0,145,60.1,2.0
6,2018,17900,1,10586.0,4,145,41.5,2.0
13,2019,16900,1,16324.0,0,145,47.9,2.0
6,2018,15500,1,14505.0,4,145,60.1,1.0
6,2017,10500,1,19086.0,4,20,61.4,1.0
5,2017,9000,1,26286.0,4,125,54.3,1.2
5,2017,11500,1,23609.0,4,150,65.7,1.0
6,2017,11000,1,16971.0,4,150,60.1,1.0
6,2016,10500,1,23499.0,4,20,60.1,1.0
2,2017,9800,1,26391.0,0,30,64.2,1.5
5,2018,10000,1,12618.0,4,145,64.2,1.1
5,2018,14000,1,16952.0,4,145,58.9,1.0
5,2018,9700,1,30449.0,4,145,65.7,1.0
6,2019,15300,1,11138.0,4,145,60.1,1.0
13,2018,18900,1,9435.0,0,145,54.3,1.5
18,2019,28900,2,3676.0,0,145,51.4,2.0
6,2018,10700,1,27733.0,4,145,60.1,1.0
5,2018,12500,1,3638.0,4,145,61.4,1.0
5,2016,9500,1,24256.0,4,0,65.7,1.0
2,2018,15900,1,13286.0,4,145,54.3,1.0
5,2018,10200,1,7471.0,4,145,64.2,1.1
5,2018,12500,1,9102.0,4,145,65.7,1.0
6,2017,11300,1,21874.0,4,145,60.1,1.0
13,2017,14900,1,8805.0,4,145,45.6,1.5
13,2018,19900,1,12548.0,0,145,47.9,2.0
5,2018,11900,1,13374.0,4,145,58.9,1.0
5,2019,13300,1,4350.0,4,145,56.5,1.0
6,2019,20400,0,4365.0,0,145,49.6,2.0
6,2018,11800,1,22076.0,4,145,60.1,1.0
5,2017,7300,1,27243.0,4,145,54.3,1.2
6,2015,13800,1,37344.0,0,20,67.3,2.0
6,2017,16900,1,17735.0,0,145,67.3,2.0
6,2017,16500,1,38565.0,0,145,67.3,2.0
9,2018,17900,2,180.0,0,145,51.4,1.5
5,2018,9900,1,9430.0,4,145,64.2,1.1
5,2018,9900,1,8255.0,4,145,64.2,1.1
13,2018,19400,1,9817.0,0,145,47.9,2.0
13,2018,17300,1,9127.0,0,145,47.9,2.0
5,2018,9900,1,10121.0,4,145,64.2,1.1
13,2018,19400,1,6837.0,0,145,47.9,2.0
5,2018,9800,1,11468.0,4,145,64.2,1.1
1,2016,8700,1,27847.0,0,20,68.9,1.5
5,2019,12600,1,10608.0,4,145,60.1,1.0
5,2019,15900,1,4113.0,4,145,57.7,1.0
6,2019,16200,1,8568.0,4,145,49.6,1.0
6,2019,18900,1,9552.0,4,145,50.4,1.5
6,2018,18500,1,14502.0,0,145,67.3,2.0
6,2013,6698,2,32685.0,4,160,44.1,1.6
5,2017,11990,1,19700.0,4,150,47.9,1.6
5,2015,6990,1,31170.0,4,0,65.7,1.0
5,2018,10200,1,4047.0,4,145,55.4,1.1
6,2018,14500,1,6575.0,4,145,58.9,1.0
5,2016,7200,1,20147.0,4,125,54.3,1.2
6,2019,15400,1,7268.0,4,145,60.1,1.0
6,2019,16900,1,9300.0,4,145,60.1,1.0
5,2017,10500,1,8084.0,4,145,65.7,1.0
2,2016,9900,1,30572.0,4,125,52.3,1.0
1,2017,12800,2,2248.0,0,150,64.2,1.5
11,2014,4591,1,39987.0,4,30,57.7,1.2
13,2016,12491,2,53499.0,0,145,52.3,2.0
5,2018,11291,1,12039.0,4,145,65.7,1.0
5,2018,10991,1,19277.0,4,145,56.5,1.0
5,2017,10491,1,21439.0,4,145,65.7,1.0
5,2017,9495,1,24955.0,4,0,65.7,1.0
5,2016,9495,1,18103.0,4,20,62.8,1.0
6,2018,14795,1,15000.0,4,145,58.9,1.0
6,2018,16495,1,15721.0,4,145,60.1,1.0
5,2018,13995,1,6579.0,4,145,57.7,1.0
6,2017,10795,1,18656.0,4,20,60.1,1.0
5,2018,13995,1,28655.0,0,145,88.3,1.5
13,2019,21995,1,5590.0,0,145,47.9,2.0
5,2019,19995,1,3514.0,4,145,40.3,1.5
6,2019,19995,1,12544.0,4,145,60.1,1.0
13,2019,17900,1,6285.0,4,145,34.4,1.5
5,2019,11300,1,8151.0,4,145,55.4,1.1
5,2019,11300,1,7304.0,4,145,55.4,1.1
6,2017,12900,1,14877.0,4,145,51.4,1.5
18,2018,26900,0,9305.0,0,145,51.4,2.0
5,2016,9800,1,24889.0,0,0,78.5,1.5
5,2018,10800,1,6303.0,4,150,58.9,1.0
5,2015,8400,1,16083.0,4,0,65.7,1.0
5,2018,15900,1,7722.0,4,145,40.3,1.5
5,2015,7438,1,19432.0,4,30,54.3,1.2
0,2017,10228,1,22677.0,4,145,57.7,1.0
5,2015,9000,1,6589.0,4,0,65.7,1.0
5,2013,6491,1,51988.0,0,0,78.5,1.6
5,2019,12900,1,9030.0,4,145,65.7,1.0
5,2018,10600,1,8985.0,4,145,55.4,1.1
5,2019,14600,1,8346.0,4,145,60.1,1.0
5,2016,9800,1,16214.0,4,0,65.7,1.0
5,2017,7900,1,13411.0,4,145,54.3,1.2
0,2013,6200,1,47186.0,4,30,55.4,1.0
6,2019,16600,1,5283.0,0,145,80.7,1.5
5,2019,10600,1,10400.0,4,145,64.2,1.1
13,2019,17900,1,12812.0,0,145,47.9,2.0
5,2017,8500,1,12224.0,4,145,54.3,1.2
5,2018,11500,1,3362.0,4,150,65.7,1.0
0,2015,7600,2,27439.0,4,165,44.1,1.6
5,2014,7500,2,34000.0,4,0,57.7,1.0
13,2017,16500,1,13732.0,4,150,45.6,1.5
13,2017,18500,2,6183.0,0,150,58.9,1.5
13,2019,20000,1,3547.0,4,150,35.3,1.5
13,2017,17300,1,10871.0,0,125,60.1,2.0
13,2017,17000,1,4825.0,4,150,45.6,1.5
6,2020,25500,0,4555.0,4,145,39.8,1.5
13,2016,11000,1,57740.0,0,125,60.1,2.0
5,2019,12291,1,2031.0,4,145,58.9,1.0
13,2016,11111,1,37936.0,0,125,60.1,2.0
6,2016,10300,1,23260.0,0,0,74.3,1.5
5,2018,9270,1,58470.0,0,145,88.3,1.5
6,2015,9250,1,54700.0,0,0,74.3,1.5
5,2018,13495,1,6275.0,4,145,49.6,1.0
13,2017,14995,1,18387.0,0,145,54.3,2.0
5,2018,8995,1,20120.0,4,145,64.2,1.1
13,2018,18495,1,8103.0,0,145,47.9,2.0
13,2014,11995,2,48461.0,0,200,45.6,2.0
13,2016,12995,1,29893.0,0,125,60.1,2.0
5,2015,6795,1,42509.0,4,0,65.7,1.0
13,2017,13995,1,21590.0,0,150,60.1,2.0
2,2019,13995,1,9644.0,4,150,53.3,1.0
6,2015,8495,1,59865.0,0,0,74.3,1.5
1,2017,12998,1,3438.0,0,150,68.9,1.5
5,2017,7998,1,21050.0,4,145,54.3,1.2
5,2017,10998,1,2033.0,4,0,65.7,1.0
6,2018,18998,1,23335.0,4,145,41.5,2.0
6,2017,9860,1,47267.0,0,145,74.3,1.5
6,2015,6350,1,78968.0,0,0,74.3,1.5
5,2015,8330,2,22453.0,4,145,47.9,1.6
5,2017,8498,1,21632.0,4,145,54.3,1.2
6,2015,7998,1,69433.0,0,0,74.3,1.5
14,2016,9999,1,29729.0,0,0,78.5,1.5
5,2017,7999,1,24000.0,4,145,64.2,1.1
6,2016,8495,2,36325.0,4,125,51.4,1.0
5,2017,7872,1,26864.0,4,0,65.7,1.0
5,2016,8890,1,29580.0,4,0,65.7,1.0
5,2015,9250,1,13437.0,4,0,65.7,1.0
5,2017,9920,1,29609.0,4,20,62.8,1.0
5,2017,12780,1,19109.0,4,145,47.9,1.6
6,2017,11220,1,24000.0,4,150,58.9,1.0
5,2016,9995,1,21428.0,4,20,62.8,1.0
6,2019,15995,1,6855.0,4,145,60.1,1.0
6,2017,10498,1,32873.0,0,145,74.3,1.5
6,2018,19498,1,20781.0,4,145,41.5,2.0
5,2019,13998,1,9832.0,4,145,58.9,1.0
6,2019,15298,0,10493.0,4,145,48.7,1.0
5,2017,11498,1,12999.0,4,0,65.7,1.0
0,2017,10698,1,5436.0,4,150,55.4,1.0
14,2017,10998,1,55764.0,0,20,67.3,2.0
5,2017,9998,1,32336.0,0,0,78.5,1.5
13,2017,17000,1,28073.0,0,145,60.1,2.0
13,2018,14450,1,21604.0,0,145,64.2,1.5
12,2018,7800,1,2961.0,4,145,57.7,1.2
6,2018,16999,1,10983.0,4,145,60.1,1.0
6,2018,11000,1,18050.0,4,145,61.4,1.0
13,2018,14750,1,22984.0,0,145,64.2,1.5
13,2017,13100,1,5688.0,4,160,45.6,1.5
13,2017,14200,1,36944.0,0,145,64.2,1.5
5,2019,13000,1,1687.0,4,150,48.7,1.1
5,2018,14000,1,5151.0,4,150,58.9,1.0
1,2017,11698,1,19608.0,0,20,68.9,1.5
13,2014,9999,1,44951.0,0,150,53.3,2.0
13,2015,9799,2,65000.0,0,150,52.3,2.0
5,2018,11000,1,7452.0,4,145,65.7,1.0
5,2018,11999,1,20675.0,4,145,65.7,1.0
13,2016,12500,1,24435.0,4,160,45.6,1.5
0,2017,10500,2,7045.0,4,160,44.1,1.6
6,2018,17000,1,12657.0,0,145,67.3,2.0
5,2017,9000,1,38551.0,0,145,78.5,1.5
6,2018,16200,1,19611.0,0,145,67.3,2.0
5,2018,9500,1,20015.0,4,145,65.7,1.0
6,2014,6670,1,38792.0,4,145,47.9,1.6
5,2015,6990,1,26680.0,4,125,54.3,1.2
5,2015,7950,1,16853.0,4,0,65.7,1.0
13,2017,16050,1,25370.0,0,145,60.1,2.0
5,2015,6950,1,26850.0,4,125,54.3,1.2
5,2014,6000,1,27617.0,4,30,54.3,1.2
5,2013,5650,1,45270.0,4,30,54.3,1.2
5,2017,8600,1,18850.0,4,0,65.7,1.0
5,2014,6500,1,16180.0,4,30,54.3,1.2
5,2017,11330,1,2690.0,4,145,65.7,1.0
6,2013,6495,1,53707.0,0,20,67.3,1.6
13,2016,12795,2,52051.0,0,145,52.3,2.0
6,2017,10695,1,18186.0,4,20,60.1,1.0
5,2018,10495,1,15142.0,4,145,65.7,1.0
6,2018,17495,1,8107.0,0,145,67.3,2.0
6,2018,14295,1,5482.0,4,145,57.7,1.0
5,2018,10295,1,13475.0,4,145,65.7,1.0
5,2018,10695,1,9423.0,4,145,55.4,1.1
12,2019,10495,1,7902.0,4,145,43.5,1.2
5,2018,11999,1,13550.0,4,145,65.7,1.0
6,2018,12499,1,18053.0,4,145,57.7,1.0
5,2018,12699,1,6694.0,4,145,62.8,1.0
6,2018,15499,1,10000.0,4,145,60.1,1.0
5,2019,19999,1,9000.0,4,145,40.3,1.5
5,2015,7499,1,33034.0,4,0,65.7,1.0
6,2018,14749,0,15452.0,0,145,67.3,1.5
6,2018,14990,1,14482.0,0,145,74.3,1.5
6,2017,25990,1,13626.0,4,145,36.7,2.3
5,2017,8290,1,29274.0,4,0,65.7,1.0
5,2017,11495,1,20050.0,4,145,47.9,1.6
21,2019,29500,1,10450.0,0,145,31.7,2.0
13,2019,23649,2,15606.0,0,145,38.7,2.0
18,2019,29499,2,8998.0,0,145,51.4,2.0
5,2017,12699,1,25082.0,4,145,47.9,1.6
6,2017,16999,1,26592.0,4,200,41.5,2.0
6,2018,20499,1,4391.0,4,145,41.5,2.0
5,2017,9499,1,12914.0,4,125,54.3,1.2
5,2013,8699,2,29225.0,4,145,47.9,1.6
6,2018,13499,1,11524.0,4,145,57.7,1.0
5,2018,14799,1,6300.0,4,145,55.4,1.0
6,2017,10999,1,24334.0,4,20,60.1,1.0
6,2019,17499,1,8836.0,4,145,60.1,1.0
5,2019,14499,1,7000.0,4,145,55.4,1.0
6,2019,18999,1,4000.0,4,145,60.1,1.0
6,2019,18999,1,8000.0,4,145,49.6,1.0
5,2017,13650,1,13495.0,4,145,47.9,1.6
5,2018,10999,1,21236.0,4,145,62.8,1.0
0,2014,6999,1,43738.0,4,30,55.4,1.0
5,2014,7499,1,45782.0,4,0,65.7,1.0
5,2018,14499,2,7490.0,4,145,48.7,1.0
13,2016,15499,1,7588.0,0,125,60.1,2.0
5,2017,13499,1,20455.0,4,145,62.8,1.0
5,2017,10999,1,9289.0,4,145,65.7,1.0
5,2014,7499,1,41874.0,4,0,65.7,1.0
5,2016,7699,1,55092.0,4,0,65.7,1.0
13,2019,23499,2,10105.0,0,150,42.2,2.0
13,2019,18999,1,9300.0,0,145,38.2,2.0
5,2018,13499,1,8230.0,4,145,65.7,1.0
5,2014,7869,1,55186.0,4,145,47.9,1.6
16,2020,23499,1,1850.0,4,145,49.6,1.0
6,2020,26723,1,2102.0,4,145,34.5,2.3
6,2015,11350,1,67588.0,0,20,67.3,2.0
5,2013,7699,1,49549.0,4,0,65.7,1.0
6,2017,14999,2,11882.0,0,145,64.2,2.0
6,2019,15799,1,7462.0,4,145,58.9,1.0
5,2017,10499,1,11825.0,4,145,65.7,1.0
5,2016,15717,1,11866.0,4,145,46.3,1.6
5,2018,10285,1,12786.0,4,145,65.7,1.0
6,2019,16938,1,4833.0,4,145,60.1,1.0
5,2018,11110,1,18447.0,4,145,65.7,1.0
5,2017,9967,1,13117.0,4,20,62.8,1.0
5,2016,9946,1,14284.0,4,20,62.8,1.0
6,2017,17503,1,22789.0,4,145,41.5,2.0
6,2018,18947,1,9615.0,4,145,41.5,2.0
6,2018,11704,1,13878.0,0,145,74.3,1.5
5,2017,12999,1,26736.0,4,145,47.9,1.6
13,2017,17999,1,13222.0,0,125,60.1,2.0
5,2017,9999,1,40341.0,4,145,62.8,1.0
5,2015,7320,1,30799.0,4,0,65.7,1.0
6,2018,13499,1,16392.0,4,145,57.7,1.0
5,2018,10499,1,17130.0,4,145,65.7,1.0
5,2017,9499,1,27891.0,0,145,88.3,1.5
5,2018,14999,1,15954.0,4,145,40.3,1.5
5,2018,11499,1,11434.0,4,145,65.7,1.0
13,2017,15999,1,49455.0,0,145,54.3,2.0
5,2018,11499,1,16905.0,4,145,65.7,1.0
13,2018,17999,1,6556.0,4,145,39.2,1.5
5,2018,10892,1,14548.0,4,145,65.7,1.0
5,2019,13999,1,16342.0,4,150,58.9,1.0
5,2019,16499,1,7991.0,4,150,40.3,1.5
5,2015,7999,1,21696.0,4,0,65.7,1.0
21,2018,19995,1,2500.0,0,145,32.5,2.0
21,2017,17995,1,33650.0,0,235,44.1,2.0
5,2017,8999,1,23870.0,4,145,64.2,1.1
5,2015,7999,1,62727.0,4,0,65.7,1.0
13,2018,16499,1,6687.0,0,145,54.3,1.5
18,2016,18999,2,35196.0,0,160,51.4,2.0
5,2018,10773,1,3997.0,4,145,65.7,1.0
13,2017,18999,1,15517.0,0,145,60.1,2.0
5,2016,8966,1,12123.0,4,0,65.7,1.0
2,2017,8954,1,34880.0,0,145,64.2,1.5
5,2017,12999,1,32624.0,4,145,47.9,1.6
2,2017,9615,1,19347.0,4,145,52.3,1.0
5,2017,9499,1,12954.0,4,145,64.2,1.1
12,2018,8407,1,14148.0,4,145,47.9,1.2
5,2017,9460,1,23671.0,4,0,65.7,1.0
5,2015,8240,1,33462.0,4,20,62.8,1.0
5,2018,10390,1,23345.0,4,145,62.8,1.0
13,2018,17500,1,12540.0,0,145,47.9,2.0
5,2013,6260,1,33550.0,0,0,76.4,1.5
13,2018,17050,1,11950.0,4,145,39.2,1.5
1,2016,9567,1,32107.0,0,20,68.9,1.5
5,2017,12399,1,14860.0,4,145,47.9,1.6
6,2017,10999,1,17918.0,4,150,60.1,1.0
12,2017,7299,1,14401.0,4,150,57.7,1.2
6,2018,12499,1,26100.0,0,150,74.3,1.5
14,2016,9599,1,75309.0,0,30,64.2,2.0
5,2018,9999,1,24975.0,4,145,64.2,1.1
14,2016,9999,1,77663.0,0,30,64.2,2.0
15,2018,31991,2,28915.0,4,145,22.1,5.0
5,2017,8499,1,28568.0,0,0,78.5,1.5
13,2017,29495,1,13988.0,0,145,64.2,1.5
2,2018,13170,1,10546.0,4,145,54.3,1.0
13,2017,15549,1,13786.0,0,145,60.1,2.0
2,2017,8999,1,40091.0,4,145,52.3,1.0
13,2017,14999,1,20000.0,0,145,60.1,2.0
5,2016,8919,1,10010.0,4,125,54.3,1.2
5,2017,9599,1,15000.0,4,145,65.7,1.0
5,2017,8999,1,11754.0,4,145,54.3,1.2
5,2018,12539,2,19555.0,4,145,54.3,1.0
5,2018,11139,1,16742.0,4,145,65.7,1.0
0,2017,10319,2,11617.0,4,145,44.1,1.6
5,2018,12139,1,11064.0,4,145,62.8,1.0
2,2017,10695,1,9034.0,0,30,64.2,1.5
5,2018,11169,1,9267.0,4,145,65.7,1.0
5,2018,12429,1,8508.0,4,145,62.8,1.0
5,2017,9899,1,2366.0,4,145,54.3,1.2
2,2017,10499,1,23618.0,4,145,53.3,1.0
6,2016,9432,1,38322.0,4,20,60.1,1.0
5,2017,10499,1,23843.0,4,145,62.8,1.0
5,2017,9429,1,24024.0,4,145,65.7,1.0
2,2018,13599,1,15000.0,4,145,54.3,1.0
12,2017,6999,1,18000.0,4,145,57.7,1.2
5,2016,7147,1,11960.0,4,125,54.3,1.2
0,2016,9520,1,16461.0,4,30,57.7,1.0
6,2016,8100,1,59510.0,0,0,74.3,1.5
5,2018,9700,1,23370.0,4,145,58.9,1.0
18,2017,19150,1,23570.0,0,125,51.4,2.0
14,2015,7210,1,79700.0,0,0,78.5,1.6
5,2018,11690,1,11450.0,4,145,62.8,1.0
2,2018,13650,1,4666.0,4,145,54.3,1.0
5,2018,11360,1,17330.0,4,145,65.7,1.0
5,2019,16399,1,11500.0,4,145,40.3,1.5
5,2017,10445,1,10000.0,4,145,65.7,1.0
5,2017,9545,1,12000.0,4,145,65.7,1.0
5,2018,10799,1,12000.0,4,145,58.9,1.0
5,2018,11091,1,17474.0,4,145,65.7,1.0
5,2018,10899,1,14000.0,4,145,65.7,1.0
5,2017,8999,1,10000.0,4,145,54.3,1.2
5,2017,10739,1,16670.0,4,145,62.8,1.0
12,2018,9190,1,11990.0,4,150,43.5,1.2
5,2017,8591,1,19295.0,4,145,64.2,1.1
6,2016,9910,1,32316.0,4,20,60.1,1.0
5,2017,10590,1,26324.0,4,145,65.7,1.0
6,2015,13549,1,42322.0,0,20,67.3,2.0
6,2018,19494,1,8228.0,4,145,41.5,2.0
5,2018,11399,1,11740.0,4,145,65.7,1.0
6,2017,10719,1,19891.0,4,145,60.1,1.0
6,2016,9539,1,13101.0,4,20,61.4,1.0
6,2019,16569,1,2828.0,4,145,60.1,1.0
6,2017,9659,1,22887.0,4,20,61.4,1.0
6,2019,16629,1,3575.0,4,145,60.1,1.0
5,2014,6819,1,38313.0,4,0,65.7,1.0
5,2018,10500,1,11044.0,4,145,65.7,1.0
6,2018,13000,1,16475.0,0,150,74.3,1.5
2,2015,8100,1,31377.0,4,125,53.3,1.0
6,2018,14739,1,13986.0,4,145,58.9,1.0
13,2017,14299,1,23397.0,0,30,64.2,1.5
5,2018,12532,1,5089.0,4,145,65.7,1.0
5,2015,7200,1,25370.0,4,125,54.3,1.2
6,2016,15877,1,13400.0,4,200,41.5,2.0
5,2014,5750,1,39860.0,4,30,54.3,1.2
18,2017,16201,1,36677.0,0,125,56.5,1.5
5,2017,10250,1,26766.0,4,0,65.7,1.0
5,2013,6990,1,41493.0,4,0,65.7,1.0
13,2017,12499,1,27611.0,0,30,64.2,1.5
5,2017,8499,1,34711.0,4,0,65.7,1.0
5,2018,9523,1,20827.0,4,145,64.2,1.1
6,2016,9590,1,36342.0,4,20,60.1,1.0
6,2018,15995,1,5154.0,4,145,60.1,1.0
5,2017,8500,1,38139.0,4,150,65.7,1.0
6,2017,9300,1,36687.0,4,150,60.1,1.0
2,2015,8700,1,20865.0,4,125,53.3,1.0
5,2017,10500,1,15296.0,4,0,65.7,1.0
5,2016,9000,1,23209.0,4,0,65.7,1.0
3,2017,19600,1,19027.0,0,145,48.7,2.0
0,2017,8700,1,32204.0,4,30,55.4,1.0
6,2018,12700,1,15705.0,4,145,57.7,1.0
13,2015,11500,2,32660.0,0,150,52.3,2.0
5,2018,9700,1,12904.0,4,150,64.2,1.1
6,2017,15500,1,24610.0,0,150,67.3,2.0
13,2018,14000,1,35548.0,0,150,64.2,1.5
6,2017,11000,1,10278.0,4,20,61.4,1.0
5,2014,7200,1,23594.0,4,0,65.7,1.0
5,2018,11000,1,29954.0,4,150,62.8,1.0
5,2018,12199,1,8259.0,4,145,65.7,1.0
5,2018,12679,1,3590.0,4,145,65.7,1.0
13,2017,14719,1,22212.0,0,145,60.1,2.0
6,2015,8629,1,38722.0,4,20,61.4,1.0
5,2017,11299,1,22224.0,4,145,62.8,1.0
6,2019,16499,1,8110.0,4,145,51.4,1.5
6,2018,11899,1,4657.0,4,145,60.1,1.0
6,2013,6120,1,64960.0,4,145,47.9,1.6
6,2017,9830,1,26340.0,4,145,61.4,1.0
5,2015,7770,1,24074.0,4,0,65.7,1.0
5,2017,7600,1,14630.0,4,145,54.3,1.2
5,2015,7000,1,37650.0,4,0,65.7,1.0
6,2017,11370,1,14090.0,0,145,74.3,1.5
5,2015,7930,1,39000.0,4,0,65.7,1.0
6,2018,15000,1,16083.0,4,145,58.9,1.0
5,2018,9995,1,17448.0,4,145,55.4,1.1
6,2018,12995,1,11489.0,4,145,57.7,1.0
5,2018,10995,1,11990.0,4,145,58.9,1.0
0,2016,8495,1,25339.0,4,30,55.4,1.0
6,2018,13710,1,25623.0,4,145,58.9,1.0
6,2016,8500,1,50605.0,0,0,74.3,1.5
5,2018,11699,1,6166.0,4,145,65.7,1.0
6,2018,11989,1,9088.0,4,145,60.1,1.0
6,2017,17994,1,17001.0,4,145,41.5,2.0
5,2018,10999,1,14245.0,4,145,65.7,1.0
5,2018,13084,1,5681.0,4,145,65.7,1.0
6,2019,25799,1,3871.0,0,145,50.4,2.0
5,2019,14999,1,3575.0,4,145,60.1,1.0
2,2017,8864,1,35399.0,0,30,64.2,1.5
6,2018,13299,1,10000.0,4,145,57.7,1.0
5,2018,13499,1,5635.0,4,145,58.9,1.0
6,2019,16995,1,10269.0,0,145,80.7,1.5
5,2019,11995,1,11882.0,4,145,58.9,1.0
5,2016,10295,2,8507.0,4,0,57.7,1.0
5,2019,16795,1,877.0,4,145,55.4,1.0
5,2018,11795,1,13645.0,4,145,62.8,1.0
13,2017,14995,1,26097.0,0,150,64.2,1.5
0,2013,6995,1,31472.0,4,30,57.7,1.0
13,2017,14995,1,14059.0,0,30,64.2,1.5
5,2017,9495,1,10386.0,4,145,65.7,1.0
5,2015,9200,1,22640.0,4,0,65.7,1.0
5,2018,10620,1,13240.0,4,145,65.7,1.0
5,2016,9480,1,26435.0,4,0,65.7,1.0
3,2017,23380,2,4426.0,0,145,48.7,2.0
6,2017,10420,1,39039.0,0,145,74.3,1.5
14,2016,10550,2,70729.0,0,125,58.9,2.0
6,2019,18750,1,5252.0,4,145,51.4,1.5
6,2018,19400,1,8973.0,4,145,41.5,2.0
6,2017,11360,1,27961.0,0,145,74.3,1.5
5,2018,11000,1,32675.0,4,145,56.5,1.0
5,2018,11160,1,20372.0,4,145,56.5,1.0
5,2018,10595,1,20106.0,4,145,65.7,1.0
6,2018,13495,1,10335.0,4,145,57.7,1.0
6,2019,15995,1,9304.0,4,145,60.1,1.0
6,2017,11795,1,23572.0,4,125,51.4,1.5
12,2018,9295,1,5730.0,4,145,47.9,1.2
3,2018,21495,2,35482.0,0,145,48.7,2.0
13,2017,14450,0,13450.0,4,145,38.2,1.5
6,2018,18787,1,15464.0,4,145,41.5,2.0
6,2018,13000,1,11589.0,0,145,74.3,1.5
6,2017,12250,1,18138.0,4,145,60.1,1.0
6,2018,14260,1,11296.0,4,145,58.9,1.0
5,2019,14480,1,11903.0,4,145,58.9,1.0
5,2019,14310,1,13500.0,4,145,58.9,1.0
6,2019,15880,1,7932.0,0,145,80.7,1.5
6,2018,11660,1,46995.0,4,145,60.1,1.0
5,2018,11250,1,22175.0,4,145,56.5,1.0
5,2014,5810,1,59858.0,4,30,54.3,1.2
5,2017,8680,1,41491.0,4,145,65.7,1.0
13,2019,21790,1,11567.0,0,145,37.7,2.0
5,2019,16610,1,7128.0,4,145,55.4,1.0
13,2019,19890,1,8500.0,0,145,47.9,2.0
13,2019,19460,1,13850.0,0,145,47.9,2.0
13,2019,19450,1,14010.0,0,145,47.9,2.0
13,2019,17500,1,28957.0,0,145,47.9,2.0
13,2019,19560,1,11028.0,0,145,47.9,2.0
5,2019,11840,1,7259.0,4,145,58.9,1.0
6,2019,18680,0,8900.0,0,145,74.3,1.5
6,2019,16500,1,1010.0,0,145,80.7,1.5
6,2018,12400,1,5343.0,4,145,60.1,1.0
6,2018,15800,1,20871.0,0,145,67.3,2.0
2,2019,17620,0,120.0,4,145,45.6,1.0
5,2015,7700,1,38822.0,4,0,65.7,1.0
5,2017,8800,1,20226.0,4,145,65.7,1.0
5,2017,7510,1,21103.0,4,125,54.3,1.2
5,2019,12390,1,4000.0,4,145,58.9,1.0
5,2018,11450,1,14377.0,4,145,56.5,1.0
18,2016,14310,1,52216.0,0,125,56.5,2.0
6,2017,11990,0,27948.0,4,145,46.3,1.5
5,2014,8810,2,23858.0,4,0,57.7,1.0
6,2017,10200,1,13219.0,0,0,74.3,1.5
5,2017,11250,2,23817.0,4,0,57.7,1.0
6,2017,12590,2,14478.0,0,0,74.3,1.5
5,2017,10230,1,28158.0,4,20,62.8,1.0
5,2019,14995,1,15.0,4,145,58.9,1.0
5,2019,14995,1,15.0,4,145,55.4,1.0
5,2018,13995,1,6961.0,4,145,65.7,1.0
5,2019,15995,1,15.0,4,145,58.9,1.0
6,2019,25950,1,16.0,4,145,34.5,2.3
1,2019,15995,0,10000.0,0,145,56.5,1.5
5,2016,8695,1,32346.0,4,0,65.7,1.0
6,2017,15995,1,19071.0,0,145,67.3,2.0
13,2019,20700,1,12501.0,0,145,39.2,2.0
13,2017,14020,1,18213.0,0,145,60.1,2.0
6,2019,15950,1,9572.0,0,145,80.7,1.5
6,2019,15320,1,8739.0,4,145,60.1,1.0
5,2019,16990,0,3765.0,4,145,48.7,1.0
1,2017,9191,1,37722.0,0,20,68.9,1.5
6,2017,16767,1,14203.0,0,145,67.3,2.0
2,2019,17690,1,11742.0,4,145,52.3,1.0
12,2018,7520,1,19318.0,4,145,57.7,1.2
13,2019,18800,1,8837.0,0,145,47.9,2.0
8,2016,17995,1,28288.0,0,125,56.5,2.0
6,2014,7997,1,42792.0,4,30,56.5,1.0
5,2014,7771,2,28338.0,4,145,47.9,1.6
5,2016,7997,1,21000.0,4,125,54.3,1.2
5,2016,8397,1,29500.0,4,0,65.7,1.0
5,2015,10494,1,24025.0,4,145,47.9,1.6
2,2016,10500,1,19500.0,4,125,52.3,1.0
5,2014,7697,1,36100.0,4,0,65.7,1.0
5,2014,8997,2,28000.0,4,0,57.7,1.0
18,2015,18992,0,16400.0,4,260,35.8,2.0
5,2017,10020,1,15133.0,4,20,62.8,1.0
13,2014,10497,1,43068.0,0,145,53.3,2.0
5,2017,9230,1,4218.0,4,125,54.3,1.2
9,2017,8691,1,58111.0,0,30,64.2,1.5
13,2017,16065,1,11087.0,0,125,60.1,2.0
1,2016,10270,1,40729.0,0,20,68.9,1.5
6,2014,7080,1,35879.0,4,30,56.5,1.0
13,2015,8725,1,73506.0,0,125,60.1,2.0
5,2016,6592,1,64753.0,0,0,78.5,1.5
5,2015,6982,1,35847.0,4,0,65.7,1.0
5,2018,8800,1,21022.0,4,150,64.2,1.1
6,2015,10490,1,15392.0,4,20,60.1,1.0
5,2013,6990,1,39213.0,4,0,65.7,1.0
6,2017,16980,1,24290.0,4,200,41.5,2.0
5,2018,14920,1,5373.0,4,145,58.9,1.0
5,2018,10370,1,21572.0,4,145,56.5,1.0
6,2018,10240,1,32501.0,4,145,60.1,1.0
6,2015,8130,1,41232.0,0,20,67.3,1.6
5,2018,10460,1,26368.0,4,145,65.7,1.0
13,2017,11890,1,29678.0,0,145,54.3,2.0
5,2016,9997,2,9000.0,4,145,47.9,1.6
5,2014,7669,2,21700.0,4,145,47.9,1.6
5,2013,7767,2,20000.0,4,145,47.9,1.6
5,2015,7777,1,7939.0,4,30,54.3,1.2
5,2014,9881,1,17610.0,4,145,47.9,1.6
5,2016,10333,1,15800.0,4,20,62.8,1.0
5,2017,7969,1,4750.0,4,125,54.3,1.2
5,2017,11494,1,19745.0,4,145,47.9,1.6
5,2016,9839,1,11717.0,4,20,62.8,1.0
5,2016,9292,1,19350.0,4,20,62.8,1.0
5,2017,8990,1,67336.0,4,150,47.9,1.6
13,2017,15300,1,27256.0,0,125,60.1,2.0
13,2017,14990,1,31598.0,0,150,60.1,2.0
5,2018,10390,1,5402.0,4,150,64.2,1.1
11,2016,6190,1,13728.0,4,30,57.7,1.2
2,2016,8995,1,39968.0,4,125,52.3,1.0
3,2016,17995,1,34688.0,0,200,47.9,2.0
6,2019,14995,1,6093.0,4,145,60.1,1.0
5,2016,9950,1,16756.0,4,20,62.8,1.0
12,2017,8495,1,14640.0,4,145,57.7,1.2
13,2017,15575,1,19794.0,0,125,60.1,2.0
6,2017,10480,1,30526.0,0,0,74.3,1.5
13,2017,14545,1,32813.0,0,125,60.1,2.0
6,2018,13500,1,8134.0,4,145,57.7,1.0
13,2017,14990,1,32717.0,4,160,45.6,1.5
13,2017,15300,1,24477.0,0,125,60.1,2.0
12,2017,6830,1,16207.0,4,145,57.7,1.2
14,2016,13320,1,29597.0,0,30,62.8,2.0
5,2017,10510,1,11961.0,4,20,62.8,1.0
5,2014,7020,1,16463.0,4,30,54.3,1.2
13,2018,16991,1,15956.0,0,145,64.2,1.5
5,2018,10790,1,26357.0,4,145,65.7,1.0
6,2018,17500,1,20881.0,0,145,67.3,2.0
2,2018,14690,1,4352.0,4,145,54.3,1.0
12,2018,6990,1,15472.0,4,145,57.7,1.2
6,2017,11790,1,13239.0,0,145,74.3,1.5
13,2017,14290,1,23444.0,0,145,64.2,1.5
5,2018,8500,1,38779.0,4,145,64.2,1.1
5,2018,11790,2,31476.0,4,145,54.3,1.0
5,2019,15290,1,7144.0,4,150,58.9,1.0
5,2018,14290,1,13263.0,4,150,65.7,1.0
3,2019,33591,2,1537.0,0,150,37.2,2.0
5,2018,11200,1,11997.0,4,145,65.7,1.0
5,2018,9790,1,13170.0,4,150,65.7,1.0
13,2018,15000,1,17119.0,0,150,64.2,1.5
6,2018,12990,1,20425.0,4,150,57.7,1.0
13,2018,15990,1,17105.0,0,150,47.9,2.0
5,2018,10790,1,11924.0,4,150,65.7,1.0
5,2018,14990,1,8895.0,4,150,65.7,1.0
5,2015,5790,1,47281.0,4,125,54.3,1.2
6,2017,10690,1,17113.0,4,145,61.4,1.0
6,2015,6690,1,76216.0,4,20,61.4,1.0
6,2015,7990,1,28971.0,4,20,60.1,1.0
18,2019,25990,1,12567.0,0,145,54.3,2.0
5,2018,8990,1,9616.0,4,145,64.2,1.1
5,2018,9700,1,8335.0,4,145,65.7,1.0
6,2018,18765,1,17039.0,4,145,41.5,2.0
6,2018,18500,1,12514.0,4,145,41.5,2.0
0,2016,8200,1,23002.0,0,0,74.4,1.5
5,2018,10990,1,24674.0,4,145,65.7,1.0
1,2017,11490,1,4873.0,4,30,55.4,1.0
6,2018,12290,1,8067.0,4,150,60.1,1.0
6,2014,6790,1,51341.0,4,30,56.5,1.0
6,2018,12990,1,13470.0,0,150,74.3,1.5
13,2019,18500,1,5787.0,0,150,54.3,1.5
2,2016,9790,1,16942.0,4,125,52.3,1.0
5,2016,7790,1,54503.0,4,0,65.7,1.0
5,2018,9790,1,9575.0,4,150,64.2,1.1
5,2014,6490,1,29607.0,4,30,54.3,1.2
6,2018,11800,1,12621.0,4,145,60.1,1.0
5,2018,9690,1,10567.0,4,145,64.2,1.1
13,2017,16500,2,27653.0,0,145,54.3,2.0
5,2018,11500,1,5505.0,4,145,65.7,1.0
6,2018,18500,1,16970.0,4,145,41.5,2.0
5,2017,10901,1,12890.0,4,145,65.7,1.0
5,2018,8490,1,24792.0,4,150,64.2,1.1
6,2018,17990,1,7519.0,4,145,41.5,2.0
13,2018,20990,2,12365.0,0,145,54.3,2.0
13,2016,15290,1,26543.0,0,145,54.3,2.0
6,2016,9990,2,32618.0,0,0,74.3,1.5
6,2019,17990,1,5298.0,4,150,60.1,1.0
6,2018,11990,1,23915.0,4,150,60.1,1.0
5,2017,9500,1,24013.0,4,150,65.7,1.0
6,2018,15790,1,46286.0,4,150,41.5,2.0
6,2018,11990,1,12956.0,4,150,60.1,1.0
5,2018,9990,1,10691.0,4,150,64.2,1.1
6,2018,13190,1,22786.0,4,150,51.4,1.5
5,2019,11690,1,13.0,4,150,58.9,1.0
5,2015,7790,1,35155.0,4,0,65.7,1.0
5,2018,9700,1,8769.0,4,145,64.2,1.1
5,2018,12000,1,7760.0,4,145,65.7,1.0
5,2018,11290,1,13585.0,4,145,65.7,1.0
2,2018,13790,1,4979.0,4,145,54.3,1.0
5,2018,11690,1,12127.0,4,145,65.7,1.0
5,2019,18591,2,2341.0,4,145,48.7,1.0
6,2014,8500,1,23800.0,4,30,56.5,1.0
6,2018,12990,1,11785.0,4,145,60.1,1.0
2,2018,15500,1,7310.0,4,145,54.3,1.0
5,2018,11690,1,8156.0,4,145,65.7,1.0
6,2018,17500,1,2908.0,4,145,60.1,1.0
18,2019,30000,2,623.0,0,145,43.5,2.0
18,2019,28000,1,7400.0,0,145,54.3,2.0
6,2019,17200,1,5989.0,4,145,60.1,1.0
5,2019,15500,1,7504.0,4,145,61.4,1.0
5,2018,11500,1,31520.0,4,145,65.7,1.0
6,2019,17500,0,11211.0,4,145,48.7,1.0
5,2017,12000,1,18605.0,4,145,65.7,1.0
13,2019,19500,1,4596.0,0,145,54.3,1.5
5,2018,10500,1,25367.0,4,145,58.9,1.0
6,2018,12000,1,14917.0,4,145,60.1,1.0
5,2018,10000,1,13691.0,4,145,65.7,1.0
5,2018,11500,1,2729.0,4,145,58.9,1.0
5,2016,8400,1,28000.0,4,125,54.3,1.2
5,2018,10800,1,15356.0,4,145,65.7,1.0
5,2018,10500,1,8363.0,4,145,58.9,1.0
5,2018,10000,1,15682.0,4,145,65.7,1.0
6,2018,13700,1,12686.0,4,145,57.7,1.0
14,2014,7000,1,73883.0,0,30,62.8,2.0
13,2016,10500,1,40016.0,0,125,60.1,2.0
5,2018,11500,1,13820.0,4,145,65.7,1.0
6,2016,17000,1,17456.0,0,20,67.3,2.0
5,2018,10500,1,6042.0,4,145,64.2,1.1
8,2018,17900,1,37411.0,0,145,56.5,2.0
13,2017,15500,1,13240.0,0,150,60.1,2.0
0,2013,7200,1,36914.0,4,30,57.7,1.0
5,2015,7500,1,23658.0,4,125,54.3,1.2
5,2018,10499,1,11143.0,4,145,65.7,1.0
5,2018,11695,1,12874.0,4,150,65.7,1.0
14,2013,6500,1,61074.0,0,150,53.3,2.0
6,2017,10500,1,21718.0,4,150,60.1,1.0
5,2015,6700,1,52353.0,4,30,54.3,1.2
3,2018,24000,2,9412.0,0,150,47.9,2.0
13,2017,16500,1,30190.0,0,150,60.1,2.0
13,2017,18200,1,15210.0,0,150,54.3,2.0
6,2017,10200,1,29805.0,4,150,60.1,1.0
5,2018,10800,1,19153.0,4,145,65.7,1.0
5,2017,10200,1,23403.0,4,145,65.7,1.0
2,2018,15500,1,9500.0,4,145,51.4,1.0
5,2018,8990,1,15141.0,4,150,64.2,1.1
13,2019,18500,1,8913.0,4,145,35.3,1.5
5,2017,9500,1,18928.0,4,145,64.2,1.1
6,2018,15000,1,15918.0,4,145,60.1,1.0
13,2018,18200,1,21930.0,4,150,39.2,1.5
2,2017,10000,1,27064.0,4,160,44.8,1.5
6,2018,19000,1,12130.0,4,145,41.5,2.0
6,2018,12000,1,20045.0,0,145,74.3,1.5
1,2016,11500,2,15565.0,0,20,64.2,1.5
5,2017,9200,1,45500.0,0,150,85.6,1.5
5,2015,6800,1,19784.0,4,125,54.3,1.2
5,2017,11175,1,6745.0,4,145,65.7,1.0
0,2014,6990,2,23521.0,4,160,44.1,1.6
13,2018,19272,2,18472.0,0,150,54.3,2.0
6,2017,11795,1,30564.0,4,145,58.9,1.0
6,2014,12750,1,33202.0,4,235,39.2,2.0
3,2016,20490,2,20331.0,0,200,47.9,2.0
5,2016,9795,1,15000.0,4,0,65.7,1.0
5,2017,10795,1,13000.0,4,145,65.7,1.0
1,2015,10795,1,10500.0,4,30,55.4,1.0
2,2017,10295,1,8000.0,0,150,64.2,1.5
5,2017,10699,2,9896.0,4,145,57.7,1.0
2,2017,9377,1,26775.0,4,125,52.3,1.0
5,2018,13100,1,8419.0,4,145,62.8,1.0
5,2018,10800,1,5110.0,4,145,64.2,1.1
5,2018,12700,1,14380.0,4,145,65.7,1.0
5,2018,11600,1,12836.0,4,145,65.7,1.0
13,2017,16300,1,15883.0,0,145,60.1,2.0
2,2017,10975,1,23149.0,4,145,53.3,1.0
8,2018,18000,1,37085.0,0,145,56.5,2.0
5,2018,10600,1,33080.0,4,145,65.7,1.0
5,2017,12000,2,14916.0,4,0,57.7,1.0
2,2018,16000,1,1520.0,0,145,67.3,1.5
5,2019,18000,1,1793.0,4,145,55.4,1.0
6,2018,15299,0,12315.0,4,145,50.4,1.0
5,2019,16000,1,3557.0,4,145,55.4,1.0
6,2019,16499,1,13728.0,4,145,49.6,1.0
6,2019,19000,0,12859.0,4,145,41.5,1.0
6,2019,15299,1,9742.0,4,145,60.1,1.0
6,2019,16000,1,10263.0,4,145,58.9,1.0
6,2018,16000,1,12702.0,4,145,58.9,1.0
6,2017,11995,1,15000.0,4,145,60.1,1.0
6,2018,17000,1,11910.0,4,145,58.9,1.0
13,2019,25000,2,4688.0,0,145,42.2,2.0
8,2018,24499,0,8339.0,0,145,52.3,2.0
5,2019,14000,1,3889.0,4,145,56.5,1.0
5,2019,15000,1,9988.0,4,145,58.9,1.0
14,2018,19000,0,15647.0,0,145,57.7,2.0
14,2015,11499,1,31302.0,0,30,64.2,2.0
6,2018,16000,1,9699.0,4,145,58.9,1.0
8,2018,23499,1,4753.0,0,145,56.5,2.0
13,2017,19000,1,17501.0,0,145,60.1,2.0
3,2018,24999,2,27215.0,0,150,47.9,2.0
13,2018,19499,1,24297.0,0,145,54.3,2.0
6,2019,17000,1,9960.0,4,145,60.1,1.0
6,2018,17000,1,4853.0,4,145,60.1,1.0
2,2018,13495,1,11852.0,4,145,53.3,1.0
3,2016,18700,1,21476.0,0,205,47.9,2.0
6,2016,8750,1,39556.0,4,20,60.1,1.0
13,2018,18400,1,9929.0,0,150,54.3,1.5
5,2018,10308,1,31997.0,4,145,65.7,1.0
6,2019,16470,1,9083.0,4,145,60.1,1.0
6,2019,18299,1,731.0,4,145,60.1,1.0
12,2019,10499,1,4893.0,4,145,47.9,1.2
12,2019,11000,1,4485.0,4,145,47.9,1.2
12,2019,11000,1,1645.0,4,145,47.9,1.2
12,2019,11299,1,3439.0,4,145,47.9,1.2
12,2017,8000,1,10084.0,4,145,57.7,1.2
2,2019,19000,1,4325.0,4,145,52.3,1.0
6,2017,11000,1,10981.0,4,20,61.4,1.0
5,2017,12499,1,4277.0,4,145,62.8,1.0
6,2017,12499,1,10276.0,4,145,60.1,1.0
5,2019,14000,1,1384.0,4,145,48.7,1.1
5,2019,14000,1,1559.0,4,145,48.7,1.1
5,2019,14000,1,886.0,4,145,48.7,1.1
6,2018,20000,1,13856.0,4,145,41.5,2.0
2,2018,15000,1,10549.0,4,145,54.3,1.0
12,2018,8000,1,4750.0,4,145,57.7,1.2
12,2018,7799,1,8169.0,4,145,57.7,1.2
12,2018,8000,1,4977.0,4,145,57.7,1.2
16,2020,23000,1,363.0,4,145,50.4,1.0
5,2017,9799,1,23337.0,4,0,65.7,1.0
6,2018,16999,1,7530.0,0,145,80.7,1.5
5,2019,14000,1,4336.0,4,145,58.9,1.0
2,2019,17000,1,1743.0,0,145,64.2,1.5
6,2019,15000,1,5842.0,0,145,80.7,1.5
13,2017,17000,1,15555.0,0,145,54.3,2.0
5,2017,10000,1,28969.0,4,145,65.7,1.0
5,2014,7499,1,17551.0,4,0,65.7,1.0
12,2018,10699,1,2618.0,4,145,43.5,1.2
5,2017,9200,1,7391.0,4,0,65.7,1.0
5,2019,15000,1,1035.0,4,145,58.9,1.0
5,2018,10700,1,3475.0,4,145,64.2,1.1
6,2019,16000,1,8325.0,4,145,58.9,1.0
12,2018,10000,1,5846.0,4,145,47.9,1.2
5,2019,14000,1,1459.0,4,145,48.7,1.1
5,2015,8070,1,13324.0,4,30,54.3,1.2
5,2016,9710,1,21314.0,4,20,62.8,1.0
6,2013,4995,1,74015.0,0,20,67.3,1.6
11,2015,5420,1,12809.0,4,30,57.7,1.2
6,2018,12030,1,18770.0,4,145,57.7,1.0
14,2015,11414,1,20486.0,0,20,67.3,2.0
5,2015,5800,1,71200.0,0,0,78.5,1.5
5,2016,7795,1,46891.0,4,0,65.7,1.0
3,2016,15995,1,73079.0,0,160,48.7,2.0
2,2019,14995,1,5806.0,4,145,53.3,1.0
6,2018,12600,1,23164.0,0,145,74.3,1.5
5,2018,12750,1,7026.0,4,145,65.7,1.0
5,2018,12600,1,9674.0,4,145,65.7,1.0
5,2018,10500,1,15675.0,4,145,65.7,1.0
14,2019,19500,1,23.0,0,145,65.7,2.0
14,2019,19500,1,33.0,0,145,65.7,2.0
5,2015,7495,1,31945.0,4,0,65.7,1.0
5,2016,9950,1,21105.0,0,0,78.5,1.5
5,2016,8250,1,24220.0,4,0,65.7,1.0
5,2019,14995,1,51.0,4,145,58.9,1.0
5,2019,13495,1,6000.0,0,145,58.9,1.5
13,2019,23995,0,400.0,0,145,47.9,2.0
2,2019,16995,1,6000.0,4,145,53.3,1.0
0,2015,7245,1,46510.0,4,30,55.4,1.0
8,2016,18995,1,11850.0,0,125,56.5,2.0
12,2019,9695,1,10040.0,4,145,43.5,1.2
5,2018,13495,1,11395.0,4,145,65.7,1.0
5,2017,8995,1,34682.0,4,145,65.7,1.0
5,2017,8795,1,25456.0,4,145,65.7,1.0
6,2017,11000,1,27530.0,4,20,60.1,1.0
5,2017,8799,1,18378.0,4,125,54.3,1.2
5,2018,15699,1,10000.0,4,145,62.8,1.0
5,2018,11000,1,7485.0,4,145,65.7,1.0
5,2016,10000,1,17431.0,4,20,62.8,1.0
12,2018,8995,1,10.0,4,145,47.9,1.2
12,2018,9495,1,6275.0,4,145,47.9,1.2
5,2018,13995,1,7380.0,4,145,55.4,1.0
12,2017,7495,1,29815.0,4,30,57.7,1.2
5,2018,16495,1,6225.0,4,145,40.3,1.5
2,2018,13995,1,9720.0,0,145,58.9,1.5
3,2019,23995,0,3000.0,0,145,40.4,2.0
5,2019,13495,1,700.0,4,145,58.9,1.0
11,2016,5495,1,22280.0,4,30,57.7,1.2
5,2018,11500,1,11053.0,4,145,65.7,1.0
6,2019,16200,1,12263.0,4,145,49.6,1.0
6,2019,16073,1,12820.0,4,145,60.1,1.0
6,2019,15800,1,9379.0,4,145,58.9,1.0
6,2019,14995,1,6330.0,4,145,60.1,1.0
5,2017,11995,0,5720.0,4,145,54.3,1.0
2,2018,15995,1,4835.0,0,145,58.9,1.5
6,2019,25950,1,25.0,4,145,34.5,2.3
1,2019,16995,1,20.0,0,145,60.1,1.5
5,2018,11018,1,34938.0,4,145,65.7,1.0
6,2017,11900,1,11574.0,0,0,74.3,1.5
6,2018,12000,1,17225.0,4,145,61.4,1.0
5,2017,9000,1,18734.0,4,145,54.3,1.2
5,2018,10300,1,9300.0,4,145,64.2,1.1
5,2018,10600,1,21760.0,4,145,65.7,1.0
5,2016,9980,1,29122.0,4,150,47.9,1.6
5,2017,10380,1,12847.0,4,0,65.7,1.0
6,2017,9980,2,29927.0,0,145,74.3,1.5
5,2016,9533,2,17457.0,4,0,57.7,1.0
12,2018,8290,1,11931.0,4,145,57.7,1.2
2,2017,10699,1,7573.0,4,145,52.3,1.0
5,2015,6999,1,60063.0,4,20,62.8,1.0
5,2017,9499,1,24526.0,4,145,65.7,1.0
5,2017,10290,1,4070.0,4,145,64.2,1.1
5,2014,7495,1,29840.0,0,0,76.4,1.5
13,2017,17995,1,12995.0,0,145,60.1,2.0
5,2019,14995,1,12.0,4,145,55.4,1.0
2,2019,16495,1,6145.0,4,145,52.3,1.0
14,2019,18995,0,5000.0,0,145,58.9,2.0
2,2018,14995,1,9900.0,0,145,58.9,1.5
5,2018,12995,1,5735.0,4,145,58.9,1.0
6,2019,14995,1,12075.0,4,145,60.1,1.0
5,2018,11900,1,29951.0,4,145,65.7,1.0
2,2019,18100,1,4402.0,0,145,64.2,1.5
5,2017,9500,1,22234.0,4,145,65.7,1.0
5,2019,14600,1,11337.0,4,145,58.9,1.0
5,2018,10500,1,32160.0,4,145,65.7,1.0
5,2018,10700,1,6533.0,4,150,55.4,1.1
6,2017,12700,2,16088.0,4,150,51.4,1.0
5,2018,16200,1,11654.0,4,150,40.3,1.5
5,2018,13100,2,3356.0,4,150,54.3,1.0
6,2013,6700,1,47769.0,0,20,67.3,1.6
13,2018,16200,1,15408.0,0,150,60.1,2.0
9,2016,10100,1,15777.0,0,30,64.2,1.5
6,2014,6795,1,69547.0,0,20,67.3,1.6
5,2017,10699,1,41197.0,4,150,47.9,1.6
12,2018,7995,1,7800.0,4,150,57.7,1.2
5,2019,18995,1,50.0,4,150,40.3,1.5
12,2017,6695,1,24000.0,4,30,57.7,1.2
1,2013,7402,1,24937.0,0,30,62.8,1.6
12,2017,6999,1,21792.0,4,30,57.7,1.2
6,2018,11995,2,16172.0,4,145,51.4,1.0
5,2017,6991,1,15969.0,4,125,54.3,1.2
12,2017,7695,1,6368.0,4,145,57.7,1.2
5,2016,7980,1,42045.0,4,20,62.8,1.0
12,2019,9995,1,4150.0,4,150,47.9,1.2
21,2019,25995,0,5000.0,0,150,32.8,2.0
5,2017,9277,1,28294.0,4,145,65.7,1.0
6,2018,18481,1,21217.0,4,145,41.5,2.0
6,2015,7890,1,47325.0,0,0,74.3,1.5
6,2018,13820,1,14835.0,4,145,57.7,1.0
6,2018,16277,1,6507.0,4,145,60.1,1.0
6,2019,16100,1,7539.0,4,150,60.1,1.0
6,2017,11600,1,26476.0,4,150,60.1,1.0
5,2018,9600,1,11038.0,4,150,64.2,1.1
6,2018,12800,1,6945.0,4,150,60.1,1.0
14,2018,14900,1,15692.0,0,150,65.7,2.0
2,2018,14500,1,3753.0,4,150,54.3,1.0
5,2017,9700,1,20885.0,4,150,54.3,1.2
9,2017,11500,1,29881.0,4,30,54.3,1.0
5,2018,10500,1,13336.0,4,150,65.7,1.0
5,2016,9300,1,16595.0,4,0,65.7,1.0
5,2018,11400,1,10213.0,4,145,65.7,1.0
5,2018,10900,1,5541.0,4,145,64.2,1.1
2,2019,16900,1,5044.0,4,145,51.4,1.0
5,2014,8900,1,28600.0,4,0,65.7,1.0
6,2018,15300,1,6898.0,4,150,58.9,1.0
5,2017,9200,1,28330.0,4,150,65.7,1.0
2,2018,14600,1,3397.0,4,150,54.3,1.0
6,2019,17300,1,11740.0,4,145,60.1,1.0
5,2018,9700,1,10815.0,4,145,64.2,1.1
13,2017,14900,1,21419.0,0,145,60.1,2.0
13,2018,17100,1,13843.0,4,145,45.6,1.5
5,2018,10700,1,9575.0,4,145,64.2,1.1
6,2018,16500,1,14023.0,4,145,60.1,1.0
5,2013,7000,1,45024.0,4,0,65.7,1.0
0,2017,10500,1,22649.0,4,150,55.4,1.0
5,2018,11000,1,5763.0,4,145,55.4,1.1
5,2018,11300,1,33291.0,4,145,65.7,1.0
5,2018,10000,1,34553.0,4,145,65.7,1.0
14,2020,22000,1,10.0,0,145,65.7,2.0
3,2016,17500,1,48585.0,0,160,48.7,2.0
16,2020,22500,1,484.0,4,145,50.4,1.0
5,2017,11200,1,19168.0,4,145,65.7,1.0
2,2018,15500,1,5192.0,4,145,52.3,1.0
5,2017,12500,1,26294.0,4,145,47.9,1.6
5,2013,7000,1,35987.0,4,30,54.3,1.2
5,2017,11750,1,7564.0,4,150,65.7,1.0
0,2013,6000,1,58381.0,4,150,47.1,1.4
5,2017,9500,1,18342.0,4,150,65.7,1.0
5,2018,12500,1,13000.0,4,145,65.7,1.0
5,2018,10500,1,21637.0,4,150,65.7,1.0
6,2017,10250,1,19825.0,4,150,61.4,1.0
5,2018,11500,1,20556.0,4,150,65.7,1.0
14,2020,21000,1,25.0,0,145,65.7,2.0
5,2020,17800,1,10.0,4,145,58.9,1.0
5,2017,9800,1,11365.0,4,125,54.3,1.2
14,2019,20500,1,27.0,0,145,65.7,2.0
14,2019,20500,1,24.0,0,145,65.7,2.0
14,2019,20500,1,15.0,0,145,65.7,2.0
16,2019,20800,1,207.0,4,145,50.4,1.0
5,2018,9600,1,15400.0,4,145,64.2,1.1
6,2019,16200,1,7400.0,4,145,58.9,1.0
5,2018,12500,1,14881.0,4,145,65.7,1.0
5,2018,11200,1,17971.0,4,145,58.9,1.0
5,2018,11800,1,7500.0,4,145,58.9,1.0
5,2017,10500,1,8965.0,4,145,64.2,1.1
5,2016,9200,1,17833.0,4,125,54.3,1.2
5,2017,9999,1,21687.0,4,145,65.7,1.0
12,2017,6977,1,33440.0,4,145,57.7,1.2
13,2015,11978,1,64494.0,0,145,54.3,2.0
6,2015,7250,1,66144.0,0,0,74.3,1.5
5,2014,7000,2,33000.0,4,145,47.9,1.6
6,2019,16200,1,8166.0,4,145,58.9,1.0
5,2018,9700,1,6302.0,4,145,64.2,1.1
14,2020,22000,1,47.0,0,145,65.7,2.0
6,2018,14250,1,13535.0,4,145,57.7,1.0
5,2016,7300,1,62206.0,4,0,65.7,1.0
2,2017,11000,1,18494.0,0,145,64.2,1.5
5,2018,10000,1,18522.0,4,145,64.2,1.1
5,2016,10000,1,19930.0,4,0,65.7,1.0
6,2017,11250,1,20309.0,4,145,60.1,1.0
2,2018,14250,2,25860.0,4,145,48.7,1.0
2,2018,14500,1,13580.0,4,145,54.3,1.0
6,2019,18500,1,4417.0,4,145,60.1,1.0
2,2019,17500,1,4455.0,0,145,58.9,1.5
6,2018,14600,1,7119.0,0,145,80.7,1.5
0,2016,9500,1,23288.0,0,0,74.4,1.5
13,2019,20400,1,1996.0,0,145,47.9,2.0
6,2019,16500,1,5085.0,0,145,61.4,1.5
13,2019,17500,1,18256.0,0,145,38.2,2.0
8,2017,19200,1,40206.0,0,125,56.5,2.0
5,2018,10600,1,32868.0,4,145,65.7,1.0
0,2016,9500,1,14909.0,4,145,47.1,1.4
0,2016,9400,1,13488.0,0,0,74.3,1.5
5,2018,11186,1,31701.0,4,145,65.7,1.0
2,2017,9750,1,39028.0,0,30,64.2,1.5
5,2015,9000,1,23326.0,4,0,65.7,1.0
5,2016,9500,1,28530.0,4,20,62.8,1.0
5,2019,11250,1,17073.0,4,145,58.9,1.0
6,2019,14750,1,12648.0,4,145,58.9,1.0
2,2018,14500,1,7431.0,4,145,54.3,1.0
6,2018,11600,1,1630.0,4,150,60.1,1.0
18,2017,17700,1,23105.0,0,150,56.5,2.0
5,2018,13000,1,15405.0,4,150,65.7,1.0
6,2019,17000,1,11116.0,4,145,58.9,1.0
13,2019,21000,0,8897.0,4,150,29.1,1.5
13,2014,9600,1,40608.0,0,150,53.3,2.0
13,2017,15750,1,21878.0,0,145,54.3,2.0
3,2017,19750,2,35000.0,0,150,47.9,2.0
5,2014,7290,1,59989.0,4,145,47.9,1.6
5,2019,17500,1,3341.0,4,145,60.1,1.0
6,2019,17000,0,7262.0,0,145,54.3,1.5
6,2016,9750,1,39236.0,4,20,60.1,1.0
5,2015,8800,1,28324.0,4,0,65.7,1.0
6,2015,9000,2,47354.0,4,160,44.8,1.6
1,2017,11000,1,14661.0,4,160,44.1,1.6
5,2017,10000,1,38386.0,0,0,78.5,1.5
2,2017,10500,1,17903.0,4,125,53.3,1.0
12,2018,8500,1,3548.0,4,145,57.7,1.2
5,2018,10500,1,8234.0,4,145,64.2,1.1
5,2014,7200,1,37073.0,4,30,54.3,1.2
5,2014,6800,1,43612.0,4,30,54.3,1.2
5,2017,9500,1,13667.0,4,150,54.3,1.2
13,2018,16000,1,12690.0,0,150,54.3,1.5
5,2013,6400,1,29708.0,4,0,65.7,1.0
6,2017,18499,1,19860.0,4,145,41.5,2.0
5,2015,7299,1,50405.0,4,0,65.7,1.0
11,2016,5999,1,27703.0,4,30,57.7,1.2
5,2018,11299,1,22760.0,4,145,65.7,1.0
2,2017,8999,1,49200.0,4,125,52.3,1.0
2,2020,16299,1,1500.0,4,145,53.3,1.0
6,2020,18999,1,1900.0,4,145,60.1,1.0
5,2018,12250,1,11350.0,4,145,58.9,1.0
14,2020,20000,1,15.0,0,145,65.7,2.0
14,2020,20000,1,16.0,0,145,65.7,2.0
14,2020,20000,1,7.0,0,145,65.7,2.0
5,2014,8750,1,25702.0,4,0,65.7,1.0
14,2019,19500,1,53.0,0,145,65.7,2.0
14,2019,19500,1,32.0,0,145,65.7,2.0
5,2017,9250,1,59578.0,4,145,62.8,1.0
6,2015,9000,1,56369.0,0,0,74.3,1.5
13,2019,20000,1,8714.0,0,145,54.3,1.5
13,2018,21000,1,1712.0,0,145,54.3,1.5
6,2018,16995,1,16250.0,4,145,60.1,1.0
6,2019,15295,1,7196.0,4,145,58.9,1.0
5,2016,9995,1,5804.0,4,0,65.7,1.0
6,2019,23495,1,9000.0,4,145,34.5,2.3
6,2018,13695,1,15930.0,4,145,57.7,1.0
6,2017,11295,1,15612.0,4,145,60.1,1.0
2,2018,14695,1,10996.0,4,145,54.3,1.0
2,2018,14295,1,17310.0,4,145,54.3,1.0
5,2016,10295,1,17659.0,4,0,65.7,1.0
6,2017,9695,1,35483.0,4,20,60.1,1.0
9,2017,10995,1,14789.0,0,30,64.2,1.5
2,2016,9895,2,29985.0,4,160,44.8,1.5
6,2017,10995,2,27328.0,4,125,51.4,1.0
18,2015,10495,1,20682.0,0,145,54.3,1.6
12,2018,8995,1,6314.0,4,145,47.9,1.2
5,2017,9000,1,21167.0,4,150,64.2,1.1
12,2017,8500,1,8995.0,4,150,57.7,1.2
1,2017,11250,1,8832.0,4,160,44.1,1.6
5,2018,12500,1,4507.0,4,145,65.7,1.0
14,2020,21000,1,52.0,0,145,62.8,2.0
6,2018,12895,1,20830.0,4,145,57.7,1.0
6,2018,18495,1,16437.0,4,145,41.5,2.0
5,2016,7695,1,27136.0,4,125,54.3,1.2
6,2018,14995,1,8201.0,4,150,58.9,1.0
13,2018,15795,1,17219.0,0,150,60.1,2.0
5,2016,10495,1,34610.0,4,145,47.9,1.6
13,2016,14995,1,40136.0,0,145,54.3,2.0
6,2019,15795,1,8288.0,4,145,58.9,1.0
5,2018,14295,1,13880.0,4,145,55.4,1.0
6,2019,19499,1,9000.0,0,145,74.3,1.5
5,2018,10799,1,10800.0,4,145,65.7,1.0
5,2018,14499,1,6300.0,4,145,55.4,1.0
5,2019,15499,0,3300.0,4,145,48.7,1.0
5,2019,15699,1,6000.0,4,145,58.9,1.0
5,2018,13999,1,13700.0,4,145,58.9,1.0
5,2018,15250,0,16300.0,4,145,54.3,1.0
6,2018,15499,1,11000.0,4,145,60.1,1.0
5,2018,12499,1,2650.0,4,145,61.4,1.0
1,2017,10995,2,9520.0,0,20,64.2,1.5
6,2018,15695,1,11326.0,4,145,58.9,1.0
14,2017,12995,1,36708.0,0,145,64.2,2.0
5,2018,12495,1,17672.0,4,145,65.7,1.0
5,2018,14795,1,7006.0,4,145,55.4,1.0
5,2018,11295,1,9708.0,4,145,65.7,1.0
6,2017,9995,1,30091.0,0,145,74.3,1.5
6,2017,10495,1,29620.0,0,145,74.3,1.5
18,2019,23995,1,10550.0,0,145,56.5,2.0
6,2019,17995,1,3250.0,4,145,60.1,1.0
5,2017,10295,1,25061.0,4,145,65.7,1.0
3,2018,26995,0,8633.0,0,145,47.9,2.0
5,2018,11495,1,19583.0,4,145,65.7,1.0
12,2017,7995,1,17697.0,4,30,57.7,1.2
1,2017,11495,1,26059.0,4,30,55.4,1.0
2,2018,14495,1,5100.0,4,145,54.3,1.0
5,2017,8995,1,11345.0,4,145,65.7,1.0
5,2018,10795,1,13535.0,4,145,65.7,1.0
6,2018,11295,1,13435.0,4,145,60.1,1.0
6,2018,14495,1,18406.0,0,145,80.7,1.5
14,2017,15995,0,11905.0,4,160,44.8,1.5
6,2018,10295,1,33946.0,4,145,60.1,1.0
13,2019,21600,0,2492.0,4,145,29.4,1.5
13,2018,19500,1,19562.0,0,150,54.3,2.0
6,2013,5991,1,52117.0,4,30,56.5,1.0
2,2017,8292,1,65480.0,4,125,52.3,1.0
5,2014,6990,1,35000.0,4,0,65.7,1.0
5,2013,6295,1,46797.0,0,0,85.6,1.6
6,2016,7995,1,51217.0,0,0,74.3,1.5
2,2019,15625,2,6797.0,4,150,45.6,1.0
5,2019,17500,1,7775.0,4,150,40.3,1.5
2,2019,16500,1,3052.0,4,150,51.4,1.0
6,2017,10000,1,24951.0,0,150,74.3,1.5
5,2016,7000,1,42300.0,4,0,65.7,1.0
5,2019,13900,1,11805.0,4,150,55.4,1.0
5,2018,9600,1,22167.0,4,150,65.7,1.0
13,2018,20000,2,22327.0,0,150,54.3,2.0
5,2018,11500,1,11000.0,4,150,65.7,1.0
5,2019,12000,1,12201.0,4,150,56.5,1.0
3,2019,31995,0,8772.0,0,145,37.2,2.0
5,2019,10295,1,16457.0,4,145,55.4,1.1
21,2019,25995,1,9897.0,0,145,30.1,2.0
5,2013,7795,1,30641.0,4,0,65.7,1.0
2,2018,14495,1,6221.0,4,145,54.3,1.0
5,2019,13495,1,5338.0,4,145,58.9,1.0
5,2019,14995,1,9139.0,4,145,58.9,1.0
6,2015,9495,1,22439.0,4,20,60.1,1.0
1,2017,12495,1,11319.0,4,145,55.4,1.0
13,2018,16495,1,30004.0,0,145,60.1,2.0
5,2017,12995,1,12499.0,4,145,64.2,1.1
2,2016,9495,1,19511.0,4,125,53.3,1.0
2,2017,7995,1,55946.0,0,30,64.2,1.5
6,2017,15800,1,38571.0,0,150,67.3,2.0
5,2020,15500,1,2462.0,4,150,58.9,1.0
6,2017,15750,1,36980.0,4,150,41.5,2.0
18,2017,15800,1,37500.0,0,150,56.5,2.0
13,2015,10000,1,42602.0,0,125,60.1,2.0
5,2015,6498,1,30774.0,4,30,54.3,1.2
6,2013,5998,1,41035.0,4,20,58.9,1.0
2,2014,9000,1,10225.0,4,125,53.3,1.0
6,2017,12000,2,13756.0,4,145,51.4,1.0
21,2017,20000,1,36000.0,0,145,44.8,2.0
0,2014,6799,1,33000.0,0,20,70.6,1.6
5,2017,8995,1,8761.0,4,150,54.3,1.2
1,2017,10565,1,6008.0,0,20,68.9,1.5
6,2017,10300,1,27871.0,0,145,74.3,1.5
5,2016,8900,1,13928.0,4,0,65.7,1.0
13,2017,12250,1,46929.0,0,30,64.2,1.5
13,2016,12800,1,24470.0,0,150,54.3,2.0
5,2015,7200,1,31691.0,4,0,65.7,1.0
5,2016,6500,1,41193.0,4,125,54.3,1.2
6,2017,10995,1,24006.0,0,0,74.3,1.5
13,2019,23995,1,3268.0,4,145,39.2,1.5
5,2018,11495,1,14850.0,4,145,65.7,1.0
5,2019,16995,1,1958.0,4,145,55.4,1.0
5,2017,8595,1,17072.0,4,145,65.7,1.0
6,2016,8900,1,44876.0,0,0,74.3,1.5
6,2018,11750,1,19371.0,4,150,60.1,1.0
5,2019,14900,1,10971.0,4,150,55.4,1.0
8,2017,18250,1,39536.0,0,125,56.5,2.0
5,2019,14500,1,10603.0,4,150,55.4,1.0
2,2019,17600,2,2014.0,4,145,45.6,1.0
5,2017,9000,1,23804.0,4,145,65.7,1.0
5,2016,9995,1,28021.0,4,0,65.7,1.0
5,2018,10795,1,18086.0,4,145,65.7,1.0
1,2017,11995,1,5111.0,4,30,55.4,1.0
6,2018,11495,1,10738.0,4,145,61.4,1.0
6,2018,14500,1,18771.0,0,150,74.3,1.5
6,2017,10995,1,22511.0,4,145,60.1,1.0
6,2015,8295,1,59451.0,0,0,74.3,1.5
5,2018,11495,1,10806.0,4,145,65.7,1.0
6,2017,11495,1,38517.0,0,145,74.3,1.5
6,2017,16795,1,20385.0,0,145,67.3,2.0
13,2017,13900,1,39237.0,0,125,60.1,2.0
13,2019,26000,2,3350.0,0,145,42.2,2.0
6,2016,10900,0,33467.0,4,145,46.3,1.5
6,2018,11995,1,15984.0,4,145,60.1,1.0
5,2014,8495,1,25177.0,4,0,65.7,1.0
5,2015,7995,1,23050.0,4,0,65.7,1.0
6,2018,13295,1,7359.0,4,145,57.7,1.0
6,2018,17995,1,21443.0,4,145,41.5,2.0
1,2016,10295,1,29992.0,4,30,55.4,1.0
6,2017,11750,1,12200.0,4,20,60.1,1.0
5,2015,7984,1,13996.0,4,125,54.3,1.2
5,2016,9994,1,1599.0,4,20,62.8,1.0
5,2015,8997,1,26150.0,4,0,65.7,1.0
6,2013,6495,1,58110.0,0,20,67.3,1.6
16,2019,22000,1,578.0,4,145,50.4,1.0
6,2018,13900,1,16071.0,4,145,57.7,1.0
5,2017,10500,1,21002.0,4,0,65.7,1.0
6,2018,12500,1,12900.0,4,145,61.4,1.0
14,2019,19000,1,15.0,0,145,65.7,2.0
6,2018,15500,1,17210.0,4,145,60.1,1.0
5,2018,12200,1,12202.0,4,145,65.7,1.0
2,2019,15000,1,9868.0,4,145,53.3,1.0
5,2015,8000,1,26323.0,4,0,65.7,1.0
5,2017,9500,1,10109.0,4,150,64.2,1.1
13,2020,32000,0,10.0,2,140,201.8,2.5
5,2019,12700,1,8572.0,0,145,58.9,1.5
12,2017,7100,1,18681.0,4,30,57.7,1.2
5,2018,11000,1,20816.0,0,145,88.3,1.5
2,2016,9300,1,14282.0,0,30,64.2,1.5
6,2016,8440,1,53530.0,0,0,74.3,1.5
6,2019,16107,0,2750.0,4,150,51.4,1.0
5,2018,11200,1,18600.0,4,145,56.5,1.0
6,2016,9640,1,24920.0,0,0,74.3,1.5
5,2018,10390,1,34240.0,4,145,56.5,1.0
5,2015,8295,1,12647.0,4,0,65.7,1.0
6,2017,10995,1,27889.0,4,20,60.1,1.0
6,2013,11990,1,47729.0,4,235,39.2,2.0
20,2016,11995,1,21026.0,0,30,64.2,1.5
5,2018,10900,1,17637.0,4,145,64.2,1.1
6,2019,16800,1,12750.0,0,145,74.3,1.5
5,2019,14500,1,10790.0,4,145,58.9,1.0
6,2019,16700,1,14310.0,4,145,60.1,1.0
5,2018,11500,1,32023.0,4,145,65.7,1.0
6,2020,22000,1,50.0,4,145,48.7,1.0
5,2020,17500,1,20.0,4,145,58.9,1.0
5,2018,10700,1,7579.0,4,145,64.2,1.1
6,2018,18700,1,16952.0,0,145,67.3,2.0
5,2018,11900,1,26873.0,4,145,65.7,1.0
6,2017,11000,1,24220.0,4,145,60.1,1.0
5,2016,8262,1,31003.0,4,0,65.7,1.0
5,2018,10600,1,21300.0,4,145,56.5,1.0
6,2019,15240,1,13206.0,0,150,80.7,1.5
6,2018,13610,1,10490.0,4,150,58.9,1.0
10,2016,12260,0,45670.0,0,125,56.6,1.5
14,2017,9550,1,73614.0,0,150,65.7,2.0
5,2018,10600,1,27401.0,4,150,56.5,1.0
5,2014,6500,1,32930.0,4,30,54.3,1.2
6,2014,7038,1,57960.0,0,125,57.7,2.0
5,2017,11000,2,13305.0,4,150,57.7,1.0
5,2014,9200,1,13462.0,4,0,65.7,1.0
13,2019,20000,1,6329.0,4,150,35.3,1.5
5,2018,12000,1,15011.0,4,150,58.9,1.0
5,2019,15000,1,5323.0,4,150,58.9,1.0
5,2019,15250,2,15695.0,4,150,48.7,1.0
6,2014,6500,1,45073.0,4,20,58.9,1.0
16,2019,20000,1,470.0,4,145,51.4,1.0
16,2019,20000,1,1085.0,4,145,51.4,1.0
5,2015,7250,1,36620.0,4,0,65.7,1.0
6,2014,6926,1,40360.0,4,20,58.9,1.0
1,2016,10657,0,4930.0,0,20,64.2,1.5
13,2017,14980,1,14590.0,0,145,60.1,2.0
5,2015,8109,1,23980.0,4,0,65.7,1.0
5,2018,9990,1,40220.0,4,145,56.5,1.0
6,2016,10600,1,22430.0,4,20,60.1,1.0
5,2015,7100,1,22980.0,4,0,65.7,1.0
6,2017,10990,1,17980.0,0,145,74.3,1.5
5,2014,6722,1,64430.0,4,0,65.7,1.0
6,2019,19500,1,1059.0,4,145,49.6,1.0
6,2017,10680,1,22040.0,0,145,74.3,1.5
5,2018,11500,1,10980.0,4,145,56.5,1.0
6,2018,13595,1,6380.0,4,145,60.1,1.0
5,2018,10600,1,27380.0,4,145,56.5,1.0
5,2017,9700,1,23830.0,4,145,65.7,1.0
0,2016,9600,2,8690.0,4,160,44.1,1.6
11,2014,4340,1,40770.0,4,30,57.7,1.2
5,2017,9660,1,21430.0,4,0,65.7,1.0
5,2017,8800,1,11360.0,4,0,65.7,1.0
5,2018,10160,1,9440.0,4,145,65.7,1.0
0,2016,6590,1,57090.0,0,20,70.6,1.6
5,2014,6200,1,37960.0,4,30,54.3,1.2
6,2016,8620,1,42610.0,0,0,74.3,1.5
6,2017,10400,1,21060.0,0,0,74.3,1.5
6,2016,8700,1,40580.0,0,0,74.3,1.5
5,2017,11110,1,24480.0,4,145,47.9,1.6
5,2017,9390,1,25710.0,4,20,62.8,1.0
5,2015,8130,1,30610.0,4,0,65.7,1.0
5,2015,6970,1,54790.0,0,0,88.3,1.5
2,2019,16497,2,8420.0,4,145,44.1,1.0
5,2015,6950,1,20060.0,4,125,54.3,1.2
5,2017,11440,2,5890.0,4,145,54.3,1.0
6,2016,8125,1,46480.0,4,20,61.4,1.0
5,2018,9700,1,20800.0,4,145,58.9,1.0
5,2018,9700,1,25460.0,4,145,58.9,1.0
5,2018,10360,1,22620.0,4,145,65.7,1.0
5,2018,9990,1,26610.0,4,145,58.9,1.0
5,2018,10100,1,26830.0,4,145,65.7,1.0
6,2013,6191,1,78290.0,0,20,67.3,1.6
5,2017,8290,1,26030.0,0,145,78.5,1.5
6,2017,11495,1,16700.0,4,145,60.1,1.0
13,2019,20995,1,12000.0,0,145,39.2,2.0
12,2017,7595,1,9714.0,4,30,57.7,1.2
5,2018,9695,1,15500.0,4,145,65.7,1.0
12,2018,6950,1,27760.0,4,145,57.7,1.2
6,2017,11000,1,27980.0,0,145,74.3,1.5
6,2017,9750,1,22850.0,4,145,61.4,1.0
5,2016,7300,1,15700.0,4,125,54.3,1.2
5,2016,6630,1,58740.0,4,0,65.7,1.0
13,2019,19500,1,1428.0,0,145,54.3,1.5
8,2016,22000,0,40874.0,4,260,35.8,2.0
5,2018,12000,2,1786.0,4,145,50.4,1.0
10,2017,12750,1,14825.0,0,125,61.4,1.5
5,2019,11500,1,16302.0,0,145,55.4,1.5
13,2018,17500,1,12125.0,0,145,54.3,1.5
9,2016,10000,1,11969.0,0,30,64.2,1.5
18,2017,19250,0,32805.0,4,260,35.8,2.0
6,2017,10500,1,21967.0,4,20,60.1,1.0
6,2017,13500,2,8863.0,4,125,51.4,1.0
5,2016,7550,1,45000.0,0,0,78.5,1.5
5,2018,11500,1,13340.0,4,145,56.5,1.0
5,2018,10600,1,23050.0,4,145,56.5,1.0
5,2018,10600,1,20830.0,4,145,56.5,1.0
5,2018,11200,1,16960.0,4,145,56.5,1.0
6,2018,12550,1,28230.0,4,145,60.1,1.0
5,2018,10600,1,22200.0,4,145,56.5,1.0
5,2018,11500,1,11680.0,4,145,56.5,1.0
5,2018,11500,1,13480.0,4,145,56.5,1.0
12,2018,8995,1,6000.0,4,145,47.9,1.2
5,2017,8730,1,18041.0,4,145,54.3,1.2
5,2016,7490,1,16826.0,4,125,54.3,1.2
6,2018,13300,1,7871.0,4,145,57.7,1.0
18,2017,20495,1,30478.0,0,145,56.5,2.0
6,2015,10495,2,18230.0,0,20,67.3,1.5
5,2015,9995,1,14500.0,4,0,65.7,1.0
6,2016,8995,1,37000.0,0,0,74.3,1.5
5,2019,15995,1,4000.0,4,145,55.4,1.0
13,2017,13995,1,30000.0,0,150,60.1,2.0
6,2018,11100,1,19841.0,4,145,60.1,1.0
21,2016,22495,1,31250.0,0,240,44.1,2.0
13,2017,19995,2,24458.0,0,145,54.3,2.0
1,2015,7500,1,37946.0,0,20,68.9,1.5
13,2017,15999,0,11560.0,4,145,38.2,1.5
1,2013,5995,1,66936.0,0,30,62.8,1.6
6,2016,9280,2,12500.0,4,125,51.4,1.0
13,2018,13500,2,49835.0,0,150,54.3,2.0
5,2019,14995,1,15.0,4,150,58.9,1.0
6,2019,14995,1,19721.0,4,145,60.1,1.0
5,2018,10600,1,21090.0,4,145,56.5,1.0
5,2018,10695,1,10000.0,4,145,65.7,1.0
6,2014,7495,1,25750.0,4,20,60.1,1.0
5,2018,10995,1,9000.0,4,145,65.7,1.0
5,2016,8995,1,30000.0,4,0,65.7,1.0
5,2018,11295,1,15000.0,4,145,65.7,1.0
13,2019,18995,1,16250.0,4,145,35.3,1.5
18,2019,21495,1,13000.0,0,145,56.5,2.0
13,2019,19495,1,10500.0,0,145,38.2,2.0
2,2019,16495,0,3200.0,4,145,45.6,1.0
6,2019,18995,1,1800.0,4,145,60.1,1.0
5,2017,8995,1,32000.0,4,145,65.7,1.0
5,2017,8995,1,7501.0,0,0,78.5,1.5
1,2016,9690,1,9763.0,0,20,68.9,1.5
2,2017,8990,1,34000.0,4,125,52.3,1.0
5,2017,8990,1,5590.0,4,145,54.3,1.2
5,2013,5975,1,22230.0,4,30,54.3,1.2
6,2015,7150,1,44670.0,4,20,60.1,1.0
5,2018,11500,1,13870.0,4,145,56.5,1.0
5,2014,7930,1,25259.0,4,0,65.7,1.0
3,2017,19395,2,39000.0,0,160,48.7,2.0
13,2019,18695,1,12000.0,4,145,39.2,1.5
5,2017,9995,1,24750.0,4,145,65.7,1.0
0,2013,5195,1,60903.0,4,30,55.4,1.0
5,2019,14595,1,3902.0,4,145,58.9,1.0
5,2017,9495,1,6999.0,4,145,65.7,1.0
2,2018,14495,1,8750.0,4,145,54.3,1.0
5,2015,5495,1,41000.0,4,30,54.3,1.2
5,2017,7750,1,19705.0,4,125,54.3,1.2
5,2019,12995,1,3238.0,4,145,58.9,1.0
14,2019,19500,1,22.0,0,145,65.7,2.0
14,2019,19500,1,21.0,0,145,65.7,2.0
5,2018,12900,2,33399.0,4,145,54.3,1.0
13,2018,19900,1,4205.0,4,145,39.2,1.5
2,2018,14500,1,10012.0,4,145,54.3,1.0
6,2018,20500,1,7305.0,4,145,41.5,2.0
6,2016,17900,1,20096.0,4,200,41.5,2.0
13,2019,20700,1,11337.0,4,145,35.3,1.5
6,2017,12500,1,33820.0,0,145,74.3,1.5
6,2019,19500,0,1555.0,0,145,64.2,2.0
5,2018,10995,1,13659.0,4,150,65.7,1.0
6,2018,10895,1,16322.0,4,150,60.1,1.0
2,2018,14485,1,16326.0,4,150,54.3,1.0
5,2018,10795,1,27107.0,4,145,65.7,1.0
6,2019,17995,1,14569.0,4,145,60.1,1.0
5,2015,6895,1,42433.0,4,30,54.3,1.2
5,2017,10295,1,22608.0,0,0,78.5,1.5
6,2018,11495,1,17468.0,4,145,60.1,1.0
6,2018,13265,1,19550.0,4,145,57.7,1.0
12,2018,8695,1,7379.0,4,145,47.9,1.2
5,2016,9750,1,16804.0,4,0,65.7,1.0
13,2019,19595,1,14294.0,4,145,39.2,1.5
5,2013,7200,1,11010.0,4,0,65.7,1.0
5,2016,9790,1,9420.0,4,0,65.7,1.0
5,2016,10790,1,15882.0,0,0,78.5,1.5
5,2016,8568,1,24490.0,4,20,62.8,1.0
5,2018,11500,1,12930.0,4,145,56.5,1.0
5,2018,11420,1,20673.0,0,145,58.9,1.5
5,2018,9627,1,25940.0,4,145,56.5,1.0
6,2015,10270,1,18653.0,0,0,74.3,1.5
5,2017,7400,1,24000.0,4,145,54.3,1.2
5,2016,8250,1,25300.0,4,0,65.7,1.0
5,2018,11995,1,11981.0,4,150,65.7,1.0
3,2018,22795,2,12815.0,0,150,48.7,2.0
6,2018,12295,1,17139.0,4,150,57.7,1.0
6,2015,7495,1,56329.0,0,0,74.3,1.5
5,2018,11795,1,8015.0,4,150,56.5,1.0
5,2017,8295,1,35119.0,4,0,65.7,1.0
6,2018,13995,1,13520.0,4,150,57.7,1.0
6,2017,8895,1,29984.0,4,20,61.4,1.0
5,2016,10795,2,11735.0,4,0,57.7,1.0
5,2017,9500,1,12154.0,4,0,65.7,1.0
2,2018,17000,2,8122.0,4,145,44.1,1.0
18,2017,17950,1,28280.0,4,145,43.5,1.5
2,2018,14500,1,9000.0,4,145,54.3,1.0
13,2018,16900,1,32155.0,0,145,60.1,2.0
6,2017,12000,1,28672.0,4,20,60.1,1.0
6,2017,13500,2,16856.0,4,145,51.4,1.0
6,2017,19500,1,9342.0,4,145,41.5,2.0
6,2019,16107,0,2750.0,4,145,51.4,1.0
5,2017,9263,1,37131.0,4,150,65.7,1.0
6,2019,15140,1,14581.0,0,150,80.7,1.5
6,2017,8700,1,45450.0,0,0,74.3,1.5
5,2016,9060,1,17193.0,0,0,78.5,1.5
8,2017,18990,1,20540.0,0,145,56.5,2.0
5,2016,8225,1,28850.0,4,0,65.7,1.0
5,2013,6600,1,41900.0,4,0,65.7,1.0
5,2015,7995,1,31563.0,4,0,65.7,1.0
6,2019,14995,1,6623.0,4,145,60.1,1.0
13,2019,21000,1,6008.0,4,145,35.3,1.5
2,2019,17900,2,2565.0,4,145,45.6,1.0
5,2017,10000,1,16097.0,4,145,65.7,1.0
5,2017,10650,1,18556.0,4,145,65.7,1.0
5,2017,9500,1,34740.0,4,0,65.7,1.0
5,2019,15995,1,10219.0,4,145,55.4,1.0
6,2019,16495,1,7045.0,4,145,60.1,1.0
2,2018,15500,1,4287.0,4,145,53.3,1.0
14,2017,14500,0,28377.0,4,145,44.8,1.5
5,2017,7500,1,45162.0,4,125,54.3,1.2
6,2019,17990,1,10318.0,4,145,60.1,1.0
5,2017,12500,1,4798.0,4,145,65.7,1.0
12,2017,7200,1,20190.0,4,30,57.7,1.2
6,2017,11817,2,12582.0,4,125,51.4,1.0
5,2018,13589,1,4446.0,4,145,62.8,1.0
13,2019,21500,1,5071.0,0,145,39.2,2.0
6,2017,11728,1,9340.0,0,0,74.3,1.5
1,2016,10328,2,25650.0,0,125,58.9,2.0
15,2019,38000,2,1780.0,4,145,22.1,5.0
13,2018,16000,1,8483.0,0,145,60.1,2.0
6,2019,17200,1,3608.0,4,150,60.1,1.0
13,2019,23551,1,3500.0,0,150,37.7,2.0
0,2017,9500,1,11708.0,4,30,57.7,1.0
1,2016,10500,1,16072.0,0,20,68.9,1.5
16,2020,24500,1,384.0,4,145,49.6,1.0
13,2017,14700,1,9185.0,0,145,60.1,2.0
12,2017,7500,1,14272.0,4,145,57.7,1.2
3,2017,17000,1,45386.0,0,160,48.7,2.0
2,2017,8600,1,42727.0,4,125,52.3,1.0
6,2019,15750,1,5155.0,0,145,80.7,1.5
13,2019,18500,1,1956.0,0,145,38.2,2.0
5,2019,12500,1,6288.0,0,145,58.9,1.5
6,2018,18800,1,5087.0,4,150,41.5,2.0
5,2019,10766,1,1458.0,4,150,55.4,1.1
5,2019,12550,1,3327.0,4,150,56.5,1.0
5,2019,15000,1,6090.0,4,150,60.1,1.0
16,2019,21200,1,10.0,4,150,50.4,1.0
5,2016,10900,1,4110.0,4,0,65.7,1.0
5,2018,12500,1,9131.0,4,145,58.9,1.0
6,2018,13500,1,12929.0,4,145,51.4,1.5
6,2017,11900,1,21791.0,4,145,60.1,1.0
5,2016,9000,1,18903.0,4,0,65.7,1.0
5,2018,12900,1,14806.0,4,145,62.8,1.0
6,2019,19900,0,942.0,4,145,51.4,1.0
5,2018,11250,1,8500.0,4,145,65.7,1.0
5,2018,12450,1,17600.0,4,145,61.4,1.0
12,2018,7995,1,3569.0,4,145,57.7,1.2
5,2016,7511,1,21751.0,4,125,54.3,1.2
6,2015,9495,1,13886.0,0,20,67.3,1.6
6,2017,16958,1,24399.0,4,145,41.5,2.0
6,2019,16230,1,4924.0,4,145,60.1,1.0
5,2017,9916,1,10868.0,4,0,65.7,1.0
5,2019,14300,1,6240.0,4,145,55.4,1.0
8,2016,19900,1,33584.0,0,125,56.5,2.0
13,2019,18600,1,4343.0,4,145,34.4,1.5
5,2016,8000,1,45375.0,0,0,78.5,1.5
13,2018,15991,1,10924.0,4,145,39.2,1.5
5,2017,10291,1,22437.0,4,0,65.7,1.0
5,2016,8000,1,11521.0,4,125,54.3,1.2
1,2017,9491,1,32614.0,0,20,68.9,1.5
9,2017,13500,1,11286.0,4,30,54.3,1.0
0,2017,9900,1,33766.0,4,30,56.5,1.0
6,2019,18990,1,16496.0,4,145,51.4,1.5
2,2018,12900,1,7050.0,4,145,53.3,1.0
5,2017,8900,1,13029.0,4,0,65.7,1.0
5,2017,11000,1,14321.0,4,0,65.7,1.0
5,2018,9900,1,29626.0,4,145,65.7,1.0
6,2018,13900,1,12892.0,0,145,74.3,1.5
5,2017,9500,1,14628.0,4,145,65.7,1.0
6,2018,20900,1,12307.0,4,145,41.5,2.0
2,2019,17448,1,3260.0,4,145,51.4,1.0
5,2015,8600,1,16682.0,4,0,65.7,1.0
5,2017,10300,1,7635.0,4,0,65.7,1.0
6,2019,15500,1,8580.0,4,145,58.9,1.0
13,2019,18992,1,1300.0,0,145,38.2,2.0
5,2018,9775,1,14392.0,4,145,64.2,1.1
5,2017,10848,1,15000.0,4,145,65.7,1.0
13,2017,16250,1,20708.0,0,145,54.3,2.0
5,2018,10900,1,18180.0,4,145,65.7,1.0
5,2018,13700,1,16079.0,4,145,61.4,1.0
5,2018,10800,1,21287.0,4,145,65.7,1.0
5,2018,13500,1,5159.0,4,145,62.8,1.0
2,2017,12200,1,18868.0,4,125,52.3,1.0
6,2018,13500,1,11000.0,4,145,57.7,1.0
5,2018,13000,2,6000.0,4,145,54.3,1.0
13,2019,23700,1,5345.0,0,145,37.7,2.0
5,2019,20500,1,3000.0,4,145,40.3,1.5
6,2019,17900,1,6690.0,4,145,51.4,1.5
6,2019,17300,1,3332.0,4,145,60.1,1.0
6,2019,18800,1,5828.0,4,145,60.1,1.0
13,2018,18000,2,7276.0,0,145,58.9,1.5
1,2018,14700,1,4811.0,4,145,48.7,1.0
13,2017,11250,1,41147.0,0,30,64.2,1.5
5,2019,15200,1,6603.0,4,150,58.9,1.0
6,2018,12900,1,16165.0,4,145,57.7,1.0
1,2017,9000,1,33115.0,0,20,68.9,1.5
8,2016,17315,1,21013.0,4,160,43.5,1.5
6,2019,19000,1,3849.0,4,145,51.4,1.5
1,2017,10500,1,22742.0,0,20,68.9,1.5
13,2018,17000,1,12100.0,0,145,54.3,1.5
13,2019,23500,0,2444.0,4,145,29.1,1.5
9,2018,12800,1,10092.0,4,145,47.9,1.0
1,2017,10700,1,19313.0,0,20,68.9,1.5
5,2018,11500,1,7139.0,4,145,65.7,1.0
5,2018,10000,1,7071.0,4,145,60.1,1.0
5,2018,12000,1,8786.0,0,145,88.3,1.5
5,2018,12000,1,9662.0,0,145,88.3,1.5
5,2018,12000,1,14235.0,0,145,88.3,1.5
13,2017,15500,1,9210.0,0,145,60.1,2.0
10,2018,14900,1,18232.0,0,145,64.2,1.5
6,2019,18400,1,3674.0,0,145,57.7,1.5
5,2013,6127,1,26276.0,4,30,54.3,1.2
6,2018,16000,1,10754.0,0,145,80.7,1.5
5,2019,17515,2,3711.0,4,145,48.7,1.0
5,2016,10500,1,10871.0,4,20,62.8,1.0
6,2016,12317,0,2618.0,4,145,46.3,1.5
5,2013,6774,1,36313.0,4,0,65.7,1.0
13,2016,15225,0,24653.0,4,235,38.2,1.5
9,2018,14000,1,5113.0,4,145,47.9,1.0
18,2017,20500,0,16840.0,4,260,35.8,2.0
8,2016,20500,1,145.0,0,125,56.5,2.0
9,2017,14500,1,4040.0,4,145,54.3,1.0
6,2016,14500,0,3255.0,4,145,46.3,1.5
5,2018,12000,1,9653.0,4,145,65.7,1.0
9,2017,10500,1,17121.0,0,30,64.2,1.5
2,2019,15999,1,6770.0,0,145,68.9,1.5
6,2018,15000,1,10755.0,0,145,80.7,1.5
6,2018,15000,1,12234.0,0,145,74.3,1.5
5,2018,11900,1,8725.0,0,145,88.3,1.5
6,2019,18200,1,4101.0,4,145,58.9,1.0
13,2019,20900,1,3000.0,4,150,35.3,1.5
5,2017,10200,1,21829.0,4,0,65.7,1.0
6,2018,17000,1,27234.0,0,145,67.3,2.0
6,2020,29000,1,350.0,4,150,34.5,2.3
16,2020,19900,1,60.0,4,150,51.4,1.0
1,2016,10650,1,13624.0,0,20,68.9,1.5
5,2016,6991,1,52398.0,0,0,78.5,1.5
0,2016,8350,1,17303.0,0,0,74.4,1.5
6,2018,12400,1,21264.0,4,150,57.7,1.0
6,2018,14795,1,6894.0,4,145,58.9,1.0
12,2018,8495,1,13561.0,4,145,47.9,1.2
12,2019,10500,1,2801.0,4,150,43.5,1.2
2,2019,18100,2,10.0,4,150,45.6,1.0
2,2019,16700,1,238.0,4,150,53.3,1.0
5,2017,10200,1,10343.0,4,125,54.3,1.2
12,2018,9000,1,17554.0,4,145,57.7,1.2
5,2017,10500,1,17065.0,4,145,65.7,1.0
0,2017,10800,1,31017.0,4,145,57.7,1.0
5,2018,11200,1,10531.0,4,145,65.7,1.0
5,2017,9500,1,17373.0,4,0,65.7,1.0
5,2018,12500,1,13961.0,4,145,65.7,1.0
2,2018,14000,1,19676.0,4,145,54.3,1.0
6,2017,11700,1,39093.0,4,145,51.4,1.5
13,2018,16500,1,15910.0,0,145,60.1,2.0
2,2018,14195,1,13616.0,4,145,54.3,1.0
6,2019,19995,1,9172.0,4,145,60.1,1.0
6,2018,10295,1,22711.0,4,145,61.4,1.0
6,2020,22995,1,5817.0,4,145,60.1,1.0
5,2020,18995,1,1012.0,4,145,58.9,1.0
5,2019,21995,1,6014.0,4,145,40.3,1.5
6,2018,11995,1,10048.0,4,145,60.1,1.0
6,2020,18900,1,10.0,4,150,60.1,1.0
16,2019,21500,1,68.0,4,150,50.4,1.0
5,2014,6500,1,38254.0,4,0,65.7,1.0
13,2016,14000,1,36825.0,0,145,54.3,2.0
5,2019,16500,1,918.0,4,145,58.9,1.0
0,2017,10200,1,17363.0,4,30,57.7,1.0
18,2017,17400,1,13406.0,0,145,56.5,2.0
5,2017,11000,1,10914.0,4,145,65.7,1.0
9,2017,11000,1,12538.0,0,30,64.2,1.5
5,2017,8000,1,19841.0,4,145,65.7,1.0
5,2017,9500,1,14752.0,4,145,65.7,1.0
6,2018,19900,1,16744.0,0,145,67.3,2.0
6,2017,11800,1,6859.0,4,20,60.1,1.0
6,2018,13000,1,12581.0,4,145,51.4,1.5
13,2017,14800,1,22992.0,0,145,60.1,2.0
14,2019,19500,1,26.0,0,145,65.7,2.0
14,2019,19500,1,27.0,0,145,65.7,2.0
5,2017,11500,1,13632.0,0,145,88.3,1.5
0,2017,11500,1,14057.0,4,145,55.4,1.0
6,2018,10500,1,30753.0,4,150,60.1,1.0
5,2018,11500,1,27185.0,4,150,65.7,1.0
5,2016,8500,1,25100.0,4,0,65.7,1.0
5,2019,15000,1,12500.0,4,145,58.9,1.0
5,2013,5990,1,36690.0,4,30,54.3,1.2
5,2016,8600,1,15250.0,4,0,65.7,1.0
5,2016,6970,1,44900.0,4,0,65.7,1.0
5,2017,9700,1,13880.0,4,145,65.7,1.0
5,2013,6650,1,28620.0,4,0,65.7,1.0
5,2017,8200,1,28810.0,4,0,65.7,1.0
8,2016,18107,1,17766.0,0,125,56.5,2.0
13,2018,16000,1,13898.0,0,145,60.1,2.0
5,2017,9500,1,13787.0,4,125,54.3,1.2
14,2020,21000,1,17.0,0,145,65.7,2.0
14,2020,21500,1,23.0,0,145,62.8,2.0
14,2020,21000,1,7.0,0,145,65.7,2.0
2,2018,14000,1,4989.0,4,150,54.3,1.0
12,2018,9500,1,1295.0,4,150,48.7,1.2
1,2017,11800,1,16311.0,0,20,68.9,1.5
6,2017,12000,1,22296.0,0,145,74.3,1.5
2,2017,10800,1,17140.0,4,125,52.3,1.0
5,2018,11200,1,9438.0,4,145,65.7,1.0
5,2018,10700,1,26522.0,4,145,65.7,1.0
5,2018,9700,1,16716.0,4,145,64.2,1.1
5,2015,7100,1,14318.0,4,125,54.3,1.2
5,2015,8619,1,22967.0,4,0,65.7,1.0
5,2017,7200,1,20845.0,4,125,54.3,1.2
6,2018,13990,1,9770.0,4,145,58.9,1.0
6,2017,9890,2,39900.0,0,145,74.3,1.5
5,2018,11200,1,17140.0,4,145,56.5,1.0
5,2018,10990,1,12670.0,4,145,56.5,1.0
6,2014,6324,1,57170.0,4,30,56.5,1.0
6,2015,7360,1,76000.0,0,20,67.3,1.6
6,2016,9995,1,7905.0,0,0,74.3,1.5
5,2018,13000,1,9250.0,4,150,62.8,1.0
0,2015,6700,1,55864.0,0,20,70.6,1.6
2,2018,15000,1,10541.0,4,150,54.3,1.0
5,2018,15000,1,22104.0,4,150,65.7,1.0
5,2017,9670,1,17066.0,4,150,65.7,1.0
6,2018,16557,0,25000.0,0,145,74.3,1.5
5,2014,7350,2,37500.0,4,0,57.7,1.0
5,2018,10860,1,10510.0,4,150,65.7,1.0
2,2016,9500,1,16866.0,4,125,52.3,1.0
6,2019,20000,0,6290.0,4,145,39.8,1.5
13,2019,25000,2,4181.0,0,145,42.2,2.0
5,2016,8000,1,49566.0,4,0,65.7,1.0
6,2017,11400,1,15000.0,4,20,61.4,1.0
2,2018,15000,1,4777.0,4,145,54.3,1.0
6,2017,16000,1,38359.0,0,145,67.3,2.0
2,2019,13500,1,11349.0,4,145,53.3,1.0
2,2018,14200,1,21915.0,4,145,54.3,1.0
5,2017,10400,1,10556.0,4,145,65.7,1.0
5,2017,11000,1,6907.0,4,145,65.7,1.0
5,2016,7000,1,41592.0,4,0,65.7,1.0
5,2013,6995,1,21834.0,4,0,65.7,1.0
21,2019,26922,1,1410.0,0,145,30.1,2.0
6,2016,10250,1,34297.0,0,0,74.3,1.5
5,2017,13300,1,15067.0,4,150,47.9,1.6
5,2017,10990,1,14500.0,4,20,62.8,1.0
5,2016,9490,0,14000.0,4,145,47.9,1.6
12,2018,9990,1,6700.0,4,145,43.5,1.2
5,2016,10990,1,15989.0,4,150,47.9,1.6
5,2017,8880,1,8660.0,4,145,64.2,1.1
13,2016,12600,1,21866.0,0,145,54.3,2.0
6,2017,18777,1,7390.0,4,145,41.5,2.0
5,2014,6100,1,49620.0,4,30,54.3,1.2
5,2018,10150,1,15223.0,4,145,65.7,1.0
5,2015,8000,1,24678.0,4,125,54.3,1.2
5,2019,17000,1,796.0,4,145,58.9,1.0
15,2019,41000,2,678.0,4,145,22.1,5.0
2,2018,14990,1,2605.0,4,145,53.3,1.0
5,2013,6361,2,53141.0,4,145,47.9,1.6
5,2014,7500,2,25211.0,4,0,57.7,1.0
0,2017,10500,2,20348.0,4,150,44.1,1.6
5,2017,10500,1,28099.0,4,150,65.7,1.0
3,2017,19500,1,23577.0,0,150,48.7,2.0
5,2016,9500,1,23004.0,4,0,65.7,1.0
14,2019,19500,1,7.0,0,145,65.7,2.0
5,2019,14700,1,2162.0,4,150,56.5,1.0
5,2013,5850,1,48622.0,4,30,54.3,1.2
2,2019,14800,1,3631.0,4,150,54.3,1.0
5,2013,7000,1,49138.0,4,0,65.7,1.0
6,2013,5700,1,69498.0,0,20,67.3,1.6
6,2017,11800,1,21934.0,0,150,74.3,1.5
5,2017,10000,1,10633.0,4,150,65.7,1.0
5,2017,9850,1,22402.0,4,150,65.7,1.0
13,2019,20500,1,1005.0,0,150,38.2,2.0
1,2014,9000,1,41261.0,0,125,55.4,2.0
5,2017,9500,1,24321.0,4,0,65.7,1.0
5,2017,11000,1,23160.0,4,145,62.8,1.0
5,2018,11500,1,7225.0,4,145,58.9,1.0
1,2017,11250,1,12753.0,4,30,55.4,1.0
5,2019,13500,1,14839.0,4,145,58.9,1.0
12,2017,9000,1,25051.0,4,145,57.7,1.2
5,2018,11000,1,12000.0,4,145,65.7,1.0
9,2017,10750,1,37124.0,0,30,64.2,1.5
2,2018,14000,1,26372.0,4,145,54.3,1.0
2,2019,16000,1,816.0,0,145,67.3,1.5
2,2019,15750,1,14238.0,4,145,53.3,1.0
5,2017,12000,1,10854.0,4,145,62.8,1.0
6,2019,20500,0,953.0,0,145,64.2,2.0
13,2019,19750,1,13695.0,0,145,47.9,2.0
5,2017,9850,1,16730.0,4,0,65.7,1.0
0,2015,7600,1,38602.0,0,20,70.6,1.6
13,2017,15500,1,20949.0,0,145,64.2,1.5
5,2019,13250,1,14165.0,4,145,65.7,1.0
1,2016,10150,1,18213.0,0,20,68.9,1.5
5,2016,9650,1,7112.0,4,0,65.7,1.0
2,2018,15000,1,18534.0,4,145,54.3,1.0
2,2018,15200,1,9247.0,4,145,54.3,1.0
5,2017,10250,1,24594.0,4,145,65.7,1.0
5,2018,11850,1,9948.0,4,145,65.7,1.0
12,2019,11150,1,5870.0,4,145,43.5,1.2
6,2016,13500,1,32643.0,0,20,67.3,2.0
13,2017,16250,1,13193.0,0,145,60.1,2.0
5,2018,11000,1,10577.0,4,145,58.9,1.0
2,2018,14600,1,14730.0,4,145,54.3,1.0
6,2017,11295,1,5063.0,4,20,61.4,1.0
5,2017,9295,1,16129.0,4,145,65.7,1.0
5,2017,9295,1,16182.0,4,0,65.7,1.0
9,2017,11000,1,45435.0,4,150,54.3,1.0
5,2013,7500,1,47093.0,4,0,65.7,1.0
5,2017,12500,1,33830.0,4,150,47.9,1.6
5,2020,17000,1,627.0,4,145,54.3,1.0
0,2015,8500,1,27501.0,4,30,57.7,1.0
2,2016,10000,1,16602.0,4,125,52.3,1.0
14,2020,20000,1,10.0,0,145,65.7,2.0
8,2017,18200,2,46761.0,0,145,52.3,2.0
6,2014,6770,1,60852.0,4,30,56.5,1.0
6,2017,12790,1,3184.0,0,145,74.3,1.5
6,2018,12350,2,5315.0,4,145,51.4,1.0
5,2016,9180,1,22762.0,4,0,65.7,1.0
13,2017,16540,1,16490.0,4,145,45.6,1.5
12,2019,9490,1,2000.0,4,150,48.7,1.2
5,2016,9990,1,53000.0,4,145,47.9,1.6
1,2018,12890,1,12100.0,0,145,58.9,1.5
13,2015,13890,1,30500.0,0,145,54.3,2.0
5,2018,9750,1,17766.0,4,145,65.7,1.0
5,2018,9500,1,10932.0,4,145,64.2,1.1
5,2018,9600,1,22167.0,4,145,65.7,1.0
5,2018,11500,1,11000.0,4,145,65.7,1.0
5,2017,9250,1,21299.0,4,145,65.7,1.0
5,2017,9700,1,13449.0,4,145,65.7,1.0
5,2018,10000,1,9489.0,4,145,65.7,1.0
2,2019,17600,0,2014.0,4,145,45.6,1.0
2,2018,12129,1,25552.0,4,145,54.3,1.0
13,2018,18400,1,11500.0,0,145,54.3,1.5
5,2019,13900,1,11805.0,4,145,55.4,1.0
6,2019,25000,1,1841.0,4,145,34.5,2.3
18,2019,23400,1,14082.0,0,145,54.3,2.0
2,2019,16500,0,65.0,4,145,45.6,1.0
3,2017,20700,1,20306.0,0,200,47.9,2.0
6,2017,10000,1,24951.0,0,145,74.3,1.5
1,2016,9000,0,41344.0,0,20,64.2,1.5
5,2018,11000,1,16888.0,4,145,65.7,1.0
13,2016,13490,0,25100.0,4,235,38.2,1.5
2,2019,14890,1,6700.0,0,145,64.2,1.5
6,2019,17490,1,12300.0,4,145,60.1,1.0
13,2019,20490,0,7500.0,4,145,31.0,1.5
2,2019,14490,1,6000.0,4,145,53.3,1.0
2,2020,17390,1,650.0,4,145,53.3,1.0
12,2017,7190,1,15650.0,4,145,57.7,1.2
6,2019,19490,1,500.0,4,145,47.9,1.0
15,2016,28490,0,18500.0,4,570,23.5,5.0
6,2013,6000,0,44000.0,4,165,44.1,1.6
5,2015,7250,1,32782.0,4,0,65.7,1.0
2,2016,9189,1,17643.0,4,125,52.3,1.0
6,2018,15789,1,8459.0,4,145,51.4,1.5
6,2016,11989,0,25913.0,4,145,46.3,1.5
1,2016,7689,1,65569.0,0,20,68.9,1.5
6,2016,9489,1,16160.0,4,20,60.1,1.0
21,2017,19989,1,37950.0,0,145,44.1,2.0
5,2015,6989,1,48612.0,4,0,65.7,1.0
13,2017,15265,1,19333.0,0,145,54.3,2.0
13,2015,13695,1,30466.0,0,145,54.3,2.0
5,2018,10700,1,8015.0,4,145,55.4,1.1
5,2017,9900,1,10385.0,4,0,65.7,1.0
5,2019,13450,1,9223.0,4,145,58.9,1.0
18,2017,16200,2,54371.0,0,125,52.3,2.0
6,2019,17000,1,6337.0,4,145,58.9,1.0
5,2017,9300,1,19710.0,4,0,65.7,1.0
2,2019,18990,2,1592.0,4,145,48.7,1.0
5,2017,8495,1,23985.0,4,125,54.3,1.2
2,2018,13995,1,12830.0,4,145,54.3,1.0
5,2019,17995,1,2744.0,4,145,60.1,1.0
6,2018,11995,1,16246.0,4,145,61.4,1.0
5,2016,8495,1,22969.0,4,0,65.7,1.0
5,2017,9495,1,15354.0,4,145,65.7,1.0
6,2016,9995,1,35286.0,0,0,74.3,1.5
6,2019,27995,1,9125.0,4,150,34.5,2.3
5,2013,7495,2,38000.0,4,150,47.9,1.6
5,2018,12495,1,22980.0,4,150,58.9,1.0
5,2018,10995,1,3105.0,4,145,65.7,1.0
13,2018,17995,1,12660.0,0,145,54.3,1.5
2,2017,10495,1,29750.0,4,125,52.3,1.0
13,2018,19795,1,16112.0,0,150,39.2,2.0
5,2018,9995,1,10181.0,4,150,64.2,1.1
5,2018,11995,1,17519.0,4,150,65.7,1.0
13,2017,15995,1,11156.0,0,150,54.3,2.0
5,2018,11295,1,29923.0,4,150,62.8,1.0
6,2017,11495,1,13459.0,4,145,60.1,1.0
3,2017,19650,1,27096.0,0,160,48.7,2.0
12,2017,8300,1,15629.0,4,145,57.7,1.2
2,2019,17500,1,5294.0,4,145,51.4,1.0
5,2017,9350,1,22471.0,4,125,54.3,1.2
2,2019,16500,1,4811.0,4,145,51.4,1.0
5,2017,9950,1,19147.0,4,0,65.7,1.0
5,2017,9950,1,17300.0,4,0,65.7,1.0
6,2017,11700,1,18479.0,4,20,60.1,1.0
5,2013,6500,1,44000.0,4,0,65.7,1.0
2,2017,11995,1,12266.0,4,125,52.3,1.0
6,2017,11495,1,20958.0,4,145,60.1,1.0
6,2018,16495,1,24344.0,4,145,60.1,1.0
6,2018,18795,1,12589.0,4,145,41.5,2.0
5,2015,9800,1,18136.0,0,0,88.3,1.5
13,2019,20000,1,1801.0,0,145,38.2,2.0
1,2018,12000,1,11101.0,4,145,44.1,1.6
5,2018,10500,1,27822.0,4,145,65.7,1.0
5,2016,9500,1,35270.0,4,20,62.8,1.0
5,2016,7000,1,58500.0,4,125,54.3,1.2
14,2019,20000,1,29.0,0,145,65.7,2.0
14,2019,20000,1,31.0,0,145,65.7,2.0
14,2019,20000,1,10.0,0,145,65.7,2.0
0,2013,6272,1,54321.0,4,30,57.7,1.0
2,2017,10450,1,9335.0,4,145,52.3,1.0
5,2019,13000,1,8307.0,4,145,58.9,1.0
5,2019,15000,1,7315.0,4,150,55.4,1.0
5,2018,10995,1,17135.0,4,145,65.7,1.0
1,2017,10995,1,36185.0,0,145,68.9,1.5
5,2017,8295,1,21783.0,4,150,54.3,1.2
5,2018,10295,1,13800.0,4,150,65.7,1.0
5,2018,9495,1,15835.0,4,150,64.2,1.1
6,2017,9995,1,14716.0,4,145,61.4,1.0
6,2019,17995,1,5668.0,4,145,58.9,1.0
6,2018,12995,1,14233.0,4,145,57.7,1.0
16,2020,21495,1,1543.0,4,145,50.4,1.0
5,2020,19995,1,1732.0,4,145,55.4,1.0
6,2020,19995,1,130.0,4,145,58.9,1.0
6,2017,11995,1,22081.0,0,0,74.3,1.5
6,2018,12020,1,10020.0,4,145,60.1,1.0
13,2015,11495,1,67709.0,0,145,54.3,2.0
6,2017,12795,2,10106.0,4,145,51.4,1.0
5,2018,12395,1,6128.0,4,145,65.7,1.0
6,2016,9495,1,9750.0,4,20,60.1,1.0
13,2013,10495,2,50000.0,0,200,45.6,2.0
0,2016,9350,2,13144.0,4,160,44.1,1.6
3,2017,19695,2,42100.0,0,150,47.9,2.0
13,2016,15975,0,24300.0,4,235,38.2,1.5
6,2018,15475,0,15751.0,0,145,67.3,1.5
8,2017,18490,1,34206.0,0,125,56.5,2.0
2,2017,9300,2,62152.0,4,160,44.8,1.5
9,2017,11400,1,22648.0,4,30,54.3,1.0
6,2017,10000,1,17753.0,4,20,60.1,1.0
5,2015,7900,1,20690.0,4,0,65.7,1.0
14,2015,10700,1,29980.0,0,0,78.5,1.5
13,2017,16400,1,18487.0,0,125,60.1,2.0
0,2017,9500,1,29679.0,4,150,55.4,1.0
6,2017,10340,1,31767.0,4,145,60.1,1.0
6,2017,10975,1,24035.0,4,150,60.1,1.0
5,2018,10475,1,14100.0,4,150,65.7,1.0
16,2020,22975,1,3000.0,4,145,50.4,1.0
5,2019,11975,1,6752.0,4,145,55.4,1.1
13,2017,17475,1,33800.0,0,145,54.3,2.0
6,2017,17475,1,24550.0,0,20,67.3,2.0
5,2017,11475,1,20160.0,4,145,65.7,1.0
6,2019,18975,1,6200.0,4,145,49.6,1.0
5,2016,9475,2,20761.0,4,30,57.7,1.0
6,2016,7700,1,64918.0,0,0,74.3,1.5
13,2017,15590,2,17776.0,0,145,58.9,1.5
12,2018,7695,1,30495.0,4,145,57.7,1.2
5,2017,10995,1,21473.0,4,145,65.7,1.0
6,2018,12695,1,10908.0,4,145,60.1,1.0
5,2017,10750,2,42340.0,4,145,54.3,1.0
5,2017,7290,1,52530.0,4,0,65.7,1.0
5,2013,5490,1,45740.0,4,30,54.3,1.2
5,2018,10100,1,28750.0,4,145,65.7,1.0
5,2018,9860,1,31789.0,4,150,65.7,1.0
5,2018,11580,1,26950.0,4,145,56.5,1.0
5,2018,9440,1,24456.0,4,145,65.7,1.0
5,2016,8600,1,15504.0,4,0,65.7,1.0
6,2017,10460,1,40412.0,0,145,74.3,1.5
6,2018,13195,1,15010.0,0,145,74.3,1.5
5,2017,10195,2,16285.0,4,0,57.7,1.0
5,2018,12995,1,26900.0,0,145,88.3,1.5
0,2015,7295,1,40981.0,4,30,55.4,1.0
5,2018,16495,1,7675.0,4,145,55.4,1.0
5,2018,13695,1,11172.0,4,145,58.9,1.0
6,2019,18995,1,11994.0,4,145,60.1,1.0
13,2019,19995,1,17522.0,0,145,47.9,2.0
5,2018,11995,1,25257.0,4,145,65.7,1.0
13,2017,14795,1,20409.0,4,145,45.6,1.5
2,2017,10795,1,13383.0,4,145,52.3,1.0
14,2019,12625,1,9754.0,0,150,65.7,2.0
6,2018,12995,1,33019.0,0,145,74.3,1.5
6,2017,11795,1,12260.0,4,145,60.1,1.0
5,2018,9995,1,4651.0,4,145,64.2,1.1
5,2019,13995,1,24022.0,0,145,58.9,1.5
5,2018,12995,1,13510.0,0,145,60.1,1.5
5,2018,13195,1,10928.0,4,145,58.9,1.0
13,2017,13995,1,28978.0,0,145,60.1,2.0
6,2018,18495,1,12446.0,4,145,41.5,2.0
6,2017,11195,2,31648.0,0,145,74.3,1.5
14,2019,24195,2,3606.0,0,145,47.1,2.0
6,2019,15595,1,5257.0,4,145,58.9,1.0
2,2018,14695,1,10038.0,4,145,52.3,1.0
2,2018,14995,2,14902.0,4,145,45.6,1.0
6,2019,27975,1,5000.0,4,145,34.5,2.3
5,2014,5960,1,53250.0,4,30,54.3,1.2
9,2017,9990,1,27800.0,0,30,64.2,1.5
5,2017,11975,1,20160.0,4,150,65.7,1.0
5,2018,9627,1,25940.0,4,150,56.5,1.0
6,2015,7810,1,66990.0,0,0,74.3,1.5
5,2017,10000,1,11720.0,4,145,65.7,1.0
5,2019,12475,1,6752.0,4,145,55.4,1.1
12,2019,10975,1,4500.0,4,145,47.9,1.2
5,2018,13475,1,6405.0,4,145,61.4,1.0
5,2018,11450,1,19280.0,4,145,56.5,1.0
5,2013,5990,1,26793.0,4,30,54.3,1.2
1,2016,9077,0,22910.0,0,20,64.2,1.5
5,2013,7568,1,17490.0,0,0,78.5,1.6
6,2019,16295,1,6065.0,4,145,60.1,1.0
13,2016,10995,1,28419.0,0,125,60.1,2.0
6,2015,8695,1,39394.0,4,20,60.1,1.0
13,2018,16795,1,19211.0,0,145,64.2,1.5
5,2017,8995,1,24195.0,4,150,64.2,1.1
13,2017,15495,1,14565.0,0,150,64.2,1.5
5,2019,15695,1,5903.0,4,150,55.4,1.0
5,2017,9795,1,33105.0,4,150,65.7,1.0
5,2016,7995,1,55132.0,4,0,65.7,1.0
13,2018,16995,1,22770.0,4,150,45.6,1.5
2,2018,13225,1,9000.0,4,145,54.3,1.0
5,2019,12000,1,12201.0,4,145,56.5,1.0
5,2018,10900,1,25000.0,4,145,65.7,1.0
2,2017,14725,1,45126.0,0,150,60.1,1.0
13,2017,12735,1,41600.0,0,150,60.1,2.0
5,2018,12375,1,10573.0,4,150,65.7,1.0
18,2016,15800,1,29246.0,0,125,56.5,2.0
5,2016,9700,1,16501.0,4,20,62.8,1.0
5,2019,14500,1,4372.0,4,150,56.5,1.0
6,2018,13495,1,22279.0,4,145,57.7,1.0
2,2019,15295,1,18233.0,4,145,53.3,1.0
5,2018,12795,1,8575.0,4,145,56.5,1.0
5,2014,7995,1,9873.0,4,30,54.3,1.2
6,2017,17995,1,11432.0,4,145,41.5,2.0
6,2017,17295,1,21232.0,4,145,41.5,2.0
13,2017,14995,1,40526.0,0,125,60.1,2.0
6,2017,10895,1,21128.0,4,145,61.4,1.0
5,2018,16895,1,16895.0,4,145,40.3,1.5
6,2017,17495,1,25739.0,4,145,41.5,2.0
6,2020,23995,1,6102.0,4,145,60.1,1.0
2,2017,10995,1,12266.0,4,125,52.3,1.0
5,2017,9495,1,25533.0,4,145,65.7,1.0
5,2018,12995,1,16053.0,4,145,49.6,1.0
6,2017,10795,1,25000.0,4,145,61.4,1.0
6,2019,15695,1,18800.0,4,145,58.9,1.0
6,2018,11995,1,19036.0,4,145,60.1,1.0
5,2017,9495,1,33691.0,0,145,88.3,1.5
5,2018,9995,1,15202.0,4,145,64.2,1.1
6,2018,14495,1,9321.0,4,145,57.7,1.0
5,2014,7695,1,29840.0,4,30,54.3,1.2
5,2018,11695,1,14087.0,4,145,65.7,1.0
5,2018,12795,1,10419.0,4,145,65.7,1.0
13,2017,14495,1,28056.0,0,145,60.1,2.0
6,2015,6295,1,83467.0,4,20,61.4,1.0
5,2013,5295,1,70296.0,0,0,76.4,1.5
6,2019,17495,1,9080.0,4,145,49.6,1.0
6,2019,16995,1,8720.0,0,145,80.7,1.5
5,2019,16495,1,13491.0,4,145,58.9,1.0
5,2019,12495,1,13576.0,4,145,58.9,1.0
5,2019,15995,1,9867.0,4,145,58.9,1.0
6,2019,16995,1,12700.0,4,145,58.9,1.0
2,2019,17495,1,13342.0,4,145,51.4,1.0
6,2018,10195,1,32176.0,4,145,61.4,1.0
6,2018,13195,1,13518.0,4,145,57.7,1.0
5,2018,11295,1,3105.0,4,145,65.7,1.0
2,2017,11995,1,38307.0,4,150,53.3,1.0
13,2017,16295,1,26789.0,0,150,60.1,2.0
6,2017,16995,1,39684.0,0,150,67.3,2.0
5,2018,10595,1,20590.0,4,150,65.7,1.0
13,2017,13595,1,41907.0,0,150,60.1,2.0
13,2017,14795,1,25570.0,0,150,60.1,2.0
5,2016,7995,1,27267.0,4,125,54.3,1.2
5,2014,7995,1,69000.0,4,150,47.9,1.6
6,2017,15795,1,19948.0,0,20,67.3,2.0
18,2019,28995,1,5029.0,0,145,54.3,2.0
5,2019,14995,1,7166.0,4,145,56.5,1.0
6,2019,27995,1,9125.0,4,145,34.5,2.3
12,2019,9995,1,11891.0,4,145,47.9,1.2
6,2019,14100,1,20287.0,0,150,80.7,1.5
13,2016,12800,1,25617.0,0,125,60.1,2.0
2,2015,8000,1,33442.0,4,160,44.8,1.5
6,2018,16900,1,21931.0,4,150,41.5,2.0
12,2017,7500,1,14635.0,4,150,57.7,1.2
13,2018,15400,1,16134.0,0,150,60.1,2.0
5,2017,13200,1,7951.0,4,150,47.9,1.6
0,2013,6150,1,50000.0,4,30,57.7,1.0
5,2018,9495,1,10247.0,4,145,64.2,1.1
5,2018,13795,1,4430.0,4,145,62.8,1.0
5,2018,11995,1,6812.0,4,145,65.7,1.0
6,2017,11795,1,9616.0,4,145,61.4,1.0
5,2015,8495,1,12734.0,4,125,54.3,1.2
5,2017,9995,1,30324.0,4,145,65.7,1.0
6,2018,13295,1,22406.0,4,145,57.7,1.0
6,2019,15995,1,5452.0,4,145,58.9,1.0
6,2017,11495,1,13764.0,4,145,60.1,1.0
6,2017,10595,1,14716.0,4,145,61.4,1.0
6,2018,18695,1,12589.0,4,145,41.5,2.0
5,2018,14195,1,8923.0,4,145,58.9,1.0
6,2019,17495,1,7471.0,4,145,49.6,1.0
6,2019,17495,1,6370.0,4,145,58.9,1.0
5,2019,14495,1,11363.0,4,145,56.5,1.0
6,2019,14925,1,12987.0,4,150,58.9,1.0
13,2017,13500,1,23332.0,0,150,64.2,1.5
6,2019,17125,0,1858.0,4,145,50.4,1.0
13,2017,14785,1,35972.0,0,150,60.1,2.0
13,2019,23000,2,4601.0,0,150,38.7,2.0
13,2015,11850,1,30010.0,0,150,54.3,2.0
5,2018,9150,1,21512.0,4,150,65.7,1.0
13,2019,21600,0,2492.0,4,150,29.4,1.5
6,2018,18995,1,6317.0,4,145,41.5,2.0
12,2017,7595,1,29349.0,4,145,57.7,1.2
13,2017,16995,1,35966.0,0,145,54.3,2.0
12,2018,9295,1,17537.0,4,145,47.9,1.2
13,2018,17295,1,24814.0,0,145,60.1,2.0
13,2018,15495,1,20595.0,0,145,54.3,2.0
6,2017,10795,1,24161.0,4,145,61.4,1.0
5,2015,7995,1,17469.0,4,30,54.3,1.2
6,2018,11695,1,7788.0,4,145,61.4,1.0
6,2017,9995,1,32187.0,4,145,61.4,1.0
6,2018,15495,1,21162.0,4,145,58.9,1.0
6,2018,13495,1,23111.0,4,145,58.9,1.0
12,2018,8995,1,26004.0,4,145,47.9,1.2
6,2018,12195,1,8734.0,4,145,61.4,1.0
5,2013,4795,1,75340.0,4,30,54.3,1.2
5,2018,10995,1,2359.0,4,150,65.7,1.0
9,2016,10495,2,24335.0,0,30,58.9,1.5
8,2018,20495,1,32944.0,0,150,56.5,2.0
6,2018,11495,1,17468.0,4,150,60.1,1.0
5,2017,9995,1,16279.0,4,150,64.2,1.1
5,2018,11495,1,15146.0,4,150,65.7,1.0
6,2018,11795,1,26500.0,4,150,60.1,1.0
12,2018,8495,1,13561.0,4,150,47.9,1.2
5,2017,8295,1,14200.0,4,145,54.3,1.2
12,2018,8995,1,11900.0,4,145,47.9,1.2
12,2018,9495,1,9043.0,4,145,47.9,1.2
5,2018,9495,1,9281.0,4,145,55.4,1.1
6,2019,18995,1,4710.0,4,145,49.6,1.0
6,2019,25995,1,13312.0,0,145,50.4,2.0
5,2017,8595,1,54286.0,4,145,65.7,1.0
5,2019,17995,1,4409.0,4,145,60.1,1.0
5,2019,11995,1,3239.0,4,145,60.1,1.0
5,2019,13495,1,9869.0,4,145,60.1,1.0
13,2017,15295,1,11559.0,0,150,60.1,2.0
13,2019,18695,1,6308.0,0,150,38.2,2.0
3,2017,19495,2,48791.0,0,150,47.9,2.0
13,2019,19995,1,2790.0,4,150,35.3,1.5
5,2018,10995,1,8979.0,4,150,65.7,1.0
5,2018,10495,1,21092.0,4,150,58.9,1.0
6,2018,12995,1,21950.0,4,150,57.7,1.0
6,2013,5995,1,63784.0,4,30,56.5,1.0
5,2019,12495,1,5502.0,4,150,58.9,1.0
14,2017,12995,1,30507.0,0,150,64.2,2.0
5,2016,6499,1,41149.0,4,125,54.3,1.2
6,2018,12699,1,21442.0,4,145,57.7,1.0
6,2017,15499,1,38688.0,0,150,67.3,2.0
5,2019,16299,1,2278.0,4,150,60.1,1.0
5,2018,11899,1,13950.0,4,150,65.7,1.0
5,2017,9699,1,10861.0,4,150,65.7,1.0
6,2018,12199,1,14766.0,4,145,60.1,1.0
2,2018,14799,1,11494.0,4,145,54.3,1.0
6,2018,14499,1,11997.0,0,145,80.7,1.5
13,2017,15999,1,19718.0,0,145,60.1,2.0
13,2017,16295,1,24000.0,0,150,60.1,2.0
5,2017,7995,1,31981.0,4,150,54.3,1.2
13,2017,15495,1,20495.0,0,150,60.1,2.0
13,2017,16395,1,24759.0,0,150,64.2,1.5
5,2017,10695,1,24153.0,4,150,65.7,1.0
2,2018,10995,1,10992.0,4,150,52.3,1.0
5,2017,7895,1,10300.0,4,150,54.3,1.2
5,2018,11795,1,10872.0,4,150,65.7,1.0
21,2019,23995,0,6020.0,0,150,31.7,2.0
6,2019,15495,1,12583.0,4,150,60.1,1.0
2,2018,13799,1,12642.0,4,145,54.3,1.0
13,2017,14999,2,21507.0,0,125,58.9,1.5
5,2014,7299,1,33458.0,4,0,65.7,1.0
13,2019,19795,1,12963.0,0,145,39.2,2.0
6,2015,8495,1,33012.0,4,20,60.1,1.0
13,2018,17399,1,11447.0,0,145,54.3,2.0
5,2018,11399,1,8804.0,4,145,65.7,1.0
13,2015,13699,1,45180.0,0,145,54.3,2.0
13,2017,14299,1,21469.0,0,30,64.2,1.5
14,2017,14999,2,44097.0,0,145,58.9,2.0
13,2017,16399,1,17921.0,4,145,45.6,1.5
5,2018,11999,1,9224.0,4,145,57.7,1.0
14,2017,14999,1,21751.0,0,145,65.7,2.0
5,2013,6999,1,39580.0,4,0,65.7,1.0
6,2018,11795,1,17995.0,4,145,61.4,1.0
6,2018,12295,1,13500.0,4,145,60.1,1.0
5,2018,8995,1,36000.0,4,145,64.2,1.1
13,2017,16495,2,24123.0,0,145,54.3,2.0
5,2018,12295,1,11542.0,4,145,65.7,1.0
5,2018,9795,1,22690.0,4,145,64.2,1.1
5,2018,12495,1,13097.0,4,145,56.5,1.0
5,2018,13695,1,10856.0,4,145,58.9,1.0
5,2018,11695,1,12487.0,4,145,65.7,1.0
13,2017,17995,1,32030.0,0,145,54.3,2.0
6,2017,11499,1,11091.0,4,145,60.1,1.0
5,2016,12599,1,12531.0,4,145,47.9,1.6
5,2017,11999,1,27616.0,4,145,47.9,1.6
5,2018,12499,2,14773.0,4,145,54.3,1.0
6,2017,10999,1,25331.0,4,145,60.1,1.0
13,2015,9499,1,67947.0,0,125,60.1,2.0
5,2018,11699,1,16175.0,4,145,65.7,1.0
6,2018,13870,1,9446.0,4,145,58.9,1.0
6,2018,11640,1,29546.0,4,150,57.7,1.0
5,2018,9445,0,63803.0,4,145,48.7,1.0
13,2018,14199,0,24694.0,0,145,58.9,1.5
13,2016,15699,1,22705.0,0,125,60.1,2.0
13,2019,23199,2,11194.0,0,145,38.7,2.0
5,2016,9199,1,31021.0,4,0,65.7,1.0
5,2017,8991,1,16081.0,4,145,54.3,1.2
5,2018,13491,2,3531.0,4,145,48.7,1.0
5,2014,8295,1,50496.0,4,145,47.9,1.6
2,2019,15995,1,4357.0,4,145,53.3,1.0
13,2018,19333,2,13940.0,0,145,58.9,1.5
5,2018,13991,1,13456.0,4,145,62.8,1.0
6,2018,13289,1,22058.0,4,145,57.7,1.0
6,2018,11689,1,20827.0,4,145,60.1,1.0
6,2018,13491,1,15919.0,4,145,57.7,1.0
1,2016,10495,1,10495.0,0,20,68.9,1.5
5,2018,11180,1,17373.0,4,145,56.5,1.0
5,2017,9690,1,52204.0,4,145,65.7,1.0
6,2017,11695,2,22804.0,4,125,51.4,1.0
6,2016,10795,2,2903.0,4,160,44.8,1.6
18,2016,12795,1,50691.0,0,125,56.5,2.0
13,2017,14000,0,14722.0,4,235,38.2,1.5
5,2017,10000,1,15438.0,4,145,65.7,1.0
18,2016,16699,2,26889.0,0,125,52.3,2.0
18,2016,19499,0,27119.0,4,260,35.8,2.0
5,2017,7299,1,45688.0,4,0,65.7,1.0
5,2017,10499,1,18077.0,4,145,62.8,1.0
1,2017,10699,1,27299.0,4,30,55.4,1.0
5,2014,6995,1,51176.0,4,0,65.7,1.0
5,2018,12995,1,14806.0,4,150,62.8,1.0
5,2018,10795,1,19901.0,4,150,65.7,1.0
13,2018,18491,1,28694.0,0,150,39.2,2.0
5,2017,11991,1,11846.0,4,0,65.7,1.0
5,2017,10495,1,18085.0,4,150,65.7,1.0
2,2018,15491,1,6865.0,0,145,58.9,1.5
5,2018,10999,1,8968.0,4,145,55.4,1.1
1,2016,10491,1,24267.0,0,20,68.9,1.5
5,2019,13889,1,8653.0,4,145,58.9,1.0
6,2015,9390,2,16370.0,4,160,44.8,1.6
5,2017,8902,1,19043.0,4,0,65.7,1.0
13,2017,16490,0,12812.0,4,235,38.2,1.5
13,2017,15500,1,21394.0,0,145,60.1,2.0
5,2017,9491,1,19447.0,4,145,65.7,1.0
5,2014,6491,1,36677.0,4,30,54.3,1.2
6,2018,11795,1,20611.0,4,150,61.4,1.0
5,2018,11995,1,17729.0,4,150,65.7,1.0
5,2017,9795,1,27806.0,4,150,65.7,1.0
6,2017,10689,1,26058.0,0,145,74.3,1.5
5,2018,11885,1,11542.0,4,145,56.5,1.0
3,2017,21333,1,9975.0,0,145,48.7,2.0
13,2015,13250,1,32748.0,0,145,54.3,2.0
6,2018,20991,1,6833.0,4,145,41.5,2.0
13,2017,18491,0,24801.0,0,145,54.3,2.0
3,2017,19999,1,22922.0,0,160,48.7,2.0
2,2017,11500,1,10126.0,4,145,52.3,1.0
13,2017,17595,2,18066.0,0,145,54.3,2.0
5,2018,10150,1,7316.0,4,145,65.7,1.0
2,2019,16491,1,6500.0,4,145,51.4,1.0
12,2017,8495,1,8887.0,4,145,57.7,1.2
13,2018,16222,1,17036.0,0,145,60.1,2.0
0,2014,6995,1,17441.0,0,20,68.9,1.5
2,2018,14250,1,11487.0,4,145,54.3,1.0
6,2019,17389,0,10898.0,4,145,42.8,1.0
2,2019,16666,1,6378.0,4,145,51.4,1.0
12,2019,9991,1,7694.0,4,145,47.9,1.2
2,2017,10333,1,14219.0,4,145,52.3,1.0
5,2018,10795,1,10266.0,4,145,55.4,1.1
6,2018,18689,1,14277.0,0,145,67.3,2.0
6,2018,12791,1,16565.0,4,145,60.1,1.0
0,2017,9495,1,32442.0,4,145,55.4,1.0
18,2017,19491,1,10908.0,0,125,56.5,2.0
11,2016,5666,1,30225.0,4,30,57.7,1.2
6,2018,13150,2,14346.0,4,145,51.4,1.0
13,2019,21222,1,9000.0,0,145,39.2,2.0
12,2018,8888,1,25000.0,4,145,47.9,1.2
5,2019,14888,1,6000.0,4,145,58.9,1.0
5,2019,13333,1,11906.0,4,145,58.9,1.0
2,2018,16333,1,3469.0,4,145,51.4,1.0
1,2017,10995,2,16750.0,0,125,58.9,2.0
13,2018,19000,1,17011.0,0,145,54.3,2.0
0,2016,9995,2,17900.0,4,160,44.1,1.6
18,2016,16479,0,31766.0,0,145,52.3,2.0
6,2019,17991,1,6682.0,4,145,48.7,1.0
6,2018,16000,1,12898.0,0,145,74.3,1.5
6,2018,19444,0,8000.0,0,145,64.2,2.0
18,2019,25991,1,8158.0,0,145,54.3,2.0
12,2019,10795,1,4777.0,4,145,43.5,1.2
6,2019,20795,0,7000.0,0,145,64.2,2.0
12,2019,9795,1,6500.0,4,145,47.9,1.2
5,2018,10491,1,14128.0,4,145,55.4,1.1
5,2018,10795,1,13597.0,4,145,55.4,1.1
5,2017,14295,1,15699.0,4,145,47.9,1.6
13,2018,16789,1,26956.0,4,145,45.6,1.5
5,2018,10679,1,9820.0,4,150,58.9,1.0
13,2017,18491,2,24801.0,0,145,54.3,2.0
14,2016,11491,1,47224.0,0,0,74.3,1.5
6,2016,9270,1,16327.0,0,0,83.1,1.5
5,2013,6820,1,38641.0,4,0,65.7,1.0
6,2013,6370,1,50223.0,4,30,56.5,1.0
8,2016,16170,1,45973.0,0,125,56.5,2.0
14,2016,10130,1,55413.0,0,30,64.2,2.0
6,2018,13441,1,16117.0,0,150,74.3,1.5
6,2015,7141,1,67680.0,0,20,67.3,1.6
6,2015,7660,1,45878.0,0,0,74.3,1.5
5,2015,7641,1,22480.0,4,0,65.7,1.0
13,2016,12490,2,39621.0,0,145,52.3,2.0
5,2017,10750,0,11108.0,4,0,57.7,1.0
2,2017,10240,1,32399.0,4,125,52.3,1.0
5,2017,8150,1,15987.0,4,145,54.3,1.2
5,2017,10160,1,8525.0,4,0,65.7,1.0
6,2017,18900,1,12811.0,4,200,41.5,2.0
8,2016,15780,1,53164.0,0,125,56.5,2.0
1,2018,13090,0,7740.0,0,145,56.5,1.5
0,2014,6350,1,43550.0,0,20,68.9,1.5
5,2017,9350,1,38720.0,4,20,62.8,1.0
5,2016,10940,2,8833.0,4,0,57.7,1.0
2,2019,17590,2,1576.0,4,145,45.6,1.0
6,2018,17997,1,15336.0,4,145,41.5,2.0
5,2017,7490,1,53786.0,4,0,65.7,1.0
2,2017,9200,1,17166.0,4,125,52.3,1.0
13,2017,16507,1,21184.0,0,145,54.3,2.0
5,2017,11350,1,3833.0,4,150,65.7,1.0
13,2017,16991,2,16643.0,0,150,54.3,2.0
6,2019,18140,1,4577.0,0,145,61.4,1.5
13,2019,21300,2,18333.0,0,145,42.2,2.0
13,2019,21970,1,9455.0,0,145,47.9,2.0
6,2019,14491,1,7588.0,4,145,60.1,1.0
6,2019,15260,1,11301.0,4,145,60.1,1.0
6,2019,15440,1,10613.0,4,145,60.1,1.0
6,2019,14730,1,3803.0,4,145,58.9,1.0
6,2019,18910,1,11167.0,4,145,58.9,1.0
6,2019,13491,1,3915.0,4,145,60.1,1.0
6,2019,15420,1,5447.0,4,145,60.1,1.0
6,2019,15860,1,4265.0,4,145,60.1,1.0
5,2013,5840,1,60088.0,4,0,65.7,1.0
5,2017,10100,1,15233.0,4,145,65.7,1.0
13,2019,17991,1,151.0,0,145,38.2,2.0
1,2017,10060,1,21295.0,4,160,44.1,1.6
5,2017,9360,1,28789.0,4,20,62.8,1.0
6,2017,10750,1,6245.0,4,20,60.1,1.0
5,2018,10700,1,14126.0,4,145,65.7,1.0
12,2018,7680,1,21819.0,4,145,57.7,1.2
2,2018,14320,1,11912.0,4,145,54.3,1.0
5,2017,11740,2,20109.0,4,145,54.3,1.0
5,2019,12430,1,6555.0,4,145,58.9,1.0
6,2019,15320,1,9369.0,4,145,60.1,1.0
6,2016,8760,1,38113.0,4,20,61.4,1.0
5,2017,8020,1,44617.0,4,0,65.7,1.0
5,2015,8560,1,14293.0,4,0,65.7,1.0
6,2017,18520,1,17327.0,4,145,41.5,2.0
6,2019,29350,1,1617.0,4,145,34.5,2.3
6,2018,20370,1,13008.0,4,145,41.5,2.0
6,2017,19910,1,17434.0,4,145,41.5,2.0
5,2017,10920,1,19153.0,4,0,65.7,1.0
12,2019,11000,1,2000.0,4,145,47.9,1.2
5,2017,8400,1,24216.0,4,0,65.7,1.0
12,2019,10550,1,2463.0,4,145,47.9,1.2
12,2018,7295,1,26792.0,4,145,57.7,1.2
6,2019,17480,1,3314.0,4,145,60.1,1.0
5,2019,13140,1,2818.0,4,145,48.7,1.1
6,2019,20380,1,6235.0,0,145,70.6,2.0
12,2017,8310,1,4807.0,4,145,57.7,1.2
2,2019,17990,1,2978.0,4,145,53.3,1.0
6,2019,17491,0,9389.0,4,145,50.4,1.0
6,2017,11560,1,17530.0,4,145,60.1,1.0
5,2017,9300,1,10958.0,4,0,65.7,1.0
6,2019,16230,0,16424.0,0,145,67.3,1.5
5,2019,13120,1,5166.0,4,145,58.9,1.0
12,2019,10550,1,2000.0,4,145,47.9,1.2
18,2016,16660,2,18366.0,0,125,56.5,2.0
5,2020,15491,1,251.0,4,145,51.4,1.0
6,2020,15600,1,557.0,4,145,60.1,1.0
12,2017,7170,1,23458.0,4,30,57.7,1.2
1,2016,12383,1,19029.0,4,30,55.4,1.0
5,2018,10699,1,30704.0,4,145,65.7,1.0
5,2018,10699,1,28654.0,4,145,65.7,1.0
13,2015,11999,1,52645.0,0,145,54.3,2.0
5,2018,10699,1,32895.0,4,150,65.7,1.0
3,2017,19695,2,27697.0,0,145,48.7,2.0
2,2016,10300,1,19016.0,4,125,52.3,1.0
6,2016,10300,1,14896.0,0,0,74.3,1.5
5,2018,10495,1,17125.0,4,145,65.7,1.0
2,2019,15700,1,1518.0,4,145,53.3,1.0
5,2018,13500,1,3871.0,4,145,58.9,1.0
5,2017,11470,1,15600.0,4,145,65.7,1.0
5,2018,11931,1,11696.0,4,145,62.8,1.0
5,2019,12790,1,10148.0,4,145,58.9,1.0
15,2018,28615,1,17876.0,4,145,20.9,5.0
5,2016,6495,1,47800.0,4,0,65.7,1.0
12,2017,6990,1,17729.0,4,30,57.7,1.2
12,2016,5790,1,54269.0,4,30,57.7,1.2
6,2016,7730,1,55923.0,0,0,74.3,1.5
5,2016,7691,1,49030.0,0,0,88.3,1.5
5,2013,6340,1,21797.0,4,30,54.3,1.2
12,2018,9600,1,9844.0,4,145,43.5,1.2
0,2017,9300,1,19365.0,4,145,55.4,1.0
5,2018,10300,1,17150.0,4,145,65.7,1.0
5,2020,17300,1,6000.0,4,145,55.4,1.0
5,2018,10300,1,21452.0,4,145,65.7,1.0
5,2018,13800,2,2456.0,4,145,48.7,1.0
2,2019,16800,0,3696.0,4,145,45.6,1.0
2,2017,9900,1,17236.0,4,125,53.3,1.0
6,2017,9700,1,42956.0,4,20,60.1,1.0
13,2019,21200,0,7858.0,0,145,38.7,2.0
2,2017,10960,2,16737.0,4,160,44.8,1.5
6,2016,9160,1,31410.0,0,0,74.3,1.5
5,2019,13140,1,4344.0,4,145,48.7,1.1
6,2015,7000,1,54724.0,0,0,74.3,1.5
5,2018,13790,0,9822.0,4,145,54.3,1.0
5,2016,10690,0,13552.0,4,30,57.7,1.0
5,2019,14550,1,10071.0,4,145,60.1,1.0
5,2019,14080,1,11317.0,4,145,60.1,1.0
5,2019,14930,1,10586.0,4,145,55.4,1.0
6,2018,13160,1,21235.0,0,145,80.7,1.5
2,2017,8250,1,43710.0,4,150,44.8,1.5
13,2017,17995,1,13230.0,0,145,54.3,2.0
6,2017,13595,1,50289.0,4,205,41.5,2.0
14,2015,11221,1,35936.0,0,30,64.2,2.0
13,2017,13711,1,21827.0,0,125,60.1,2.0
5,2017,10995,2,13451.0,4,150,54.3,1.0
13,2018,20295,0,2833.0,4,145,38.2,1.5
0,2017,8895,2,18974.0,4,165,44.1,1.6
13,2015,10790,1,33263.0,0,125,60.1,2.0
2,2018,13550,1,11250.0,4,145,54.3,1.0
13,2019,22490,2,10598.0,0,150,42.2,2.0
2,2019,17990,2,10.0,4,150,44.1,1.0
5,2018,11290,1,11000.0,4,150,60.1,1.0
5,2019,15490,1,10100.0,4,150,55.4,1.0
5,2018,10000,1,56100.0,4,150,62.8,1.0
5,2018,10990,1,21000.0,4,150,65.7,1.0
5,2019,12975,1,5500.0,4,150,58.9,1.0
5,2018,9290,1,5755.0,4,150,64.2,1.1
0,2017,8690,2,26363.0,4,165,44.1,1.6
6,2019,16200,1,12981.0,4,150,49.6,1.0
1,2017,10110,1,15342.0,0,20,68.9,1.5
1,2017,11830,1,5785.0,4,145,55.4,1.0
1,2016,10000,1,10699.0,0,20,68.9,1.5
13,2018,16198,1,24869.0,0,145,64.2,1.5
6,2017,18160,1,17583.0,4,145,41.5,2.0
1,2016,10560,1,38922.0,0,20,68.9,1.5
6,2016,10670,0,27977.0,4,125,51.4,1.0
6,2016,9710,1,14661.0,4,20,61.4,1.0
1,2016,9427,1,35577.0,0,20,68.9,1.5
5,2017,10060,1,16282.0,4,0,65.7,1.0
13,2018,16817,1,6360.0,4,145,39.2,1.5
0,2016,7690,1,27519.0,0,0,74.3,1.5
13,2018,20000,1,15822.0,0,145,54.3,2.0
5,2018,10450,1,17038.0,4,145,65.7,1.0
5,2018,12590,1,16313.0,4,145,58.9,1.0
6,2019,19236,0,4896.0,0,145,54.3,1.5
6,2019,16990,1,7546.0,4,145,47.9,1.0
18,2018,21750,2,18153.0,0,145,52.3,2.0
6,2019,19490,0,729.0,0,145,53.3,1.5
6,2018,16990,1,19500.0,4,145,58.9,1.0
13,2019,17990,1,11000.0,4,145,35.3,1.5
2,2018,14390,2,13952.0,4,145,45.6,1.0
12,2019,12890,1,5.0,4,145,43.5,1.2
8,2019,22990,2,4960.0,0,145,53.3,2.0
6,2015,7650,1,51205.0,0,20,67.3,1.6
5,2017,10490,1,9000.0,4,145,65.7,1.0
3,2018,25990,2,9600.0,0,145,47.9,2.0
5,2017,9280,1,28000.0,4,145,62.8,1.0
13,2018,17950,1,19500.0,0,145,47.9,2.0
5,2018,11490,1,13000.0,4,145,60.1,1.0
18,2016,16630,1,23905.0,0,125,56.5,2.0
6,2019,27580,1,7069.0,4,145,34.5,2.3
5,2017,7991,1,21790.0,4,0,65.7,1.0
1,2017,11290,1,19089.0,0,20,68.9,1.5
5,2017,11211,1,10307.0,4,0,65.7,1.0
6,2018,13510,0,13409.0,4,145,51.4,1.0
13,2017,16110,1,29145.0,0,145,54.3,2.0
9,2017,11990,1,10594.0,4,145,54.3,1.0
5,2018,9891,1,31639.0,4,145,65.7,1.0
5,2018,10290,1,29196.0,4,145,56.5,1.0
6,2017,10770,1,22176.0,4,20,60.1,1.0
5,2019,13210,1,11078.0,4,145,55.4,1.0
2,2018,14560,1,1090.0,4,145,54.3,1.0
13,2017,14130,1,14716.0,0,125,60.1,2.0
9,2016,11160,1,30665.0,4,30,54.3,1.0
13,2017,14440,2,57481.0,0,145,54.3,2.0
13,2019,23760,1,7962.0,0,145,37.7,2.0
9,2018,13647,1,10652.0,4,145,47.1,1.0
13,2016,12740,1,36215.0,0,125,60.1,2.0
2,2019,17990,2,1156.0,4,145,45.6,1.0
6,2017,10887,1,16342.0,4,145,61.4,1.0
5,2017,12192,1,21210.0,4,145,47.9,1.6
6,2015,8995,1,38001.0,4,20,60.1,1.0
0,2014,7599,1,32505.0,4,30,57.7,1.0
5,2015,6499,1,37000.0,4,0,65.7,1.0
5,2017,8199,1,36611.0,4,125,54.3,1.2
6,2015,6399,1,84000.0,0,0,74.3,1.5
6,2016,10499,2,19395.0,4,125,51.4,1.0
12,2017,7479,1,34302.0,4,145,57.7,1.2
6,2018,19979,2,6465.0,0,145,61.4,2.0
6,2017,10979,1,35735.0,4,125,51.4,1.5
13,2019,20479,1,4953.0,4,145,35.3,1.5
5,2018,11479,1,12553.0,4,145,65.7,1.0
13,2019,18479,1,10766.0,0,145,38.2,2.0
18,2015,13979,1,53855.0,0,125,56.5,2.0
13,2015,9979,1,36066.0,0,125,60.1,2.0
5,2014,6812,1,25104.0,4,30,54.3,1.2
5,2015,6125,1,55363.0,4,30,54.3,1.2
0,2017,10199,1,30358.0,4,30,55.4,1.0
13,2017,14730,1,31427.0,0,125,60.1,2.0
5,2015,8795,0,21140.0,4,145,47.9,1.6
5,2013,6350,1,40791.0,4,0,65.7,1.0
13,2014,9750,1,48509.0,0,205,47.9,2.0
6,2017,12295,1,14750.0,4,145,60.1,1.0
13,2017,13995,1,34960.0,0,125,60.1,2.0
5,2018,9995,1,6500.0,4,145,64.2,1.1
5,2015,8920,1,23068.0,0,0,78.5,1.5
5,2017,8830,1,40505.0,0,0,78.5,1.5
5,2016,7010,1,47312.0,0,0,88.3,1.5
6,2016,10495,1,15000.0,4,20,60.1,1.0
6,2017,12995,1,10300.0,4,20,60.1,1.0
6,2017,12995,1,10438.0,4,20,60.1,1.0
5,2018,12495,1,17900.0,4,145,56.5,1.0
5,2016,12295,2,19000.0,4,0,57.7,1.0
2,2019,18995,2,490.0,4,145,44.1,1.0
6,2013,6495,1,50500.0,4,30,56.5,1.0
6,2019,15370,1,7912.0,4,145,60.1,1.0
6,2019,16190,1,10737.0,0,145,74.3,1.5
5,2019,13890,0,5452.0,4,145,48.7,1.0
6,2019,14390,1,10889.0,4,145,58.9,1.0
6,2019,17030,1,8439.0,4,145,51.4,1.5
6,2019,14410,1,7100.0,4,145,60.1,1.0
13,2019,19610,1,9863.0,0,145,47.9,2.0
5,2017,10991,1,16022.0,4,145,65.7,1.0
13,2017,13210,1,33412.0,0,145,64.2,1.5
13,2018,16479,1,16349.0,4,145,45.6,1.5
14,2018,14979,1,25199.0,4,145,48.7,1.5
5,2018,10979,1,12760.0,4,145,65.7,1.0
5,2017,9479,1,32095.0,4,145,65.7,1.0
6,2018,16479,1,2596.0,4,145,60.1,1.0
6,2018,28975,1,14171.0,4,145,36.7,2.3
9,2017,10979,1,36730.0,4,30,54.3,1.0
14,2016,12840,1,14333.0,4,145,47.9,1.5
18,2017,15479,1,41391.0,0,145,56.5,2.0
3,2016,19979,2,21843.0,0,160,48.7,2.0
6,2019,16970,1,5802.0,4,145,60.1,1.0
6,2018,16479,1,18332.0,0,145,74.3,1.5
18,2017,16779,2,44424.0,0,125,52.3,2.0
5,2018,9679,1,14044.0,4,150,64.2,1.1
5,2017,9479,1,43786.0,4,0,65.7,1.0
5,2018,9979,1,58373.0,4,145,65.7,1.0
5,2014,5979,1,70071.0,4,0,65.7,1.0
14,2020,24979,0,2213.0,2,135,47.9,2.0
5,2018,12479,2,18559.0,4,145,48.7,1.0
5,2016,10940,0,14260.0,4,0,57.7,1.0
6,2013,6480,1,31101.0,0,20,67.3,1.6
9,2016,9820,1,36489.0,0,30,64.2,1.5
5,2019,14441,2,7220.0,4,145,48.7,1.0
8,2016,19170,2,3950.0,0,145,52.3,2.0
5,2018,10510,1,12070.0,4,145,65.7,1.0
5,2016,9320,1,21186.0,4,20,62.8,1.0
6,2017,17387,1,22342.0,4,145,41.5,2.0
5,2017,10490,0,14254.0,4,0,57.7,1.0
9,2016,11690,0,13325.0,0,30,58.9,1.5
6,2018,12970,1,7994.0,4,145,57.7,1.0
13,2017,16979,2,16411.0,0,145,54.3,2.0
5,2018,10179,1,15950.0,4,145,65.7,1.0
5,2017,9179,1,38807.0,4,145,65.7,1.0
5,2019,16479,1,11288.0,0,145,58.9,1.5
18,2019,33979,2,4988.0,0,145,43.5,2.0
16,2020,19979,1,1440.0,4,145,51.4,1.0
5,2018,10979,1,16430.0,4,145,65.7,1.0
5,2018,11000,1,16301.0,4,145,56.5,1.0
5,2018,11000,1,22845.0,4,145,56.5,1.0
5,2018,10590,1,33770.0,4,145,56.5,1.0
13,2017,17368,2,26861.0,0,145,54.3,2.0
3,2017,20479,1,19726.0,0,160,48.7,2.0
6,2017,11479,1,52639.0,0,145,74.3,1.5
18,2019,22979,1,8199.0,4,145,33.6,1.5
6,2020,28939,1,601.0,4,145,34.5,2.3
5,2014,6679,1,47368.0,4,0,65.7,1.0
3,2017,19303,2,43745.0,0,200,47.9,2.0
5,2013,5989,1,60143.0,4,0,65.7,1.0
5,2016,9989,2,15590.0,4,0,57.7,1.0
9,2015,9795,2,51250.0,0,160,48.7,2.0
6,2015,6645,1,72000.0,0,0,74.3,1.5
2,2016,8795,1,40600.0,4,125,53.3,1.0
12,2017,7499,1,19616.0,4,145,57.7,1.2
6,2014,7499,2,47329.0,4,160,44.8,1.6
6,2016,12799,1,48537.0,0,20,67.3,2.0
1,2016,8499,1,30484.0,0,20,68.9,1.5
13,2019,18479,1,15937.0,4,145,35.3,1.5
5,2016,9679,1,23608.0,4,20,62.8,1.0
6,2018,13979,1,16808.0,4,145,57.7,1.0
5,2017,10050,1,14773.0,4,0,65.7,1.0
5,2017,9930,1,21387.0,4,145,65.7,1.0
5,2017,9150,1,32023.0,4,145,65.7,1.0
6,2019,16030,1,9145.0,0,145,74.3,1.5
13,2018,17160,1,10267.0,4,145,39.2,1.5
5,2016,8211,1,36332.0,4,0,65.7,1.0
6,2017,18300,1,13813.0,4,145,41.5,2.0
18,2019,23179,1,12036.0,4,145,33.6,1.5
2,2019,16479,1,4470.0,0,145,58.9,1.5
18,2019,24979,1,10026.0,0,145,54.3,2.0
2,2017,11679,1,12278.0,4,125,52.3,1.0
8,2018,17979,1,34350.0,0,145,56.5,2.0
2,2018,14179,2,23807.0,4,145,48.7,1.0
12,2017,7489,1,12082.0,4,145,57.7,1.2
2,2019,16995,1,3500.0,4,145,53.3,1.0
6,2019,19995,0,6000.0,0,145,64.2,2.0
5,2016,9995,1,30468.0,4,0,65.7,1.0
6,2017,10495,1,27820.0,4,20,61.4,1.0
5,2018,11495,1,12700.0,4,150,56.5,1.0
12,2019,11295,1,1850.0,4,145,43.5,1.2
5,2017,10491,1,8679.0,4,145,65.7,1.0
13,2017,16000,0,21467.0,4,145,38.2,1.5
3,2017,15700,1,62124.0,0,160,48.7,2.0
9,2017,11180,1,30519.0,4,30,54.3,1.0
12,2017,7500,1,30668.0,4,150,57.7,1.2
5,2017,10500,1,10147.0,4,150,62.8,1.0
5,2018,13300,1,5687.0,4,150,62.8,1.0
5,2018,12500,1,4583.0,4,150,65.7,1.0
5,2016,8000,1,18455.0,4,125,54.3,1.2
5,2019,14000,1,10114.0,4,145,58.9,1.0
5,2017,9279,1,14576.0,4,145,65.7,1.0
5,2018,11679,1,16906.0,4,145,65.7,1.0
12,2019,9675,1,3850.0,4,145,47.9,1.2
12,2019,9279,1,9266.0,4,145,47.9,1.2
5,2018,17479,1,15121.0,4,145,40.3,1.5
5,2018,9750,1,9768.0,4,145,64.2,1.1
15,2020,33979,1,613.0,4,145,31.4,2.3
5,2018,10679,1,21085.0,4,145,65.7,1.0
5,2018,9679,1,10125.0,4,145,65.7,1.0
5,2019,15479,2,3280.0,4,145,48.7,1.0
5,2018,13970,1,9141.0,4,145,62.8,1.0
6,2018,18277,1,18646.0,0,145,67.3,2.0
5,2018,10490,1,14133.0,4,145,65.7,1.0
13,2019,19470,1,13522.0,0,145,47.9,2.0
6,2019,15520,1,6754.0,4,145,60.1,1.0
6,2019,15540,1,11881.0,4,145,60.1,1.0
5,2018,11500,1,17250.0,4,150,65.7,1.0
5,2018,13000,1,11887.0,4,145,58.9,1.0
5,2019,18000,1,4895.0,4,145,40.3,1.5
5,2017,9800,1,6555.0,4,145,64.2,1.1
18,2017,17800,1,27547.0,0,145,56.5,2.0
5,2018,12000,1,10097.0,4,145,65.7,1.0
8,2017,18000,1,43155.0,0,125,56.5,2.0
5,2017,10000,1,16956.0,4,150,65.7,1.0
2,2018,13000,1,29357.0,4,150,54.3,1.0
6,2017,10800,1,40988.0,0,145,74.3,1.5
2,2018,16500,2,3214.0,4,150,45.6,1.0
5,2018,10980,1,11083.0,4,145,65.7,1.0
8,2016,17495,1,37000.0,0,125,56.5,2.0
5,2019,16500,1,4578.0,4,145,58.9,1.0
12,2018,9500,1,4795.0,4,145,47.9,1.2
0,2018,9000,1,31894.0,4,145,55.4,1.0
18,2017,18800,2,22254.0,0,150,52.3,2.0
5,2019,14995,0,8342.0,4,145,48.7,1.0
2,2019,16495,1,3031.0,4,145,53.3,1.0
5,2018,11495,1,19709.0,4,145,65.7,1.0
9,2016,11995,1,19000.0,4,30,54.3,1.0
5,2017,12979,1,12518.0,4,145,47.9,1.6
6,2016,16479,1,24547.0,4,200,41.5,2.0
8,2019,24479,2,9770.0,0,145,54.3,2.0
8,2017,18979,1,36947.0,0,125,56.5,2.0
5,2013,7495,1,8603.0,4,30,54.3,1.2
5,2018,10495,1,10964.0,4,145,65.7,1.0
6,2017,10595,1,27500.0,4,150,61.4,1.0
6,2017,11995,1,11500.0,4,20,61.4,1.0
0,2017,11495,1,937.0,4,145,47.1,1.4
13,2017,14795,1,6688.0,4,145,45.6,1.5
6,2016,10795,1,15047.0,4,20,60.1,1.0
2,2016,11595,0,18147.0,4,160,44.8,1.5
6,2019,14995,1,843.0,4,145,60.1,1.0
13,2019,19995,1,2100.0,4,145,39.2,1.5
13,2019,19000,1,19874.0,0,145,60.1,2.0
14,2019,27000,0,18457.0,0,145,48.7,2.0
13,2017,12000,1,45267.0,0,145,54.3,2.0
5,2018,9500,1,14562.0,4,145,55.4,1.1
5,2018,12000,2,13378.0,4,145,54.3,1.0
2,2019,17500,0,1001.0,4,145,45.6,1.0
5,2017,9300,1,9918.0,4,0,65.7,1.0
5,2018,12000,1,9553.0,4,145,65.7,1.0
5,2018,10500,1,13427.0,4,145,65.7,1.0
6,2017,11900,2,18396.0,4,125,51.4,1.0
5,2018,12000,1,7526.0,4,145,65.7,1.0
15,2019,40000,1,813.0,4,145,22.8,5.0
16,2020,25000,1,2396.0,4,145,49.6,1.0
5,2018,13100,1,3874.0,4,145,65.7,1.0
5,2016,8000,1,23944.0,4,125,54.3,1.2
13,2018,16595,0,11421.0,4,145,38.2,1.5
5,2019,14000,1,11213.0,4,145,58.9,1.0
5,2018,10500,1,10995.0,4,145,65.7,1.0
12,2018,7600,1,22199.0,4,145,57.7,1.2
3,2019,30000,0,21457.0,0,145,37.2,2.0
6,2017,17979,1,22239.0,4,145,41.5,2.0
13,2017,14679,1,29210.0,4,160,45.6,1.5
9,2017,11179,1,37306.0,4,30,54.3,1.0
13,2013,9479,1,35537.0,0,145,53.3,2.0
8,2016,19279,1,24696.0,4,160,43.5,1.5
6,2017,10479,1,33446.0,0,145,74.3,1.5
13,2018,13990,1,44000.0,0,145,54.3,2.0
6,2018,13000,1,16853.0,0,145,74.3,1.5
5,2017,8990,1,14461.0,4,125,54.3,1.2
13,2017,12990,1,47235.0,0,150,60.1,2.0
13,2016,14795,1,6003.0,0,125,60.1,2.0
2,2019,17495,1,499.0,4,145,51.4,1.0
2,2017,10495,1,16457.0,4,125,52.3,1.0
2,2017,9495,1,48899.0,4,125,52.3,1.0
5,2018,10495,1,7642.0,4,145,65.7,1.0
6,2017,14495,1,9814.0,4,145,51.4,1.5
1,2017,10495,1,11264.0,4,145,55.4,1.0
14,2017,14750,1,12078.0,0,30,64.2,2.0
6,2017,10795,1,20418.0,4,145,60.1,1.0
6,2019,15990,1,8000.0,4,150,60.1,1.0
2,2018,13250,1,16581.0,4,150,54.3,1.0
2,2018,14750,1,5823.0,4,150,53.3,1.0
16,2019,22000,1,309.0,4,145,50.4,1.0
5,2019,21750,1,3417.0,4,145,40.3,1.5
13,2019,24990,1,3533.0,4,145,35.3,1.5
5,2013,5999,1,72551.0,4,0,65.7,1.0
13,2018,16999,0,37933.0,0,145,54.3,2.0
8,2017,18999,1,37881.0,0,125,56.5,2.0
5,2017,10499,1,12295.0,4,0,65.7,1.0
5,2016,9699,1,15323.0,4,0,65.7,1.0
0,2016,8490,2,29600.0,4,160,44.1,1.6
5,2015,10990,1,30000.0,4,145,47.9,1.6
1,2017,11990,1,11100.0,4,30,55.4,1.0
8,2019,24999,1,16448.0,0,145,55.4,2.0
5,2018,13995,1,7000.0,4,145,58.9,1.0
6,2019,15995,1,12200.0,4,145,60.1,1.0
6,2018,15690,1,10500.0,4,145,60.1,1.0
6,2019,17990,0,9800.0,4,145,41.5,1.0
5,2016,8495,1,29490.0,4,0,65.7,1.0
5,2016,9500,1,18735.0,4,20,62.8,1.0
5,2017,9950,1,21996.0,4,150,65.7,1.0
6,2017,16950,1,26140.0,4,145,41.5,2.0
6,2017,12000,1,16790.0,0,145,74.3,1.5
13,2018,18995,0,16000.0,4,145,38.2,1.5
2,2016,8495,1,40000.0,0,30,64.2,1.5
6,2018,12500,1,22494.0,4,150,60.1,1.0
5,2018,9990,1,15018.0,4,150,64.2,1.1
6,2019,15990,1,8933.0,4,150,60.1,1.0
13,2018,20000,1,12787.0,0,150,47.9,2.0
0,2017,10990,2,7939.0,4,150,44.1,1.6
5,2018,11000,1,7724.0,4,145,65.7,1.0
6,2017,10990,1,21647.0,4,145,60.1,1.0
6,2019,19320,0,15052.0,0,150,64.2,2.0
5,2017,8200,1,10396.0,4,145,54.3,1.2
5,2018,11990,1,6074.0,4,145,65.7,1.0
5,2018,14495,0,3000.0,4,145,54.3,1.0
21,2019,29890,1,6500.0,0,145,31.7,2.0
15,2019,40495,0,2000.0,4,145,22.1,5.0
6,2019,26490,1,4000.0,4,145,34.5,2.3
13,2018,16495,1,8000.0,4,145,45.6,1.5
6,2018,19490,1,3000.0,4,145,51.4,1.5
6,2018,18995,0,7000.0,0,145,74.3,1.5
6,2018,16195,0,440.0,4,145,50.4,1.0
6,2019,15995,1,12200.0,4,145,58.9,1.0
6,2018,14699,1,15937.0,0,145,80.7,1.5
6,2016,14499,1,40953.0,0,20,67.3,2.0
5,2018,9999,1,30472.0,0,145,85.6,1.5
6,2017,11699,1,11526.0,4,20,60.1,1.0
14,2019,19999,1,10281.0,0,145,51.4,2.0
5,2015,5699,1,50577.0,4,125,54.3,1.2
5,2015,7499,1,30136.0,4,30,54.3,1.2
5,2017,9999,1,23819.0,4,0,65.7,1.0
6,2018,12199,1,5304.0,4,145,60.1,1.0
0,2013,6999,1,24850.0,4,30,55.4,1.0
8,2016,17750,1,34980.0,0,125,56.5,2.0
5,2016,9775,1,34296.0,4,0,65.7,1.0
3,2018,30699,0,2889.0,0,145,37.2,2.0
6,2017,10999,2,31033.0,4,145,51.4,1.0
5,2016,7999,1,21875.0,4,125,54.3,1.2
13,2018,17499,1,5669.0,0,145,54.3,1.5
6,2019,15750,1,14195.0,4,145,58.9,1.0
13,2019,18620,1,11963.0,4,145,35.3,1.5
13,2019,19420,1,4842.0,4,145,35.3,1.5
13,2018,17775,2,14840.0,0,145,58.9,1.5
6,2017,12620,2,23829.0,4,125,51.4,1.0
5,2017,7750,1,48616.0,0,0,78.5,1.5
5,2017,9995,1,2146.0,4,125,54.3,1.2
13,2019,20299,1,4629.0,4,145,35.3,1.5
13,2019,19999,2,13006.0,0,145,37.7,2.0
5,2017,9799,1,14794.0,4,0,65.7,1.0
5,2017,9999,1,14303.0,4,145,64.2,1.1
13,2018,15499,1,15094.0,0,145,54.3,1.5
13,2017,14999,1,28000.0,0,145,64.2,1.5
5,2018,10699,1,12219.0,4,145,65.7,1.0
6,2019,28495,1,4000.0,4,145,34.5,2.3
5,2018,14995,1,9000.0,4,145,58.9,1.0
21,2019,29495,1,7000.0,0,145,31.7,2.0
2,2018,13995,0,6000.0,4,145,48.7,1.0
13,2017,20490,0,9000.0,0,145,54.3,2.0
5,2018,11995,1,10000.0,4,145,58.9,1.0
1,2017,14990,1,8000.0,0,145,68.9,1.5
13,2017,20490,0,17000.0,0,145,54.3,2.0
5,2019,16495,1,2000.0,4,145,58.9,1.0
1,2018,13995,1,11000.0,0,145,68.9,1.5
2,2018,14995,1,2000.0,4,145,54.3,1.0
6,2019,14995,1,1200.0,4,145,58.9,1.0
6,2019,15995,0,14000.0,4,145,51.4,1.0
6,2019,14995,1,15000.0,4,145,58.9,1.0
6,2018,15995,1,6000.0,0,145,80.7,1.5
6,2019,15495,1,8500.0,4,145,58.9,1.0
6,2019,14995,0,11000.0,4,145,50.4,1.0
6,2019,18490,0,1890.0,4,145,40.9,1.5
13,2018,17495,1,12000.0,0,145,54.3,1.5
5,2017,9499,1,14607.0,4,145,65.7,1.0
13,2017,15999,1,19660.0,0,145,60.1,2.0
18,2015,18499,0,24622.0,4,260,35.8,2.0
6,2018,15999,1,3796.0,0,145,80.7,1.5
6,2016,8999,1,46101.0,0,0,74.3,1.5
5,2017,10499,1,17221.0,4,20,62.8,1.0
14,2015,9999,1,44419.0,0,0,78.5,1.5
13,2018,16999,1,10435.0,0,145,54.3,1.5
8,2017,18749,1,35930.0,0,125,56.5,2.0
13,2018,15999,1,21688.0,0,145,54.3,1.5
5,2017,8494,1,39078.0,4,145,65.7,1.0
5,2015,7980,1,18534.0,4,125,54.3,1.2
6,2019,18499,1,8000.0,4,145,60.1,1.0
6,2015,8499,1,50502.0,0,0,74.3,1.5
6,2016,14699,1,42524.0,4,200,41.5,2.0
2,2015,8499,1,35000.0,4,125,52.3,1.0
6,2017,11999,1,9844.0,4,145,60.1,1.0
12,2017,7999,1,14467.0,4,30,57.7,1.2
13,2019,18499,1,10234.0,0,145,38.2,2.0
6,2015,9499,1,25000.0,4,20,60.1,1.0
5,2018,10999,1,35880.0,4,145,62.8,1.0
13,2018,19999,0,13859.0,4,145,38.2,1.5
2,2018,15999,2,8660.0,4,145,45.6,1.0
2,2017,7999,1,49391.0,4,145,53.3,1.0
5,2018,11899,1,16412.0,4,145,65.7,1.0
13,2019,19499,1,15956.0,0,145,47.9,2.0
6,2019,16199,1,6321.0,4,145,60.1,1.0
2,2018,14199,1,20112.0,4,145,54.3,1.0
1,2017,11499,1,19394.0,4,30,55.4,1.0
0,2018,12299,1,12403.0,4,145,57.7,1.0
5,2018,8799,1,10911.0,4,145,64.2,1.1
5,2018,9599,1,20203.0,4,145,65.7,1.0
2,2018,13999,1,10579.0,4,145,54.3,1.0
13,2018,16199,1,14365.0,0,145,64.2,1.5
16,2020,23999,1,1137.0,4,145,50.4,1.0
16,2019,22999,1,883.0,4,145,51.4,1.0
12,2019,11699,1,2559.0,4,145,43.5,1.2
5,2019,18299,1,2944.0,4,145,40.3,1.5
6,2019,18699,1,603.0,4,145,47.9,1.0
5,2019,15299,1,5303.0,4,145,58.9,1.0
6,2020,24799,1,641.0,4,145,50.4,1.5
6,2020,21499,1,807.0,0,145,62.8,1.5
2,2019,13399,1,9168.0,0,145,67.3,1.5
5,2018,10999,1,12438.0,0,145,88.3,1.5
5,2017,9699,1,10516.0,4,0,65.7,1.0
5,2017,10999,1,14748.0,4,145,65.7,1.0
5,2018,13599,1,6792.0,4,145,65.7,1.0
13,2018,16999,1,8000.0,0,145,60.1,2.0
13,2019,20499,1,6997.0,4,145,35.3,1.5
13,2018,15999,1,16371.0,0,145,47.9,2.0
2,2019,14999,1,5846.0,4,145,53.3,1.0
5,2018,10499,1,30000.0,4,145,56.5,1.0
5,2018,11499,1,16356.0,4,145,56.5,1.0
5,2019,15499,1,7852.0,4,145,60.1,1.0
2,2018,13999,1,12076.0,4,145,51.4,1.0
3,2017,23299,2,24558.0,0,200,47.9,2.0
0,2016,8500,2,34737.0,4,160,44.1,1.6
5,2018,10799,1,31146.0,4,145,65.7,1.0
9,2019,14199,1,6375.0,4,145,47.9,1.0
6,2019,14899,1,11322.0,4,145,58.9,1.0
5,2018,11999,1,33086.0,4,145,62.8,1.0
8,2018,19499,1,31504.0,0,145,56.5,2.0
8,2017,19499,1,29850.0,0,125,56.5,2.0
18,2017,16499,1,26410.0,0,125,56.5,2.0
6,2018,12699,1,35221.0,0,145,74.3,1.5
13,2018,15699,1,14241.0,0,145,64.2,1.5
13,2018,21999,2,13082.0,0,145,54.3,2.0
5,2018,11299,1,27567.0,4,145,65.7,1.0
6,2019,17999,1,4432.0,4,145,60.1,1.0
6,2019,17699,1,5443.0,4,145,60.1,1.0
6,2019,16999,1,4933.0,4,145,60.1,1.0
6,2018,16995,0,10688.0,0,145,74.3,1.5
13,2019,18199,1,7523.0,0,145,45.6,1.5
5,2017,12699,1,12614.0,4,145,47.9,1.6
13,2017,16199,1,18860.0,0,145,54.3,2.0
6,2019,24999,1,9488.0,4,145,34.5,2.3
6,2018,11499,1,22465.0,4,145,60.1,1.0
2,2018,13999,1,8610.0,4,145,54.3,1.0
2,2018,14899,1,10111.0,4,145,54.3,1.0
5,2018,11399,1,7957.0,4,145,65.7,1.0
13,2018,13499,1,18838.0,0,145,64.2,1.5
5,2018,10999,1,18571.0,4,145,65.7,1.0
8,2018,19999,2,31589.0,0,145,52.3,2.0
18,2017,17299,1,31355.0,0,145,56.5,2.0
6,2015,13399,1,23178.0,4,200,41.5,2.0
5,2016,10199,1,18606.0,4,20,62.8,1.0
13,2017,16999,1,19739.0,0,145,60.1,2.0
2,2018,14799,1,18772.0,4,145,54.3,1.0
18,2019,25399,1,8457.0,0,145,54.3,2.0
13,2018,14999,1,35553.0,0,145,60.1,2.0
5,2016,8999,1,30209.0,0,0,78.5,1.5
13,2018,15999,1,32362.0,0,145,54.3,2.0
5,2018,11499,1,27851.0,4,145,62.8,1.0
5,2018,11699,1,21581.0,4,145,62.8,1.0
13,2018,20999,2,20870.0,0,145,54.3,2.0
14,2018,13999,2,30320.0,0,145,45.6,2.0
5,2018,10799,1,28297.0,4,145,62.8,1.0
6,2014,6999,1,41633.0,4,30,56.5,1.0
6,2016,9499,1,44815.0,4,20,61.4,1.0
13,2018,15999,2,33343.0,0,145,54.3,2.0
1,2017,11699,1,14858.0,4,30,55.4,1.0
12,2018,8500,1,5819.0,4,145,57.7,1.2
13,2019,18299,1,9708.0,0,145,54.3,1.5
6,2018,20299,1,6987.0,4,145,41.5,2.0
13,2018,19299,1,8100.0,0,145,47.9,2.0
13,2017,17000,1,15962.0,0,30,54.3,2.0
1,2014,7199,1,46873.0,0,30,61.4,1.6
5,2017,10500,1,3347.0,4,0,65.7,1.0
12,2019,9500,1,6298.0,4,145,48.7,1.2
15,2020,42999,1,10.0,4,145,23.7,5.0
5,2019,16299,2,8383.0,4,145,48.7,1.0
1,2017,10799,1,23736.0,0,20,68.9,1.5
6,2016,9000,1,35756.0,0,0,74.3,1.5
14,2016,12099,1,30986.0,0,20,68.9,2.0
13,2019,14399,1,14539.0,4,145,40.4,1.5
18,2016,17199,2,25329.0,0,125,52.3,2.0
5,2019,15599,1,8001.0,4,145,60.1,1.0
18,2017,19299,1,19198.0,0,145,56.5,2.0
2,2019,15499,1,9982.0,4,145,52.3,1.0
2,2017,11000,1,14297.0,4,125,52.3,1.0
18,2017,18699,1,26372.0,0,145,56.5,2.0
13,2019,22000,1,11869.0,0,145,37.7,2.0
12,2019,10799,1,3078.0,4,145,48.7,1.2
6,2019,18999,1,4892.0,4,145,47.9,1.0
5,2019,15299,1,1758.0,4,145,58.9,1.0
13,2019,20499,1,20062.0,0,145,38.2,2.0
13,2019,20999,1,447.0,0,145,47.9,2.0
5,2019,11799,1,4126.0,4,145,58.9,1.0
5,2019,12799,1,2128.0,4,145,48.7,1.1
13,2017,15000,1,12555.0,0,145,60.1,2.0
5,2020,16199,1,264.0,4,145,58.9,1.0
1,2016,9399,1,17693.0,0,20,68.9,1.5
5,2019,15399,1,8793.0,4,145,58.9,1.0
5,2019,16199,2,8310.0,4,145,48.7,1.0
5,2019,14799,1,9817.0,4,145,60.1,1.0
8,2017,18399,1,40848.0,0,125,56.5,2.0
1,2017,11499,1,16470.0,4,30,55.4,1.0
6,2017,11499,1,28604.0,0,0,74.3,1.5
2,2017,11599,1,12890.0,4,145,52.3,1.0
13,2018,15800,0,6170.0,4,150,38.2,1.5
6,2018,18500,1,21901.0,0,150,67.3,2.0
2,2017,11000,2,9148.0,4,165,44.8,1.5
13,2017,16700,1,18293.0,0,145,60.1,2.0
13,2017,14500,1,31848.0,0,145,54.3,2.0
5,2016,9800,1,27128.0,4,20,62.8,1.0
2,2020,16299,1,915.0,4,145,53.3,1.0
3,2018,21200,1,26531.0,0,145,47.9,2.0
5,2018,11200,1,14338.0,4,150,62.8,1.0
6,2015,13800,1,26270.0,4,205,41.5,2.0
5,2019,14960,1,3599.0,4,145,60.1,1.0
5,2020,17499,1,34.0,4,145,58.9,1.0
5,2019,15799,1,3042.0,4,145,58.9,1.0
5,2019,15799,2,14788.0,4,145,48.7,1.0
5,2019,12799,1,6795.0,4,145,56.5,1.0
6,2019,16299,1,5681.0,4,145,60.1,1.0
16,2019,23999,1,1225.0,4,145,50.4,1.0
8,2019,29499,1,3158.0,0,145,45.6,2.0
5,2019,12299,1,13838.0,0,145,58.9,1.5
5,2017,13099,1,12022.0,4,145,62.8,1.0
2,2019,17000,1,1307.0,4,145,52.3,1.0
2,2020,19499,1,1083.0,4,145,52.3,1.0
2,2017,10399,1,22402.0,4,125,53.3,1.0
6,2018,19199,1,10611.0,4,145,41.5,2.0
5,2020,21499,1,58.0,4,145,55.4,1.0
3,2019,32599,2,5542.0,0,145,37.2,2.0
5,2017,10699,1,21913.0,0,0,78.5,1.5
6,2020,30999,0,10.0,4,145,39.8,1.5
5,2019,14999,1,11576.0,4,145,58.9,1.0
5,2018,15399,2,17973.0,4,145,54.3,1.0
5,2019,16399,2,7244.0,4,145,48.7,1.0
0,2017,10199,1,14685.0,4,30,56.5,1.0
6,2018,13299,1,16257.0,0,145,74.3,1.5
5,2017,11499,2,19145.0,4,0,57.7,1.0
6,2018,13499,1,19926.0,0,145,74.3,1.5
2,2017,11499,2,12837.0,4,160,44.8,1.5
5,2018,9799,1,9907.0,4,145,55.4,1.1
13,2018,17199,1,12459.0,4,145,39.2,1.5
5,2018,10899,1,10793.0,4,145,58.9,1.0
14,2019,21499,1,3252.0,0,145,65.7,2.0
5,2018,11500,1,7790.0,4,145,65.7,1.0
6,2020,20999,0,7.0,4,145,50.4,1.0
1,2016,11199,1,12128.0,0,20,68.9,1.5
6,2017,13099,0,8841.0,4,145,46.3,1.5
13,2018,16899,2,11009.0,0,145,58.9,1.5
2,2019,17000,1,7809.0,4,145,52.3,1.0
13,2016,13499,1,22165.0,0,30,64.2,1.5
5,2018,15199,1,8207.0,4,145,58.9,1.0
5,2017,12199,2,7832.0,4,0,57.7,1.0
5,2015,7999,1,39061.0,4,20,62.8,1.0
5,2016,10500,1,16640.0,4,0,65.7,1.0
5,2017,11500,1,20069.0,4,145,65.7,1.0
5,2018,11199,1,16035.0,4,145,65.7,1.0
5,2017,9799,1,21603.0,4,145,65.7,1.0
3,2017,20499,1,24151.0,0,145,48.7,2.0
6,2016,15000,1,27634.0,4,200,41.5,2.0
13,2018,17799,1,12273.0,0,145,64.2,1.5
13,2017,14499,1,23984.0,0,145,64.2,1.5
8,2017,19000,2,36708.0,0,145,52.3,2.0
20,2019,17000,1,12815.0,0,145,48.7,1.5
14,2019,22899,0,4665.0,2,135,47.1,2.0
5,2018,12499,1,11904.0,4,145,62.8,1.0
6,2017,12499,2,16943.0,4,125,51.4,1.0
1,2019,14300,2,8348.0,0,145,56.5,1.5
5,2015,9699,1,42214.0,4,145,47.9,1.6
21,2018,15499,1,6896.0,0,145,44.8,2.0
0,2014,6499,1,40213.0,4,30,55.4,1.0
5,2018,15000,1,15026.0,4,145,55.4,1.0
18,2016,15000,1,33770.0,0,125,56.5,2.0
5,2016,8499,1,15505.0,4,0,65.7,1.0
5,2020,25999,1,12.0,4,145,40.4,1.5
2,2016,10499,2,21099.0,4,160,44.8,1.5
5,2017,8699,1,25398.0,4,145,64.2,1.1
6,2018,18999,1,21791.0,0,145,67.3,2.0
5,2018,11699,1,18337.0,4,145,65.7,1.0
5,2018,12799,1,15526.0,4,145,62.8,1.0
0,2014,7199,1,38058.0,0,20,70.6,1.6
6,2019,18898,1,8800.0,4,150,51.4,1.5
13,2013,9486,1,40700.0,0,150,53.3,2.0
12,2018,8430,1,8500.0,4,150,47.9,1.2
5,2019,12000,1,50.0,4,145,58.9,1.0
5,2018,13994,1,12317.0,4,145,57.7,1.0
5,2018,10456,1,25000.0,4,145,65.7,1.0
6,2016,11784,1,6000.0,0,0,74.3,1.5
6,2016,10696,1,13000.0,4,20,60.1,1.0
6,2018,21199,1,6101.0,4,145,41.5,2.0
1,2016,9950,1,27863.0,0,20,68.9,1.5
21,2017,20000,1,26514.0,0,200,44.8,2.0
9,2018,14499,1,3937.0,4,145,47.1,1.0
13,2019,20499,1,1987.0,4,145,35.3,1.5
5,2016,11899,2,12656.0,4,0,57.7,1.0
1,2017,11000,1,5584.0,4,30,55.4,1.0
6,2013,5999,1,63424.0,4,30,56.5,1.0
5,2016,7499,1,22671.0,4,125,54.3,1.2
13,2018,16999,1,17243.0,0,145,54.3,1.5
5,2018,14999,1,5021.0,4,145,58.9,1.0
0,2015,6999,1,34793.0,0,20,70.6,1.6
5,2017,8499,1,30940.0,4,125,54.3,1.2
6,2018,12499,1,16819.0,4,145,61.4,1.0
6,2017,9999,1,70348.0,0,0,74.3,1.5
5,2017,10499,1,8218.0,4,0,65.7,1.0
5,2013,5499,1,69954.0,4,30,54.3,1.2
5,2017,9990,1,21475.0,4,150,65.7,1.0
5,2014,6500,1,40119.0,4,30,54.3,1.2
5,2018,17990,1,11028.0,4,150,40.3,1.5
13,2017,17990,1,26657.0,0,150,54.3,2.0
5,2018,15000,1,9760.0,4,150,62.8,1.0
1,2016,7991,1,50550.0,4,165,44.1,1.6
5,2016,9991,1,38765.0,4,145,47.9,1.6
5,2018,9995,1,32668.0,4,145,65.7,1.0
2,2017,9995,1,27175.0,4,145,52.3,1.0
5,2016,9995,1,13893.0,4,0,65.7,1.0
5,2018,14792,1,20700.0,4,145,40.3,1.5
5,2018,11979,1,33000.0,4,145,60.1,1.0
1,2014,7498,1,55000.0,4,30,55.4,1.0
6,2019,16294,0,13000.0,4,145,50.4,1.0
5,2016,8974,1,33000.0,4,0,65.7,1.0
18,2016,15498,2,34000.0,0,145,52.3,2.0
5,2015,8263,1,33000.0,4,0,65.7,1.0
5,2017,11287,1,12000.0,0,145,88.3,1.5
6,2015,8474,1,32000.0,4,20,61.4,1.0
5,2017,9445,1,20000.0,4,145,65.7,1.0
13,2018,16794,1,25000.0,0,145,60.1,2.0
13,2017,17474,1,26000.0,0,145,54.3,2.0
13,2017,15762,1,26000.0,0,125,60.1,2.0
6,2019,16982,1,4000.0,4,145,60.1,1.0
6,2016,8992,1,35646.0,4,20,60.1,1.0
6,2015,8942,1,33000.0,4,20,60.1,1.0
5,2018,10499,1,34886.0,4,145,65.7,1.0
5,2018,10000,1,32620.0,4,145,65.7,1.0
5,2019,16299,2,8398.0,4,145,48.7,1.0
5,2019,16500,2,5220.0,4,145,48.7,1.0
5,2017,11399,1,18001.0,4,20,62.8,1.0
6,2019,16800,1,30.0,4,145,58.9,1.0
6,2019,22000,0,13917.0,0,145,64.2,2.0
5,2018,10800,1,6866.0,4,145,58.9,1.0
6,2016,9200,1,36500.0,4,20,61.4,1.0
14,2017,16200,0,35136.0,0,150,58.9,2.0
18,2016,15496,1,50000.0,0,125,56.5,2.0
14,2017,13985,2,51000.0,0,125,57.7,2.0
6,2017,12429,2,15000.0,4,125,51.4,1.0
6,2019,14890,1,11399.0,4,145,58.9,1.0
5,2019,13880,1,7292.0,4,145,56.5,1.0
6,2019,14850,1,11788.0,4,145,58.9,1.0
6,2017,10890,2,41934.0,4,125,51.4,1.0
12,2019,11590,1,356.0,4,145,47.9,1.2
12,2019,12840,1,66.0,4,145,43.5,1.2
12,2019,11950,1,89.0,4,145,47.9,1.2
12,2019,12800,1,162.0,4,145,43.5,1.2
12,2019,12890,1,300.0,4,145,43.5,1.2
12,2019,12000,1,1553.0,4,145,47.9,1.2
12,2019,11990,1,344.0,4,145,47.9,1.2
12,2019,12000,1,255.0,4,145,47.9,1.2
12,2019,12430,1,344.0,4,145,47.9,1.2
12,2019,11950,1,48.0,4,145,47.9,1.2
12,2019,11790,1,327.0,4,145,47.9,1.2
12,2019,12780,1,339.0,4,145,43.5,1.2
1,2017,13890,0,14651.0,0,145,67.3,1.5
13,2018,15900,1,14561.0,0,150,60.1,2.0
5,2019,16500,1,4446.0,4,150,60.1,1.0
2,2016,9481,1,27000.0,4,125,53.3,1.0
6,2017,11257,1,17000.0,0,150,74.3,1.5
5,2017,10997,1,12000.0,4,145,65.7,1.0
5,2015,8484,1,25000.0,4,0,65.7,1.0
12,2017,7278,1,23000.0,4,150,57.7,1.2
6,2018,12877,1,16000.0,4,150,60.1,1.0
15,2016,27925,1,11600.0,4,580,20.9,5.0
13,2019,19990,1,8694.0,4,145,35.3,1.5
13,2017,18500,2,14325.0,0,145,54.3,2.0
6,2018,18680,1,3300.0,4,145,41.5,2.0
13,2019,24680,2,3369.0,0,145,38.7,2.0
6,2019,26780,1,4763.0,4,145,34.5,2.3
5,2017,10680,1,19741.0,4,145,65.7,1.0
14,2019,25890,0,4200.0,2,135,46.3,2.0
18,2019,24500,1,13156.0,0,145,54.3,2.0
6,2018,17500,1,4290.0,4,145,60.1,1.0
6,2017,16000,1,19193.0,4,145,41.5,2.0
0,2013,7999,1,26902.0,4,30,55.4,1.0
6,2013,5999,1,59477.0,4,30,56.5,1.0
2,2018,12499,1,14153.0,4,145,53.3,1.0
6,2016,9999,1,23325.0,4,20,61.4,1.0
13,2018,17999,1,20321.0,4,150,45.6,1.5
6,2019,17999,1,11304.0,4,150,46.3,1.5
3,2017,20999,2,24224.0,0,150,48.7,2.0
13,2019,18999,1,8509.0,0,145,38.2,2.0
5,2018,11499,2,32094.0,4,145,54.3,1.0
13,2018,18890,1,18670.0,4,145,39.2,1.5
13,2019,19990,2,9900.0,0,145,37.7,2.0
13,2019,23780,0,12603.0,0,145,38.7,2.0
13,2019,23890,2,8123.0,0,145,38.7,2.0
13,2017,14990,1,13988.0,0,145,60.1,2.0
6,2017,11550,2,30973.0,0,0,74.3,1.5
5,2019,12980,1,15274.0,4,145,60.1,1.0
6,2017,11890,2,38617.0,4,125,51.4,1.0
13,2015,11500,1,28849.0,0,125,60.1,2.0
6,2019,15890,1,12049.0,4,145,58.9,1.0
5,2016,8990,1,14914.0,4,125,54.3,1.2
5,2014,8995,2,19797.0,4,150,47.9,1.6
2,2019,17900,2,1.0,4,145,45.6,1.0
6,2016,14000,1,35194.0,4,205,41.5,2.0
6,2016,14400,1,22973.0,4,205,41.5,2.0
5,2017,10500,2,35377.0,4,0,57.7,1.0
6,2019,15890,1,13773.0,4,145,58.9,1.0
13,2019,17280,1,14319.0,4,145,34.4,1.5
5,2019,13950,1,14459.0,4,145,58.9,1.0
13,2017,13500,1,37071.0,0,125,60.1,2.0
18,2017,19399,1,28225.0,0,145,56.5,2.0
18,2017,16899,1,36545.0,0,145,56.5,2.0
5,2018,9799,1,30701.0,4,145,65.7,1.0
5,2018,10499,1,34683.0,4,145,65.7,1.0
5,2019,15899,1,4058.0,4,145,60.1,1.0
5,2019,16399,2,7805.0,4,145,48.7,1.0
5,2019,15599,1,6123.0,4,145,58.9,1.0
13,2018,16599,1,21517.0,0,145,54.3,2.0
13,2015,13199,1,21696.0,0,145,54.3,2.0
5,2018,13499,2,6476.0,4,145,48.7,1.0
13,2017,13500,1,42744.0,0,145,60.1,2.0
6,2018,12500,1,8455.0,4,145,60.1,1.0
6,2017,10990,2,23224.0,4,150,51.4,1.0
6,2015,9295,1,20578.0,4,20,60.1,1.0
5,2017,8400,1,9796.0,4,150,54.3,1.2
5,2018,11000,1,15591.0,4,150,65.7,1.0
5,2018,11500,1,9487.0,4,150,65.7,1.0
5,2018,12000,1,15711.0,4,150,62.8,1.0
5,2019,16890,2,8147.0,4,150,48.7,1.0
13,2018,18980,2,8011.0,0,150,47.9,2.0
5,2017,8899,1,18207.0,4,125,54.3,1.2
6,2017,16899,1,21065.0,4,145,41.5,2.0
2,2019,18799,1,647.0,4,145,52.3,1.0
1,2017,11599,1,15376.0,0,20,68.9,1.5
13,2017,17299,1,12862.0,0,145,60.1,2.0
9,2018,13799,1,11708.0,0,145,64.2,1.5
0,2017,11499,1,8769.0,4,30,57.7,1.0
6,2017,12599,1,4559.0,4,145,61.4,1.0
1,2016,10000,1,17693.0,0,20,68.9,1.5
5,2019,15699,1,7331.0,4,145,60.1,1.0
0,2013,5495,2,56950.0,4,160,44.1,1.6
5,2018,9995,1,27800.0,4,145,65.7,1.0
5,2018,9995,1,28834.0,4,145,65.7,1.0
6,2017,11500,1,22075.0,0,0,74.3,1.5
2,2020,18995,1,24.0,4,145,51.4,1.0
12,2018,7500,1,14446.0,4,145,57.7,1.2
6,2019,17880,1,1.0,0,145,74.3,1.5
13,2019,23880,2,3500.0,0,145,38.7,2.0
12,2019,12000,1,784.0,4,145,47.9,1.2
13,2019,18690,1,12557.0,4,145,35.3,1.5
6,2017,18599,1,18418.0,4,200,41.5,2.0
5,2017,9899,1,24270.0,4,145,65.7,1.0
13,2018,19399,1,4883.0,0,145,47.9,1.5
6,2018,13499,1,13377.0,4,145,60.1,1.0
5,2018,12000,1,14652.0,4,145,56.5,1.0
5,2018,11199,1,21600.0,4,145,56.5,1.0
5,2019,15299,1,6164.0,4,145,58.9,1.0
5,2019,16599,2,7885.0,4,145,48.7,1.0
5,2019,15399,1,7720.0,4,145,58.9,1.0
5,2019,15299,1,8347.0,4,145,58.9,1.0
13,2017,17399,1,23833.0,0,145,54.3,2.0
13,2018,15199,1,23500.0,0,145,60.1,2.0
5,2018,10699,1,16901.0,4,145,65.7,1.0
5,2018,10599,1,15098.0,4,145,65.7,1.0
6,2019,26299,1,3764.0,4,145,34.5,2.3
8,2017,18000,2,40838.0,0,145,52.3,2.0
13,2019,26499,2,2741.0,0,145,38.7,2.0
6,2018,18499,1,29553.0,4,145,41.5,2.0
5,2019,12999,1,12914.0,4,145,56.5,1.0
12,2019,11880,1,635.0,4,145,47.9,1.2
13,2019,18850,1,15450.0,4,145,35.3,1.5
2,2020,17799,1,1820.0,4,145,52.3,1.0
2,2020,17999,1,755.0,4,145,53.3,1.0
14,2020,22499,1,2813.0,0,145,51.4,2.0
5,2020,15299,1,895.0,4,145,58.9,1.0
18,2017,17199,1,32942.0,0,125,56.5,2.0
5,2018,11000,1,13924.0,4,145,65.7,1.0
2,2019,15799,1,1525.0,4,145,51.4,1.0
15,2019,36799,2,10810.0,4,145,22.1,5.0
12,2019,12940,1,8.0,4,145,43.5,1.2
12,2019,11880,1,254.0,4,145,47.9,1.2
12,2019,12350,1,451.0,4,145,47.9,1.2
12,2019,11880,1,569.0,4,145,47.9,1.2
12,2019,11500,1,503.0,4,145,47.9,1.2
12,2019,12680,1,494.0,4,145,43.5,1.2
12,2019,11890,1,206.0,4,145,47.9,1.2
12,2019,12780,1,1120.0,4,145,43.5,1.2
12,2019,9980,1,1074.0,4,145,47.9,1.2
2,2019,18499,1,6956.0,0,145,58.9,1.5
13,2019,20799,1,447.0,0,145,47.9,2.0
6,2019,18499,1,7445.0,4,145,58.9,1.0
12,2019,11299,1,2516.0,4,145,43.5,1.2
12,2019,11199,1,2591.0,4,145,43.5,1.2
13,2017,15299,1,12555.0,0,145,60.1,2.0
5,2018,14500,1,7653.0,4,145,58.9,1.0
2,2019,15899,1,7867.0,4,145,51.4,1.0
6,2015,9899,1,13234.0,0,20,67.3,1.6
6,2019,13899,1,15952.0,0,145,80.7,1.5
6,2019,20599,1,2994.0,4,145,49.6,1.5
18,2018,20199,1,10824.0,4,145,43.5,1.5
0,2014,7399,2,40349.0,4,160,44.1,1.6
5,2017,9399,1,13148.0,4,0,65.7,1.0
5,2019,15799,1,8129.0,4,145,58.9,1.0
6,2018,12399,1,15242.0,4,145,57.7,1.0
5,2018,11499,1,23975.0,4,145,56.5,1.0
13,2016,12699,1,26350.0,0,145,54.3,2.0
13,2016,15799,0,30225.0,4,235,38.2,1.5
2,2020,18499,1,7.0,4,145,52.3,1.0
13,2017,13500,1,36552.0,0,145,60.1,2.0
5,2017,8899,1,12289.0,4,125,54.3,1.2
14,2017,17299,0,10154.0,4,235,38.2,2.0
13,2017,19500,2,19141.0,0,145,54.3,2.0
14,2019,20000,2,8988.0,0,145,58.9,2.0
13,2019,18999,1,2500.0,4,145,34.4,1.5
6,2018,20499,1,18482.0,4,145,41.5,2.0
8,2017,18799,1,41569.0,0,125,56.5,2.0
5,2017,12000,2,3925.0,4,0,57.7,1.0
6,2017,13000,2,17525.0,4,125,51.4,1.0
5,2017,11799,2,9016.0,4,0,57.7,1.0
12,2019,11299,1,2691.0,4,145,43.5,1.2
20,2017,14000,1,21491.0,0,145,64.2,1.5
2,2018,14199,1,9293.0,4,145,54.3,1.0
5,2019,15500,1,4293.0,4,145,60.1,1.0
2,2018,12499,1,23776.0,4,145,54.3,1.0
5,2019,12899,1,9855.0,4,145,56.5,1.0
5,2018,9799,1,13691.0,4,145,55.4,1.1
5,2018,12199,1,17288.0,4,145,56.5,1.0
5,2018,12299,1,15379.0,4,145,58.9,1.0
5,2018,12299,1,12485.0,4,145,56.5,1.0
2,2019,16699,1,1536.0,4,145,51.4,1.0
6,2017,9000,1,64195.0,0,145,74.3,1.5
5,2017,10399,1,11270.0,4,145,65.7,1.0
2,2017,10399,1,37258.0,4,145,53.3,1.0
13,2019,19499,1,8987.0,0,145,38.2,2.0
6,2019,15000,1,4563.0,4,145,60.1,1.0
5,2017,8799,1,15393.0,4,125,54.3,1.2
2,2017,11599,2,22183.0,4,160,44.8,1.5
13,2017,14899,1,20668.0,0,145,60.1,2.0
6,2017,11399,1,17980.0,4,145,60.1,1.0
6,2018,11899,1,17298.0,4,145,60.1,1.0
6,2018,12299,1,19850.0,4,145,60.1,1.0
0,2017,11299,2,11051.0,4,145,44.1,1.6
6,2017,18000,2,30591.0,0,145,61.4,2.0
13,2017,13899,1,33606.0,0,125,60.1,2.0
2,2018,15599,2,7839.0,4,145,45.6,1.0
12,2017,8000,1,12164.0,4,30,57.7,1.2
12,2018,8500,1,1216.0,4,145,57.7,1.2
5,2018,12599,2,14788.0,4,145,54.3,1.0
5,2016,8499,1,36158.0,0,0,88.3,1.5
5,2019,12399,1,10241.0,4,145,56.5,1.0
6,2017,16399,1,16222.0,0,145,67.3,2.0
5,2020,15499,2,2056.0,4,145,48.7,1.0
5,2019,13299,1,14389.0,4,145,55.4,1.0
13,2018,14499,1,44934.0,0,145,64.2,1.5
8,2016,21499,1,6906.0,0,125,56.5,2.0
12,2019,11099,1,5376.0,4,145,43.5,1.2
13,2017,18299,2,26309.0,0,145,54.3,2.0
2,2018,14899,1,9600.0,4,145,54.3,1.0
6,2018,19899,1,19485.0,4,145,41.5,2.0
6,2019,18699,1,8883.0,4,145,58.9,1.0
5,2017,10899,1,15445.0,4,145,65.7,1.0
0,2017,12499,1,5698.0,4,145,57.7,1.0
2,2018,14499,1,6478.0,4,145,54.3,1.0
6,2018,16899,1,11533.0,4,145,60.1,1.0
6,2019,17499,0,1260.0,0,145,67.3,1.5
5,2018,10599,1,8890.0,4,145,65.7,1.0
5,2018,12000,1,26000.0,4,145,62.8,1.0
5,2018,12299,1,8800.0,4,145,65.7,1.0
5,2019,12299,1,4132.0,4,145,48.7,1.1
5,2019,15899,1,3572.0,4,145,60.1,1.0
8,2016,16499,1,36209.0,0,125,56.5,2.0
8,2016,15899,1,39886.0,0,125,56.5,2.0
18,2017,16899,1,36791.0,0,145,56.5,2.0
5,2019,16299,2,10233.0,4,145,48.7,1.0
6,2017,11499,1,35763.0,4,125,51.4,1.5
6,2019,17899,1,6880.0,4,145,60.1,1.0
2,2017,11299,1,15506.0,4,145,53.3,1.0
5,2017,9799,1,25999.0,4,145,64.2,1.1
2,2019,16199,1,9808.0,4,145,51.4,1.0
2,2018,12499,1,25174.0,4,145,54.3,1.0
18,2017,16599,1,42385.0,0,145,56.5,2.0
18,2017,19799,1,30008.0,0,145,56.5,2.0
6,2016,10799,1,11294.0,4,20,60.1,1.0
5,2018,9699,1,37700.0,4,145,65.7,1.0
13,2019,17799,1,9708.0,0,145,54.3,1.5
13,2017,18000,1,18140.0,0,145,60.1,2.0
5,2019,16699,2,7147.0,4,145,48.7,1.0
5,2019,14699,1,7556.0,4,145,60.1,1.0
5,2019,14899,1,8614.0,4,145,60.1,1.0
5,2019,15399,1,7957.0,4,145,55.4,1.0
5,2019,14899,1,9063.0,4,145,58.9,1.0
5,2019,15000,1,10097.0,4,145,55.4,1.0
5,2019,12899,1,7949.0,4,145,56.5,1.0
1,2017,11199,1,24543.0,4,30,55.4,1.0
18,2017,19199,1,26577.0,0,145,56.5,2.0
6,2018,11999,1,13072.0,4,145,57.7,1.0
5,2018,11899,1,7657.0,4,145,58.9,1.0
6,2017,11599,1,38590.0,0,145,74.3,1.5
5,2017,10799,1,11224.0,4,145,65.7,1.0
5,2019,15499,1,7175.0,4,145,55.4,1.0
6,2017,11599,1,36539.0,0,0,74.3,1.5
6,2017,10899,1,44864.0,4,145,60.1,1.0
6,2014,8500,1,44654.0,0,0,74.3,1.5
5,2019,16499,2,8291.0,4,145,48.7,1.0
13,2017,15000,1,24244.0,0,125,60.1,2.0
6,2017,15499,2,29984.0,0,30,61.4,2.0
1,2017,10899,1,20303.0,0,20,68.9,1.5
13,2019,18299,1,11119.0,0,145,38.2,2.0
5,2017,9699,1,23424.0,4,20,62.8,1.0
6,2018,15399,1,14693.0,4,145,51.4,1.5
13,2015,10199,2,66576.0,0,145,52.3,2.0
2,2018,16699,2,5266.0,4,145,48.7,1.0
3,2016,19499,2,30265.0,0,160,48.7,2.0
5,2017,9999,1,13823.0,4,145,65.7,1.0
5,2016,10199,1,17810.0,4,20,62.8,1.0
6,2017,13299,1,14889.0,0,145,74.3,1.5
6,2018,16399,1,17609.0,4,145,60.1,1.0
5,2018,10500,1,8631.0,4,145,65.7,1.0
2,2017,10299,1,30963.0,4,125,52.3,1.0
6,2017,10699,1,22625.0,0,0,74.3,1.5
13,2016,14499,1,32000.0,0,125,60.1,2.0
6,2017,10399,1,38697.0,4,145,61.4,1.0
6,2017,9699,1,47843.0,4,145,60.1,1.0
14,2015,9500,1,45506.0,0,20,68.9,2.0
2,2018,14499,1,23387.0,4,145,54.3,1.0
6,2018,13500,1,16612.0,4,145,57.7,1.0
6,2018,12500,1,18101.0,4,145,57.7,1.0
6,2018,12500,1,25264.0,4,145,57.7,1.0
12,2017,5750,1,81942.0,4,150,57.7,1.2
2,2015,8000,1,37617.0,4,125,53.3,1.0
2,2017,10995,2,8800.0,4,165,44.8,1.5
13,2017,14995,0,8800.0,4,240,38.2,1.5
5,2017,8495,1,15000.0,4,150,54.3,1.2
13,2018,16499,1,13900.0,0,145,60.1,2.0
6,2019,15999,1,14296.0,4,145,60.1,1.0
5,2017,9499,1,12000.0,4,125,54.3,1.2
5,2017,8699,1,21149.0,4,125,54.3,1.2
13,2015,10499,1,45594.0,0,125,60.1,2.0
6,2018,11899,1,9673.0,4,145,61.4,1.0
6,2014,8999,1,31335.0,0,20,67.3,1.6
6,2016,14499,1,41148.0,4,200,41.5,2.0
5,2017,12399,1,24016.0,4,145,47.9,1.6
9,2017,11899,1,47178.0,0,30,64.2,1.5
5,2017,10500,1,12440.0,4,145,65.7,1.0
13,2017,14199,1,29375.0,0,145,64.2,1.5
2,2018,14799,1,23109.0,4,145,51.4,1.0
2,2019,14499,1,2222.0,4,145,54.3,1.0
5,2017,10299,1,10709.0,4,145,64.2,1.1
5,2017,9799,1,9857.0,4,125,54.3,1.2
6,2017,9299,1,41844.0,4,145,60.1,1.0
13,2015,15399,1,21533.0,0,145,54.3,2.0
5,2018,9500,1,31119.0,4,145,65.7,1.0
13,2018,17000,1,30646.0,0,145,60.1,2.0
5,2018,12299,1,7956.0,4,145,65.7,1.0
5,2018,11500,1,3938.0,4,145,55.4,1.1
6,2017,10999,1,16251.0,4,145,60.1,1.0
2,2018,12899,1,7562.0,4,145,54.3,1.0
12,2018,8599,1,8755.0,4,145,57.7,1.2
13,2019,18199,1,300.0,0,145,38.2,2.0
2,2019,15799,1,7791.0,4,145,53.3,1.0
13,2019,18999,1,6888.0,0,145,38.2,2.0
12,2018,8199,1,21000.0,4,145,47.9,1.2
13,2019,18399,1,12403.0,4,145,35.3,1.5
5,2017,10499,1,12190.0,4,145,65.7,1.0
5,2018,15999,2,11893.0,4,145,54.3,1.0
5,2015,8199,2,18110.0,4,145,47.9,1.6
5,2018,16199,1,13041.0,4,145,40.3,1.5
13,2019,20999,1,4185.0,4,145,35.3,1.5
13,2018,16499,1,10589.0,0,145,54.3,1.5
12,2017,8099,1,9630.0,4,145,57.7,1.2
5,2017,8499,1,18227.0,4,0,65.7,1.0
13,2019,21999,0,10566.0,4,145,29.4,1.5
5,2016,8699,1,18841.0,4,0,65.7,1.0
6,2015,10699,1,21462.0,4,125,51.4,1.5
5,2016,8995,1,33840.0,4,20,62.8,1.0
13,2018,17495,1,20898.0,0,150,60.1,2.0
3,2017,20495,1,19175.0,0,150,48.7,2.0
0,2017,10995,1,15543.0,4,150,57.7,1.0
6,2018,11995,1,12662.0,4,150,60.1,1.0
6,2018,12495,1,20144.0,4,150,57.7,1.0
5,2019,11495,1,3296.0,4,150,55.4,1.1
13,2018,15495,1,16055.0,0,150,60.1,2.0
5,2017,7495,1,31020.0,4,150,54.3,1.2
5,2017,10995,1,12792.0,4,150,65.7,1.0
13,2015,11108,1,41943.0,0,125,60.1,2.0
5,2016,7250,1,26133.0,4,0,65.7,1.0
5,2016,8820,1,25590.0,4,0,65.7,1.0
0,2017,8400,1,22682.0,0,0,74.4,1.5
1,2015,8000,2,58979.0,0,125,58.9,2.0
0,2014,6500,1,65516.0,0,20,70.6,1.6
5,2017,10490,1,20458.0,4,20,62.8,1.0
1,2017,10890,1,19687.0,0,20,68.9,1.5
5,2015,7610,1,43394.0,4,20,62.8,1.0
2,2016,10505,2,23839.0,4,160,44.8,1.5
6,2017,11500,2,14482.0,4,125,51.4,1.0
0,2014,5295,2,71000.0,4,165,44.1,1.6
6,2017,17495,1,27669.0,4,205,41.5,2.0
5,2018,12495,1,15500.0,4,150,58.9,1.0
2,2018,16500,2,6247.0,4,145,44.1,1.0
1,2013,7300,1,22593.0,4,30,55.4,1.0
13,2019,20700,2,2998.0,0,145,47.9,2.0
12,2019,13000,1,662.0,4,145,43.5,1.2
12,2019,13350,1,423.0,4,145,43.5,1.2
5,2018,14999,1,7030.0,4,145,60.1,1.0
5,2019,12999,1,12362.0,4,145,60.1,1.0
13,2017,12699,1,36710.0,0,145,64.2,1.5
13,2018,18999,1,8100.0,0,145,47.9,2.0
13,2019,19799,1,3721.0,0,145,47.9,2.0
1,2017,11799,1,15376.0,0,20,68.9,1.5
6,2018,11999,1,20186.0,4,145,57.7,1.0
5,2018,13699,1,13000.0,4,145,55.4,1.0
5,2018,9499,1,33876.0,4,145,65.7,1.0
5,2018,12899,1,10591.0,4,145,58.9,1.0
13,2019,19699,1,9968.0,0,145,38.2,2.0
16,2019,23699,1,1218.0,4,145,50.4,1.0
6,2019,18299,1,4287.0,0,145,62.8,1.5
12,2019,11599,1,5376.0,4,145,43.5,1.2
12,2019,11299,1,4884.0,4,145,43.5,1.2
2,2020,16999,1,836.0,4,145,51.4,1.0
6,2020,20999,1,1501.0,0,145,80.7,1.5
2,2018,13999,1,11625.0,4,145,54.3,1.0
13,2018,14500,1,28991.0,0,145,64.2,1.5
12,2017,7999,1,19707.0,4,145,57.7,1.2
2,2019,16399,1,3419.0,4,145,52.3,1.0
5,2019,12499,1,17115.0,4,145,58.9,1.0
5,2018,9999,1,35259.0,4,145,65.7,1.0
13,2018,16199,1,24492.0,0,145,54.3,2.0
13,2018,18999,1,22989.0,0,145,54.3,2.0
13,2015,13299,1,21662.0,0,145,54.3,2.0
5,2018,9699,1,32421.0,4,145,65.7,1.0
5,2019,14399,1,6051.0,4,145,58.9,1.0
5,2017,9999,1,28488.0,4,145,65.7,1.0
6,2018,18999,1,15761.0,4,145,41.5,2.0
6,2019,17999,0,14989.0,0,145,67.3,1.5
5,2019,15499,1,6339.0,4,145,58.9,1.0
12,2019,11799,1,2032.0,4,145,43.5,1.2
13,2018,16499,2,31316.0,0,145,54.3,2.0
1,2016,10299,2,9320.0,0,20,64.2,1.5
3,2017,21999,2,15600.0,0,160,48.7,2.0
18,2017,18799,1,23278.0,0,125,51.4,2.0
1,2017,9799,1,15280.0,0,20,68.9,1.5
5,2019,15499,1,3370.0,4,145,60.1,1.0
5,2017,11500,1,8937.0,4,0,65.7,1.0
1,2016,10199,2,9320.0,0,20,64.2,1.5
5,2014,5995,1,55000.0,4,0,65.7,1.0
6,2017,10799,1,32194.0,0,0,74.3,1.5
13,2019,20999,0,12598.0,4,145,31.0,1.5
6,2018,19999,1,9560.0,4,145,41.5,2.0
2,2017,9999,1,16785.0,0,30,64.2,1.5
6,2015,6999,1,65419.0,0,0,74.3,1.5
14,2016,9499,1,61223.0,0,0,78.5,1.5
3,2019,32499,2,6852.0,0,145,37.2,2.0
2,2020,16999,1,1812.0,4,145,52.3,1.0
2,2020,16999,1,775.0,4,145,51.4,1.0
13,2019,18399,1,7758.0,0,145,47.9,2.0
5,2019,16499,1,9751.0,4,145,55.4,1.0
6,2017,8799,1,52946.0,4,145,60.1,1.0
5,2018,10999,1,20498.0,4,145,56.5,1.0
6,2018,18999,1,11258.0,4,145,41.5,2.0
5,2016,10399,1,6782.0,4,0,65.7,1.0
5,2018,13799,1,13000.0,4,145,55.4,1.0
1,2017,12299,1,12035.0,4,30,55.4,1.0
5,2019,15500,1,4918.0,4,145,58.9,1.0
5,2019,14500,1,11498.0,4,145,58.9,1.0
8,2018,19199,2,25700.0,0,145,52.3,2.0
18,2017,18399,1,32331.0,0,145,56.5,2.0
6,2019,18999,1,9121.0,4,145,58.9,1.0
6,2019,16299,1,13592.0,4,145,60.1,1.0
13,2019,17499,1,11692.0,0,145,47.9,2.0
6,2019,17999,1,4451.0,4,145,60.1,1.0
12,2018,7799,1,16658.0,4,145,57.7,1.2
5,2018,10199,1,34981.0,4,145,65.7,1.0
5,2019,13499,1,9855.0,4,145,56.5,1.0
5,2018,10899,1,14763.0,4,145,58.9,1.0
6,2017,11599,1,23436.0,4,145,60.1,1.0
14,2018,14999,1,25199.0,4,145,48.7,1.5
18,2017,18999,1,24434.0,0,145,56.5,2.0
14,2020,22999,2,6897.0,0,145,58.9,2.0
6,2017,18399,1,21000.0,4,145,41.5,2.0
5,2017,10199,1,14251.0,4,145,65.7,1.0
13,2017,17799,0,18370.0,4,145,38.2,1.5
13,2019,19599,1,4297.0,0,145,47.9,2.0
13,2017,14999,1,20668.0,0,145,60.1,2.0
0,2017,10699,2,11051.0,4,145,44.1,1.6
5,2016,8999,1,32332.0,4,125,54.3,1.2
9,2019,12899,1,18065.0,4,145,47.9,1.0
1,2018,11999,1,15800.0,0,145,58.9,1.5
5,2019,16399,2,8227.0,4,145,48.7,1.0
6,2017,11199,1,22625.0,0,0,74.3,1.5
6,2018,13500,1,14769.0,0,145,74.3,1.5
1,2017,9920,1,23357.0,4,145,55.4,1.0
6,2015,8250,1,39557.0,0,0,74.3,1.5
11,2013,3999,1,60000.0,4,30,57.7,1.2
5,2017,11180,2,7456.0,4,145,54.3,1.0
6,2019,15199,1,12892.0,4,145,60.1,1.0
5,2018,9899,1,9310.0,4,145,65.7,1.0
5,2018,10499,1,12289.0,4,145,65.7,1.0
5,2018,10799,1,34312.0,4,145,65.7,1.0
5,2018,10599,1,7363.0,4,145,55.4,1.1
13,2019,19499,1,11359.0,0,145,38.2,2.0
16,2019,23999,1,871.0,4,145,50.4,1.0
6,2018,12399,1,29099.0,0,145,74.3,1.5
6,2019,17499,1,8588.0,4,145,60.1,1.0
2,2018,12899,1,14877.0,0,145,68.9,1.5
5,2018,11799,1,15119.0,4,145,60.1,1.0
6,2018,13899,1,14563.0,0,145,80.7,1.5
5,2019,12999,1,15263.0,4,145,55.4,1.0
13,2017,16999,1,11980.0,0,145,60.1,2.0
13,2017,16799,1,25503.0,0,145,54.3,2.0
16,2019,19990,1,3068.0,4,145,50.4,1.0
2,2017,10900,1,8748.0,4,145,52.3,1.0
5,2018,11200,1,16323.0,4,145,65.7,1.0
5,2018,13200,0,16466.0,4,145,54.3,1.0
9,2017,10600,1,31125.0,0,145,64.2,1.5
2,2019,16600,1,4874.0,4,145,51.4,1.0
6,2018,13790,0,17643.0,4,145,51.4,1.0
13,2017,16699,1,14448.0,0,145,60.1,2.0
5,2019,16299,2,7569.0,4,145,48.7,1.0
13,2019,20000,1,4144.0,4,145,35.3,1.5
13,2018,15799,1,13500.0,0,145,60.1,2.0
6,2017,14499,0,12572.0,4,145,46.3,1.5
6,2017,12799,2,13768.0,4,145,51.4,1.0
6,2019,18899,1,5687.0,4,145,51.4,1.5
18,2016,16499,1,33071.0,0,125,43.5,2.0
5,2017,10299,1,21152.0,4,145,65.7,1.0
5,2018,9499,1,15567.0,4,145,64.2,1.1
5,2017,9399,1,18401.0,4,145,65.7,1.0
5,2019,13399,1,7990.0,4,145,56.5,1.0
2,2018,12699,1,7924.0,4,145,54.3,1.0
2,2017,10999,2,11963.0,4,160,44.8,1.5
6,2014,12399,1,30388.0,4,235,39.2,2.0
5,2017,11499,1,12485.0,4,0,65.7,1.0
5,2017,9299,1,14226.0,4,0,65.7,1.0
5,2018,13299,1,8207.0,4,145,58.9,1.0
5,2019,12699,1,10735.0,4,145,58.9,1.0
6,2019,17499,1,3169.0,4,145,60.1,1.0
13,2017,18499,2,23041.0,0,145,54.3,2.0
6,2019,18900,1,1318.0,4,145,60.1,1.0
5,2019,14300,1,14711.0,4,145,58.9,1.0
6,2017,17890,1,26181.0,4,145,41.5,2.0
5,2016,9490,1,23698.0,4,20,62.8,1.0
6,2020,20490,0,6041.0,0,145,67.3,1.5
5,2019,12990,1,3497.0,4,145,55.4,1.1
5,2018,12340,1,4103.0,4,145,58.9,1.0
5,2020,17990,2,2425.0,4,145,40.9,1.0
5,2020,19990,1,2629.0,4,145,55.4,1.0
6,2020,20990,1,1853.0,4,145,49.6,1.0
6,2020,22490,1,3492.0,4,145,60.1,1.0
5,2019,13800,1,10521.0,4,145,55.4,1.0
5,2019,15290,1,7512.0,4,145,60.1,1.0
5,2017,8700,1,28438.0,4,0,65.7,1.0
5,2017,8990,1,26262.0,4,0,65.7,1.0
2,2018,15390,0,2240.0,4,145,48.7,1.0
2,2016,9990,1,21743.0,4,125,53.3,1.0
6,2018,13490,1,17299.0,0,145,74.3,1.5
6,2018,13290,1,20275.0,0,145,74.3,1.5
5,2019,15190,1,1678.0,4,145,60.1,1.0
13,2014,9990,1,61590.0,0,160,47.9,2.0
5,2014,7721,1,66941.0,4,145,47.9,1.6
5,2013,5830,1,32179.0,4,30,54.3,1.2
5,2013,7820,1,17066.0,4,0,65.7,1.0
5,2013,5990,1,45055.0,4,30,54.3,1.2
6,2019,16990,1,10194.0,4,150,58.9,1.0
5,2017,10790,1,17764.0,4,150,65.7,1.0
2,2017,9290,1,38454.0,4,125,53.3,1.0
5,2016,10700,0,7117.0,4,0,57.7,1.0
18,2019,24190,1,13301.0,0,145,54.3,2.0
5,2018,11994,1,33651.0,4,145,65.7,1.0
6,2014,7490,1,53998.0,0,20,67.3,1.6
5,2019,12290,1,1720.0,4,145,58.9,1.0
5,2017,10490,1,11203.0,4,0,65.7,1.0
5,2017,8700,1,7657.0,4,0,65.7,1.0
5,2017,8950,1,36246.0,4,145,65.7,1.0
5,2018,11810,1,6013.0,4,145,58.9,1.0
5,2017,10095,1,19469.0,4,145,65.7,1.0
8,2016,19290,2,17136.0,0,145,52.3,2.0
5,2015,9495,1,42746.0,4,145,47.9,1.6
6,2019,14695,1,13257.0,4,145,58.9,1.0
5,2018,11990,1,8146.0,4,150,65.7,1.0
5,2014,7190,1,40885.0,0,0,76.4,1.5
13,2019,21495,0,6128.0,4,145,31.0,1.5
5,2017,8495,1,23300.0,4,125,54.3,1.2
5,2013,9495,1,30000.0,4,150,47.9,1.6
5,2013,6000,1,35000.0,4,30,54.3,1.2
13,2019,18599,1,8116.0,0,145,54.3,1.5
6,2019,20199,1,7782.0,0,145,74.3,1.5
5,2019,13199,1,1659.0,4,145,48.7,1.1
1,2016,9699,1,9536.0,4,160,44.1,1.6
6,2018,16499,1,6324.0,0,145,74.3,1.5
6,2019,14000,1,15952.0,0,145,80.7,1.5
6,2019,17699,1,3205.0,4,145,60.1,1.0
5,2019,15499,1,6739.0,4,145,60.1,1.0
5,2018,10699,1,25139.0,4,145,56.5,1.0
5,2019,16299,1,2452.0,4,145,40.3,1.5
6,2018,18890,1,15450.0,4,145,41.5,2.0
6,2017,15440,1,19877.0,4,145,41.5,2.0
6,2017,19290,1,12989.0,4,145,41.5,2.0
13,2016,16690,2,34569.0,0,145,52.3,2.0
5,2019,13500,1,9565.0,4,145,55.4,1.0
6,2017,19990,1,17049.0,4,145,41.5,2.0
13,2018,14500,1,14110.0,0,145,54.3,1.5
13,2017,19995,2,22667.0,0,145,54.3,2.0
5,2018,11490,1,23884.0,4,145,65.7,1.0
6,2019,15990,1,10865.0,4,145,60.1,1.0
5,2016,8990,1,36293.0,4,20,62.8,1.0
14,2017,15390,0,18290.0,4,145,44.8,1.5
5,2017,10990,1,10427.0,4,145,65.7,1.0
5,2019,13800,1,11425.0,4,145,55.4,1.0
5,2018,13499,1,5238.0,4,145,61.4,1.0
6,2017,12999,2,16943.0,4,125,51.4,1.0
0,2017,10399,2,10606.0,4,145,44.1,1.6
5,2019,11999,1,17115.0,4,145,58.9,1.0
8,2016,16299,1,35029.0,0,125,56.5,2.0
14,2017,12500,0,45346.0,0,145,58.9,2.0
18,2016,19000,2,35665.0,0,145,54.3,2.0
13,2018,17895,0,18180.0,4,150,38.2,1.5
14,2017,14990,1,16098.0,0,145,64.2,2.0
13,2017,15490,1,34442.0,0,125,60.1,2.0
8,2019,24399,1,16764.0,0,145,55.4,2.0
5,2018,10590,1,7100.0,4,145,65.7,1.0
6,2019,19000,0,2256.0,0,145,74.3,1.5
5,2019,15299,1,6283.0,4,145,60.1,1.0
6,2015,8595,2,31000.0,4,160,44.8,1.6
5,2018,11499,2,35113.0,4,145,54.3,1.0
13,2018,16499,1,5964.0,0,145,47.9,2.0
5,2018,13699,1,14173.0,4,145,58.9,1.0
6,2019,18499,1,1286.0,4,145,58.9,1.0
6,2019,17299,1,5013.0,4,145,60.1,1.0
5,2018,12500,1,12411.0,4,145,62.8,1.0
2,2018,13000,1,11133.0,0,145,68.9,1.5
13,2019,25799,2,3295.0,0,145,38.7,2.0
5,2019,14999,1,9101.0,4,145,58.9,1.0
5,2019,15199,1,7124.0,4,145,55.4,1.0
5,2019,16299,2,7646.0,4,145,48.7,1.0
1,2017,11500,1,9786.0,4,30,55.4,1.0
5,2019,16599,2,4803.0,4,145,48.7,1.0
1,2016,9899,1,28889.0,4,30,55.4,1.0
6,2017,16899,1,16222.0,0,145,67.3,2.0
6,2017,17899,1,16601.0,4,200,41.5,2.0
5,2017,10000,1,6653.0,4,0,65.7,1.0
5,2019,15399,1,281.0,4,145,58.9,1.0
1,2018,12399,1,18363.0,4,145,55.4,1.0
3,2019,32397,2,1461.0,0,145,37.2,2.0
5,2017,8989,1,8867.0,4,145,54.3,1.2
6,2015,8499,1,70232.0,0,0,74.3,1.5
6,2018,15999,1,22334.0,4,145,41.5,2.0
5,2018,11499,2,33846.0,4,145,54.3,1.0
13,2018,14999,1,44934.0,0,145,64.2,1.5
5,2019,14599,1,7036.0,4,145,58.9,1.0
5,2019,13799,1,14389.0,4,145,55.4,1.0
5,2016,8299,1,32332.0,4,125,54.3,1.2
12,2018,9699,1,12698.0,4,145,43.5,1.2
6,2019,18000,1,9520.0,4,145,46.3,1.5
6,2019,26000,1,4486.0,4,145,34.5,2.3
5,2019,14000,1,4000.0,4,145,56.5,1.0
12,2019,11250,1,3000.0,4,145,43.5,1.2
5,2017,12000,2,18104.0,4,145,54.3,1.0
13,2018,18250,1,6148.0,0,145,39.2,2.0
6,2018,16000,0,25181.0,0,145,74.3,1.5
5,2018,12498,2,20735.0,4,145,54.3,1.0
6,2016,11555,2,10136.0,4,125,51.4,1.0
5,2018,9999,1,27500.0,4,145,65.7,1.0
14,2015,11599,1,24229.0,4,145,48.7,1.5
5,2018,8999,1,25907.0,4,145,64.2,1.1
5,2017,9499,1,19893.0,4,145,65.7,1.0
5,2017,9938,1,13195.0,4,0,65.7,1.0
13,2017,16007,0,12143.0,4,145,38.2,1.5
8,2017,17958,1,36123.0,0,125,56.5,2.0
1,2016,11999,1,22000.0,0,20,68.9,1.5
13,2017,13799,1,30953.0,0,125,60.1,2.0
5,2018,11699,1,6000.0,4,145,65.7,1.0
2,2016,8614,1,27000.0,0,30,64.2,1.5
13,2017,14699,1,9000.0,0,125,60.1,2.0
5,2019,18499,1,9100.0,4,145,40.3,1.5
5,2020,15699,1,50.0,4,145,56.5,1.0
5,2020,15199,1,50.0,4,145,56.5,1.0
5,2019,14499,1,8721.0,4,145,58.9,1.0
5,2018,12399,1,11028.0,4,145,56.5,1.0
5,2018,13770,1,8087.0,4,145,58.9,1.0
5,2018,9999,1,27919.0,4,145,65.7,1.0
5,2019,12999,1,17500.0,4,145,56.5,1.0
13,2019,18999,1,9911.0,0,145,47.9,2.0
13,2019,21999,1,5900.0,0,145,47.9,2.0
6,2019,16999,1,8900.0,4,145,60.1,1.0
5,2017,8594,1,14899.0,4,125,54.3,1.2
2,2017,10499,1,23453.0,4,125,52.3,1.0
8,2016,16620,1,40885.0,0,125,56.5,2.0
18,2017,15699,2,24553.0,0,125,52.3,2.0
5,2019,16099,2,8291.0,4,145,48.7,1.0
5,2019,13199,1,7343.0,4,145,58.9,1.0
5,2018,10999,1,18800.0,4,145,65.7,1.0
5,2019,14199,1,13353.0,4,145,58.9,1.0
8,2017,18799,1,33695.0,0,125,56.5,2.0
5,2019,16599,2,4682.0,4,145,48.7,1.0
2,2019,15000,1,6777.0,4,145,53.3,1.0
13,2017,15499,0,17980.0,4,235,38.2,1.5
5,2017,9599,1,18593.0,4,0,65.7,1.0
6,2017,11200,1,18832.0,4,145,60.1,1.0
12,2019,9750,1,8500.0,4,145,47.9,1.2
5,2019,12500,1,15000.0,4,145,56.5,1.0
5,2016,7490,1,45853.0,0,0,88.3,1.5
5,2015,6600,1,33400.0,4,0,65.7,1.0
5,2019,20750,1,2000.0,4,145,40.3,1.5
13,2017,17000,0,10453.0,4,145,38.2,1.5
0,2017,10250,1,15364.0,4,30,55.4,1.0
5,2018,11550,1,13921.0,4,150,65.7,1.0
0,2013,5495,2,52209.0,4,160,44.1,1.6
5,2014,6970,1,42894.0,0,0,76.4,1.5
5,2017,9990,2,28405.0,4,0,57.7,1.0
5,2018,11100,1,5974.0,4,145,65.7,1.0
5,2018,11495,1,4505.0,4,145,58.9,1.0
6,2018,13295,1,18695.0,4,145,58.9,1.0
6,2019,17195,1,9510.0,4,145,60.1,1.0
6,2019,17150,1,10633.0,4,145,60.1,1.0
6,2019,17195,1,10342.0,4,145,60.1,1.0
2,2018,13195,1,13491.0,4,145,54.3,1.0
6,2018,11090,1,18602.0,4,145,60.1,1.0
6,2019,15400,1,13423.0,4,145,58.9,1.0
5,2017,9750,1,12513.0,4,0,65.7,1.0
6,2019,18250,1,4365.0,4,145,47.9,1.0
5,2018,15250,1,14108.0,4,145,62.8,1.0
5,2018,12700,1,9900.0,4,145,57.7,1.0
6,2017,10250,2,29719.0,4,160,44.8,1.6
0,2017,10000,1,29990.0,4,145,57.7,1.0
5,2018,10500,1,13106.0,4,150,55.4,1.1
5,2018,14500,1,17626.0,4,150,62.8,1.0
13,2015,12327,0,23905.0,4,235,38.2,1.5
5,2017,7695,2,31895.0,4,145,47.9,1.6
0,2016,7990,2,13446.0,4,160,44.1,1.6
2,2018,11990,2,14335.0,4,150,48.7,1.0
13,2017,10990,1,32974.0,0,150,64.2,1.5
0,2014,5750,1,51090.0,4,30,55.4,1.0
5,2015,7250,1,35524.0,4,0,65.7,1.0
6,2016,8995,1,18943.0,4,20,60.1,1.0
2,2018,12295,1,8206.0,4,145,54.3,1.0
6,2016,8995,1,12482.0,4,20,61.4,1.0
6,2016,12195,1,68690.0,4,205,41.5,2.0
6,2018,12195,1,11821.0,4,145,60.1,1.0
5,2015,7199,1,42357.0,4,0,65.7,1.0
5,2018,12299,1,5161.0,4,145,65.7,1.0
5,2015,8899,1,24695.0,4,0,65.7,1.0
2,2018,14400,1,15493.0,4,150,54.3,1.0
6,2017,15495,1,34702.0,0,150,67.3,2.0
6,2019,18400,1,5334.0,4,150,60.1,1.0
6,2019,18495,1,6275.0,4,150,60.1,1.0
5,2018,10990,1,9798.0,4,150,65.7,1.0
2,2017,8990,1,32570.0,4,150,52.3,1.0
5,2017,9995,1,11200.0,4,0,65.7,1.0
5,2017,8595,1,27183.0,4,0,65.7,1.0
5,2018,9995,1,29582.0,4,145,65.7,1.0
5,2017,8650,1,16509.0,4,145,54.3,1.2
5,2017,9495,1,17840.0,4,0,65.7,1.0
13,2019,19100,1,12245.0,4,145,35.3,1.5
6,2017,17795,1,16919.0,4,145,41.5,2.0
12,2018,8300,1,6771.0,4,150,57.7,1.2
13,2018,18250,1,12789.0,4,150,39.2,1.5
6,2017,10900,1,16159.0,4,20,60.1,1.0
5,2019,16499,2,407.0,4,145,48.7,1.0
5,2020,16999,1,12.0,4,145,56.5,1.0
5,2018,10099,1,2290.0,4,145,65.7,1.0
6,2019,16599,0,12238.0,4,145,48.7,1.0
6,2014,6699,1,37773.0,4,145,47.9,1.6
5,2017,11199,1,2942.0,4,145,65.7,1.0
5,2016,7599,1,32332.0,4,125,54.3,1.2
2,2019,15850,1,3682.0,4,145,51.4,1.0
8,2018,18000,2,34715.0,0,145,52.3,2.0
5,2018,9900,1,32423.0,4,145,65.7,1.0
5,2018,10350,1,33564.0,4,145,65.7,1.0
5,2018,9600,1,28822.0,4,145,65.7,1.0
13,2019,19795,0,13437.0,4,145,31.0,1.5
13,2017,15195,0,20688.0,4,235,38.2,1.5
13,2017,15200,0,22516.0,4,235,38.2,1.5
6,2019,18495,1,7846.0,4,145,58.9,1.0
5,2018,11100,1,17742.0,4,145,62.8,1.0
13,2019,19995,1,3504.0,4,145,35.3,1.5
13,2017,15495,0,18676.0,4,235,38.2,1.5
6,2018,18795,1,14076.0,4,145,41.5,2.0
0,2018,8995,1,38404.0,4,145,57.7,1.0
6,2019,18250,1,7641.0,4,145,60.1,1.0
5,2015,10150,1,12317.0,4,0,65.7,1.0
5,2017,8500,1,25469.0,4,125,54.3,1.2
5,2018,13950,1,1700.0,4,145,58.9,1.0
6,2019,17250,1,8000.0,4,145,60.1,1.0
2,2019,16750,1,2000.0,4,145,52.3,1.0
6,2019,15000,1,8702.0,4,145,58.9,1.0
5,2017,12500,2,3925.0,4,0,57.7,1.0
9,2018,16699,1,2542.0,4,145,47.1,1.0
13,2017,15799,1,29000.0,0,125,60.1,2.0
1,2017,10599,1,37187.0,0,145,68.9,1.5
5,2019,15200,1,7809.0,4,145,58.9,1.0
5,2019,15299,1,7221.0,4,145,58.9,1.0
5,2019,16099,2,7374.0,4,145,48.7,1.0
0,2017,9899,1,4629.0,4,145,47.1,1.4
5,2019,16499,1,7683.0,4,145,58.9,1.0
6,2018,14400,1,7056.0,0,145,80.7,1.5
13,2016,13799,1,28362.0,0,145,54.3,2.0
13,2018,17899,1,18419.0,4,145,39.2,1.5
6,2018,14199,1,21853.0,0,145,74.3,1.5
6,2017,10299,1,30806.0,0,145,74.3,1.5
13,2018,15799,1,10586.0,0,145,54.3,1.5
5,2018,12000,1,9749.0,4,145,65.7,1.0
5,2019,16399,2,7408.0,4,145,48.7,1.0
6,2019,18700,1,9654.0,4,145,51.4,1.5
6,2019,17395,1,1672.0,0,145,62.8,1.5
13,2019,18800,1,6036.0,4,145,39.2,1.5
6,2018,18400,1,17128.0,0,145,67.3,2.0
5,2018,9290,1,21454.0,4,145,65.7,1.0
5,2019,16200,1,11096.0,4,150,55.4,1.0
6,2018,13095,1,14295.0,4,150,60.1,1.0
9,2018,11795,1,21965.0,4,145,54.3,1.0
6,2019,15795,1,8581.0,4,145,58.9,1.0
5,2018,14995,2,33618.0,4,150,54.3,1.0
5,2017,9000,1,19470.0,4,145,64.2,1.1
5,2017,10500,2,16767.0,4,30,57.7,1.0
6,2017,16980,2,32000.0,0,145,61.4,2.0
5,2017,10991,1,5244.0,4,150,62.8,1.0
6,2017,9495,2,40196.0,4,145,51.4,1.0
18,2019,23795,1,14233.0,0,145,54.3,2.0
5,2018,9900,1,33996.0,4,145,65.7,1.0
13,2019,19895,0,11498.0,4,145,31.0,1.5
5,2017,8295,1,36836.0,4,0,65.7,1.0
0,2017,10000,2,10606.0,4,145,44.1,1.6
6,2018,11500,1,23202.0,4,145,60.1,1.0
14,2015,10000,1,45506.0,0,20,68.9,2.0
5,2018,10699,1,7487.0,4,145,65.7,1.0
5,2018,11000,1,16104.0,4,145,65.7,1.0
2,2019,15799,1,4949.0,4,145,51.4,1.0
20,2019,20000,1,1390.0,0,145,61.4,1.5
16,2019,23999,1,1606.0,4,145,50.4,1.0
1,2015,10000,1,45888.0,0,20,68.9,1.5
6,2019,15500,1,13323.0,4,145,58.9,1.0
5,2019,13500,1,5022.0,4,145,58.9,1.0
6,2013,7099,1,49460.0,0,125,56.5,2.0
5,2018,11299,1,25979.0,4,145,65.7,1.0
13,2017,13299,1,33000.0,0,145,64.2,1.5
13,2018,18000,1,11770.0,0,145,60.1,2.0
6,2017,12699,1,16286.0,4,145,57.7,1.0
5,2016,8599,1,33589.0,4,20,62.8,1.0
13,2019,19500,1,3196.0,4,145,35.3,1.5
5,2019,12699,1,2420.0,4,145,48.7,1.1
13,2019,21999,1,6623.0,0,145,47.9,2.0
6,2018,19000,1,17127.0,4,145,41.5,2.0
3,2019,32000,0,12607.0,0,145,37.2,2.0
6,2019,16500,1,3088.0,0,145,74.3,1.5
5,2020,14500,1,18.0,4,145,56.5,1.0
5,2018,11900,1,9003.0,4,145,58.9,1.0
14,2017,14250,1,7147.0,4,150,48.7,1.5
2,2018,13800,1,12202.0,4,150,54.3,1.0
6,2017,10750,1,21224.0,4,150,60.1,1.0
2,2016,9000,1,22438.0,4,165,44.8,1.5
2,2017,9750,1,31917.0,4,150,52.3,1.0
5,2017,10500,1,22578.0,4,145,65.7,1.0
6,2018,12500,1,5813.0,4,145,60.1,1.0
3,2017,22099,2,15349.0,0,200,47.9,2.0
5,2017,12399,2,4512.0,4,0,57.7,1.0
13,2019,19799,1,7519.0,4,145,35.3,1.5
6,2017,18299,1,13014.0,4,200,41.5,2.0
2,2017,10099,1,10778.0,0,30,64.2,1.5
6,2018,12000,1,13696.0,4,145,60.1,1.0
6,2019,16800,1,1786.0,4,145,60.1,1.0
5,2019,12000,1,4377.0,4,145,58.9,1.0
6,2017,18500,1,7640.0,4,145,41.5,2.0
5,2018,14000,1,4096.0,4,145,58.9,1.0
6,2018,20500,1,6004.0,4,145,41.5,2.0
0,2017,11900,1,15171.0,4,145,57.7,1.0
5,2017,10500,1,7362.0,4,145,65.7,1.0
5,2018,12750,1,3391.0,4,145,56.5,1.0
5,2019,16000,1,11.0,4,145,58.9,1.0
5,2018,11350,1,12588.0,4,145,60.1,1.0
5,2018,13791,2,11517.0,4,145,54.3,1.0
5,2015,8495,2,18058.0,4,150,47.9,1.6
5,2014,8195,2,25000.0,4,145,47.9,1.6
5,2016,10995,0,4000.0,4,145,47.9,1.6
5,2016,9995,2,11000.0,4,145,47.9,1.6
15,2017,48999,0,7546.0,4,145,23.5,5.0
5,2019,22495,1,8000.0,4,145,40.3,1.5
6,2018,54995,1,11000.0,4,145,36.7,2.3
15,2017,49999,1,21575.0,4,145,20.9,5.0
5,2015,13995,1,29865.0,4,150,47.9,1.6
6,2016,9000,1,29586.0,4,20,61.4,1.0
14,2017,15250,1,19652.0,0,30,62.8,2.0
6,2018,13000,2,14119.0,4,150,51.4,1.0
6,2016,8900,1,24095.0,4,20,60.1,1.0
6,2019,29000,0,1500.0,0,145,64.2,2.0
2,2017,9200,1,21559.0,4,150,52.3,1.0
6,2017,15000,1,28887.0,4,150,41.5,2.0
6,2019,17750,1,7288.0,4,150,60.1,1.0
5,2018,12000,1,11444.0,4,150,62.8,1.0
6,2019,17750,1,6653.0,4,150,49.6,1.0
14,2018,15333,1,12083.0,0,145,65.7,2.0
13,2017,14777,1,10233.0,0,125,60.1,2.0
6,2016,8551,1,36026.0,4,20,60.1,1.0
5,2015,6987,1,25535.0,4,30,54.3,1.2
13,2014,7771,1,71671.0,0,145,53.3,2.0
1,2014,6662,1,30918.0,0,30,61.4,1.6
13,2017,13331,1,21223.0,0,125,60.1,2.0
6,2015,11111,1,14282.0,4,20,60.1,1.0
14,2016,9311,1,56500.0,4,150,48.7,1.5
3,2017,22511,2,25725.0,0,145,47.9,2.0
13,2019,20000,1,3463.0,4,145,35.3,1.5
2,2017,9300,1,28697.0,4,145,52.3,1.0
0,2014,7300,1,38200.0,4,30,57.7,1.0
6,2019,16300,1,4210.0,4,150,58.9,1.0
5,2019,13000,1,6207.0,4,150,56.5,1.0
5,2019,11500,1,20450.0,0,150,58.9,1.5
5,2017,12000,2,17506.0,4,0,57.7,1.0
5,2013,7500,1,25373.0,4,0,65.7,1.0
5,2016,10500,0,3410.0,4,0,57.7,1.0
5,2018,11000,1,19800.0,4,150,65.7,1.0
5,2018,11000,1,18000.0,4,150,65.7,1.0
5,2018,13200,1,8095.0,4,150,58.9,1.0
5,2018,11000,1,10177.0,4,150,65.7,1.0
6,2019,17000,0,4500.0,4,150,50.4,1.0
6,2019,16200,1,6090.0,4,150,58.9,1.0
6,2018,17000,1,5700.0,4,150,60.1,1.0
5,2019,13400,1,3440.0,4,150,56.5,1.0
6,2018,13300,2,9305.0,4,150,51.4,1.0
14,2016,11500,2,47273.0,0,125,58.9,2.0
13,2017,15999,0,9960.0,4,235,38.2,1.5
5,2017,9950,1,13808.0,4,0,65.7,1.0
5,2018,11000,1,9540.0,4,145,65.7,1.0
13,2018,20250,1,4368.0,4,145,39.2,1.5
6,2019,17500,1,1757.0,4,145,53.3,1.5
14,2016,15500,0,24531.0,1,0,67.3,2.0
5,2018,11250,1,14900.0,4,145,65.7,1.0
6,2018,19500,1,17501.0,4,145,41.5,2.0
3,2019,33000,0,4694.0,0,145,37.2,2.0
6,2017,18500,1,5713.0,4,145,41.5,2.0
6,2018,18495,1,13938.0,4,145,41.5,2.0
13,2017,17995,2,39061.0,0,145,54.3,2.0
21,2019,24000,1,10012.0,0,150,35.3,2.0
6,2018,15300,1,7267.0,0,145,74.3,1.5
13,2018,22500,0,717.0,4,145,31.0,1.5
12,2017,7500,1,16994.0,4,145,57.7,1.2
5,2018,11700,1,11552.0,4,145,65.7,1.0
5,2018,11500,1,17500.0,4,145,62.8,1.0
5,2018,11100,1,15145.0,4,145,65.7,1.0
5,2017,9200,1,8081.0,4,150,54.3,1.2
5,2017,9500,1,11279.0,4,150,65.7,1.0
2,2018,14600,1,7545.0,4,150,54.3,1.0
5,2017,10000,1,14858.0,4,150,65.7,1.0
12,2019,9800,1,4413.0,4,150,47.9,1.2
5,2018,9500,1,21590.0,4,145,65.7,1.0
8,2016,16000,1,28139.0,4,160,43.5,1.5
2,2017,11250,2,9148.0,4,160,44.8,1.5
5,2019,12300,1,60.0,4,145,58.9,1.0
5,2018,11000,1,28528.0,4,145,65.7,1.0
13,2018,16990,0,18129.0,4,150,38.2,1.5
13,2016,12490,1,28989.0,0,125,60.1,2.0
6,2017,10995,1,36704.0,0,0,74.3,1.5
13,2018,15295,1,6522.0,4,145,45.6,1.5
6,2016,6995,1,51606.0,4,20,61.4,1.0
5,2015,6495,1,58693.0,0,0,78.5,1.6
2,2015,7441,1,33600.0,4,160,44.8,1.5
11,2015,5572,1,10573.0,4,30,57.7,1.2
5,2016,8232,1,27325.0,4,125,54.3,1.2
14,2016,11501,1,48401.0,0,30,64.2,2.0
5,2019,17500,1,6200.0,4,145,40.3,1.5
5,2018,15000,1,3973.0,4,145,60.1,1.0
6,2016,8700,1,27638.0,4,20,61.4,1.0
6,2017,12000,1,6179.0,0,145,74.3,1.5
5,2019,16800,2,7744.0,4,145,48.7,1.0
5,2019,17000,2,4928.0,4,145,48.7,1.0
5,2019,15800,1,6469.0,4,145,55.4,1.0
5,2019,15300,1,9231.0,4,145,60.1,1.0
5,2019,15700,1,5250.0,4,145,60.1,1.0
13,2019,19500,1,8101.0,4,145,35.3,1.5
5,2019,13500,1,6241.0,4,145,56.5,1.0
6,2016,11495,1,8389.0,4,20,60.1,1.0
6,2017,12995,1,12595.0,4,20,60.1,1.0
2,2016,10195,1,14368.0,0,30,64.2,1.5
5,2017,8995,1,16537.0,4,0,65.7,1.0
5,2018,11490,1,34575.0,4,145,65.7,1.0
5,2017,13200,1,5924.0,4,150,47.9,1.6
5,2017,10990,1,11000.0,4,150,65.7,1.0
12,2017,7490,1,23253.0,4,150,57.7,1.2
6,2019,27490,1,4127.0,0,145,50.4,2.0
5,2019,12995,0,11148.0,4,145,65.7,1.0
13,2019,17700,1,8273.0,0,145,38.2,2.0
5,2019,13690,1,8514.0,4,145,56.5,1.0
5,2017,9690,1,11197.0,4,125,54.3,1.2
6,2017,12490,1,25892.0,0,0,74.3,1.5
5,2018,10690,1,33811.0,4,145,65.7,1.0
5,2018,10068,1,29907.0,4,145,65.7,1.0
13,2019,18890,1,13301.0,0,145,54.3,1.5
5,2017,8990,1,35401.0,4,150,65.7,1.0
5,2018,11800,1,17309.0,4,145,61.4,1.0
13,2018,14500,1,25451.0,0,145,64.2,1.5
6,2019,16200,1,2982.0,4,145,58.9,1.0
5,2018,10000,1,9670.0,4,145,65.7,1.0
5,2018,9600,1,11266.0,4,145,64.2,1.1
3,2019,33000,2,10.0,0,145,37.2,2.0
6,2016,8800,1,22872.0,4,20,61.4,1.0
5,2017,11200,1,7678.0,4,145,65.7,1.0
13,2016,18495,0,10713.0,4,235,38.2,1.5
5,2018,10900,1,9417.0,4,145,65.7,1.0
13,2014,12390,1,18962.0,0,125,60.1,2.0
5,2016,9990,1,23730.0,4,20,62.8,1.0
6,2019,17940,1,3546.0,4,145,49.6,1.0
2,2019,17200,1,3209.0,4,145,51.4,1.0
6,2019,27200,1,4288.0,4,145,34.5,2.3
5,2018,12800,1,4103.0,4,145,58.9,1.0
2,2019,19194,1,9.0,4,145,53.3,1.0
5,2020,17760,1,5.0,4,145,58.9,1.0
5,2019,17000,1,5401.0,4,145,60.1,1.0
13,2017,20200,0,8973.0,4,145,38.2,1.5
5,2018,12290,1,32877.0,4,145,65.7,1.0
2,2017,10290,1,11436.0,4,145,52.3,1.0
5,2018,9990,1,15868.0,4,145,64.2,1.1
12,2017,7990,1,12194.0,4,145,57.7,1.2
6,2018,11490,1,5937.0,4,150,60.1,1.0
2,2015,8200,1,24352.0,4,125,52.3,1.0
5,2019,15995,1,1044.0,4,145,60.1,1.0
6,2019,18495,1,6771.0,4,145,60.1,1.0
6,2018,15890,1,5857.0,4,145,58.9,1.0
6,2017,12990,1,4883.0,4,20,60.1,1.0
2,2016,9990,1,20891.0,4,125,53.3,1.0
6,2016,9990,1,25580.0,0,0,74.3,1.5
13,2019,19990,1,6124.0,0,150,47.9,2.0
5,2017,7990,1,11240.0,4,150,54.3,1.2
5,2019,14990,1,1637.0,4,145,56.5,1.0
6,2016,15990,1,98987.0,4,205,41.5,2.0
6,2013,6500,1,47950.0,4,30,56.5,1.0
13,2017,11990,1,25994.0,4,150,45.6,1.5
6,2017,10790,1,8000.0,4,150,61.4,1.0
13,2018,15990,1,22898.0,0,150,54.3,2.0
6,2017,12690,1,20988.0,0,145,74.3,1.5
6,2018,12690,1,16834.0,4,145,60.1,1.0
6,2018,13490,1,26634.0,0,145,74.3,1.5
13,2019,18390,1,1654.0,4,145,34.4,1.5
13,2019,18100,1,16617.0,4,145,39.2,1.5
13,2017,17790,1,8154.0,0,145,60.1,2.0
18,2017,19800,1,19090.0,0,125,51.4,2.0
6,2017,12495,1,23722.0,0,0,74.3,1.5
6,2016,10295,1,38113.0,0,0,74.3,1.5
6,2017,15700,1,19877.0,4,145,41.5,2.0
5,2016,7990,1,59138.0,4,0,65.7,1.0
2,2019,14500,1,554.0,4,145,53.3,1.0
6,2017,11100,1,26000.0,4,20,60.1,1.0
13,2017,14495,1,26078.0,0,145,60.1,2.0
5,2019,14600,1,11273.0,4,145,60.1,1.0
5,2019,14990,1,11719.0,4,145,60.1,1.0
2,2020,20790,1,22.0,4,145,53.3,1.0
5,2019,11990,1,19309.0,0,145,88.3,1.5
5,2017,10990,1,13432.0,4,145,62.8,1.0
5,2019,15490,1,8512.0,4,145,60.1,1.0
6,2018,15490,1,12900.0,4,145,60.1,1.0
5,2016,8990,1,18200.0,4,0,65.7,1.0
5,2017,9490,1,12000.0,4,145,64.2,1.1
2,2018,14790,1,11750.0,4,145,53.3,1.0
5,2018,16890,2,6400.0,4,145,48.7,1.0
5,2018,13490,0,12600.0,4,145,48.7,1.0
6,2018,14790,1,15750.0,4,145,58.9,1.0
6,2018,14990,0,15350.0,0,145,67.3,1.5
5,2015,7490,1,24500.0,0,0,76.4,1.5
2,2017,9490,1,8000.0,4,145,54.3,1.0
5,2019,17799,1,1058.0,4,145,58.9,1.0
16,2019,21250,1,3844.0,4,145,50.4,1.0
5,2020,18999,1,1323.0,4,145,40.3,1.5
5,2015,6500,1,41995.0,4,125,54.3,1.2
3,2017,19500,1,22457.0,0,145,48.7,2.0
2,2019,14699,1,5229.0,4,145,53.3,1.0
2,2018,11899,1,12667.0,0,145,68.9,1.5
8,2017,19299,1,40255.0,0,125,56.5,2.0
13,2017,15299,2,19978.0,0,145,58.9,1.5
3,2018,22299,1,4974.0,0,145,48.7,2.0
5,2016,10995,1,22000.0,4,145,47.9,1.6
13,2018,17995,1,9500.0,4,145,39.2,1.5
12,2017,7995,1,14000.0,4,145,57.7,1.2
14,2016,14690,1,9250.0,0,30,62.8,2.0
21,2017,19490,1,39250.0,0,145,44.8,2.0
8,2017,19990,1,18000.0,4,145,43.5,1.5
6,2017,16490,1,15750.0,4,145,41.5,2.0
2,2018,14490,1,18000.0,4,145,54.3,1.0
2,2018,13790,1,15000.0,4,145,54.3,1.0
6,2018,13490,1,18100.0,4,145,57.7,1.0
5,2017,8250,1,35924.0,4,0,65.7,1.0
5,2017,8500,1,30052.0,4,0,65.7,1.0
12,2019,9400,1,8378.0,4,145,47.9,1.2
5,2018,11700,1,19156.0,4,145,61.4,1.0
13,2016,10770,1,34914.0,0,125,60.1,2.0
5,2019,15990,1,8248.0,4,150,55.4,1.0
21,2017,19990,1,15000.0,0,145,46.3,2.0
1,2017,10970,1,14124.0,4,30,55.4,1.0
1,2015,11970,1,21000.0,0,20,68.9,1.5
5,2017,11370,2,8575.0,4,0,57.7,1.0
13,2017,15970,2,26649.0,0,150,54.3,2.0
16,2020,23970,1,899.0,4,150,49.6,1.0
6,2017,13270,2,11493.0,0,0,74.3,1.5
2,2017,9570,1,24379.0,0,30,64.2,1.5
13,2014,9990,2,46196.0,0,205,45.6,2.0
13,2018,18970,1,7239.0,0,150,64.2,1.5
6,2017,12470,1,17603.0,0,0,74.3,1.5
6,2013,8300,1,29078.0,4,145,47.9,1.6
5,2019,13750,1,5307.0,4,145,58.9,1.0
5,2018,9500,1,17066.0,4,145,64.2,1.1
5,2017,8250,1,35955.0,4,0,65.7,1.0
13,2018,20250,0,2139.0,4,150,31.0,1.5
6,2017,10250,1,28825.0,4,150,60.1,1.0
6,2014,10999,1,44537.0,4,235,39.2,2.0
6,2016,17499,1,17663.0,4,200,41.5,2.0
13,2017,15495,2,32000.0,0,125,58.9,1.5
3,2017,19995,1,15500.0,0,150,48.7,2.0
13,2016,13795,1,38000.0,0,125,60.1,2.0
5,2015,8995,1,30200.0,4,20,62.8,1.0
18,2017,17495,2,30000.0,0,145,52.3,2.0
13,2017,15770,1,9037.0,0,30,64.2,1.5
6,2017,12170,2,11634.0,4,125,51.4,1.0
13,2017,15170,1,4924.0,4,165,45.6,1.5
13,2017,15270,0,24570.0,4,240,38.2,1.5
13,2017,14770,1,19277.0,4,160,45.6,1.5
13,2017,18470,2,32839.0,0,150,54.3,2.0
5,2019,14970,1,4061.0,4,150,60.1,1.0
5,2019,18970,1,10540.0,4,150,40.3,1.5
5,2019,15470,1,3888.0,4,145,58.9,1.0
6,2015,8000,2,48895.0,4,165,44.8,1.6
2,2018,14770,2,2500.0,4,150,48.7,1.0
2,2017,11170,2,16762.0,4,165,44.8,1.5
13,2019,22470,0,9801.0,4,150,29.4,1.5
2,2019,16570,1,11960.0,4,150,52.3,1.0
5,2017,7790,1,28510.0,4,0,65.7,1.0
5,2018,10370,1,34292.0,4,150,65.7,1.0
5,2017,10270,1,12741.0,4,150,65.7,1.0
6,2017,13270,1,13131.0,4,20,58.9,1.0
18,2017,16990,1,18748.0,0,125,56.5,2.0
1,2017,12570,1,19211.0,4,30,55.4,1.0
5,2018,10990,1,15650.0,4,145,65.7,1.0
13,2018,18490,1,10000.0,4,145,45.6,1.5
6,2018,15990,0,12500.0,0,145,67.3,1.5
5,2017,8990,1,19000.0,4,145,65.7,1.0
5,2018,13990,2,9000.0,4,145,48.7,1.0
6,2018,13990,1,16500.0,4,145,58.9,1.0
5,2018,12490,1,7250.0,4,145,65.7,1.0
2,2018,15490,1,10000.0,4,145,54.3,1.0
2,2018,14990,1,9500.0,4,145,54.3,1.0
2,2019,15990,1,7750.0,4,145,53.3,1.0
6,2017,11670,1,26754.0,0,145,74.3,1.5
6,2018,18000,1,10435.0,4,145,41.5,2.0
5,2019,16570,2,6705.0,4,145,48.7,1.0
3,2019,32470,2,3157.0,0,145,37.2,2.0
6,2018,19990,0,8500.0,0,145,64.2,2.0
5,2018,11490,1,17050.0,4,145,65.7,1.0
6,2017,11990,2,3600.0,4,125,51.4,1.0
5,2018,10990,1,8700.0,4,145,65.7,1.0
5,2016,8295,1,10981.0,4,125,54.3,1.2
2,2015,7995,1,33288.0,4,125,52.3,1.0
8,2017,19790,1,35545.0,0,125,56.5,2.0
5,2017,10290,2,24032.0,4,0,57.7,1.0
8,2016,20995,2,20486.0,0,145,52.3,2.0
13,2015,12995,1,44970.0,0,145,54.3,2.0
13,2017,13970,0,19316.0,4,240,38.2,1.5
13,2019,21970,1,2644.0,0,150,39.2,2.0
6,2019,18770,0,9162.0,0,150,54.3,1.5
13,2018,21570,2,16276.0,0,150,54.3,2.0
2,2017,10970,2,15825.0,4,165,44.8,1.5
5,2017,11970,2,5478.0,4,150,57.7,1.0
18,2019,25470,1,13000.0,0,150,54.3,2.0
5,2018,12870,1,10119.0,4,145,58.9,1.0
5,2018,9590,1,35955.0,4,145,65.7,1.0
12,2019,9400,1,6254.0,4,145,47.9,1.2
13,2018,19270,2,6855.0,0,145,42.2,2.0
8,2017,18170,1,27203.0,0,125,56.5,2.0
5,2019,14970,2,9546.0,4,145,48.7,1.0
5,2017,10470,1,5330.0,4,0,65.7,1.0
13,2019,17970,1,15732.0,4,145,39.2,1.5
2,2019,15950,2,2898.0,4,145,45.6,1.0
13,2018,16100,1,14721.0,0,150,47.9,2.0
5,2013,6150,1,50267.0,4,30,54.3,1.2
6,2019,28000,1,3038.0,4,145,34.5,2.3
2,2018,16000,1,3198.0,0,145,58.9,1.5
12,2017,8250,1,8778.0,4,150,57.7,1.2
0,2017,11299,1,15482.0,4,145,57.7,1.0
5,2017,8699,1,8711.0,4,145,65.7,1.0
6,2018,11599,1,19064.0,4,145,61.4,1.0
13,2018,18399,1,3326.0,0,145,47.9,2.0
5,2019,14100,1,3285.0,4,145,58.9,1.0
6,2018,12799,1,8968.0,4,145,60.1,1.0
5,2019,15599,1,7558.0,4,145,55.4,1.0
13,2018,22000,2,9555.0,0,145,54.3,2.0
5,2018,12900,1,3000.0,4,145,60.1,1.0
6,2018,18000,1,5000.0,4,145,58.9,1.0
13,2017,18800,2,19799.0,0,145,54.3,2.0
13,2016,13100,1,36972.0,0,125,60.1,2.0
2,2017,9500,1,29005.0,0,145,64.2,1.5
5,2016,9300,2,19152.0,4,145,47.9,1.6
5,2017,9000,1,26136.0,4,150,65.7,1.0
5,2018,13000,1,11500.0,4,150,65.7,1.0
6,2018,13500,1,12100.0,4,150,57.7,1.0
13,2018,16500,1,14000.0,0,150,60.1,2.0
5,2019,11500,1,7540.0,4,145,55.4,1.1
5,2015,9500,2,21975.0,4,150,47.9,1.6
5,2019,11000,1,3346.0,4,150,55.4,1.1
13,2018,17500,1,10256.0,0,150,60.1,2.0
5,2018,10500,1,5500.0,4,150,55.4,1.1
6,2019,15300,1,10700.0,4,150,60.1,1.0
6,2018,14000,1,5614.0,4,145,60.1,1.0
6,2018,14199,1,2500.0,0,145,74.3,1.5
6,2018,16399,1,10720.0,0,145,67.3,2.0
6,2019,19000,1,6510.0,4,145,58.9,1.0
6,2019,14400,1,20893.0,4,150,60.1,1.0
5,2018,10700,1,29100.0,4,150,65.7,1.0
6,2019,14200,1,4598.0,0,150,80.7,1.5
5,2016,6200,1,43435.0,4,125,54.3,1.2
13,2018,19300,2,19000.0,0,150,54.3,2.0
5,2017,9700,1,7450.0,4,150,64.2,1.1
13,2017,14000,1,20010.0,0,125,60.1,2.0
5,2015,7695,1,26514.0,4,0,65.7,1.0
13,2015,13500,0,37574.0,4,235,38.2,1.5
5,2018,10400,1,6169.0,4,145,55.4,1.1
12,2019,9400,1,6954.0,4,145,47.9,1.2
5,2017,9970,1,21956.0,4,145,65.7,1.0
5,2017,10490,1,20394.0,4,145,65.7,1.0
12,2019,9490,1,10439.0,4,145,47.9,1.2
13,2019,23570,1,4665.0,0,145,37.7,2.0
2,2019,15970,1,6435.0,4,145,51.4,1.0
5,2017,10170,1,16092.0,4,145,65.7,1.0
6,2019,17250,0,7013.0,0,145,64.2,2.0
3,2019,30970,2,7055.0,0,145,37.2,2.0
5,2013,9270,1,31368.0,4,145,47.9,1.6
6,2018,11150,1,15180.0,4,150,60.1,1.0
5,2017,10850,1,16498.0,4,0,65.7,1.0
9,2018,15970,2,1587.0,0,150,51.4,1.5
18,2017,19570,0,27434.0,4,265,35.8,2.0
2,2020,18470,1,726.0,4,150,51.4,1.0
1,2019,14970,1,1534.0,4,150,48.7,1.0
2,2019,15000,1,7999.0,4,150,53.3,1.0
13,2017,17470,0,14155.0,4,240,38.2,1.5
6,2018,17970,1,19254.0,4,150,41.5,2.0
6,2018,14000,1,7506.0,4,145,60.1,1.0
6,2019,27000,1,9737.0,4,145,34.5,2.3
5,2018,10850,1,10527.0,4,145,65.7,1.0
6,2017,16400,1,25771.0,0,20,67.3,2.0
6,2017,17500,1,17959.0,4,200,41.5,2.0
6,2017,16000,1,20283.0,0,145,67.3,2.0
6,2018,15950,1,9987.0,4,145,58.9,1.0
18,2016,17000,1,17793.0,4,160,43.5,1.5
13,2017,15800,1,14079.0,0,145,64.2,1.5
5,2016,9500,2,19671.0,4,145,47.9,1.6
6,2019,17500,1,7876.0,4,150,49.6,1.0
5,2019,11000,1,3617.0,4,150,55.4,1.1
6,2017,16500,1,28189.0,4,145,41.5,2.0
5,2018,14000,1,3595.0,4,145,58.9,1.0
6,2019,15000,1,22856.0,4,145,49.6,1.0
6,2018,14600,1,11033.0,4,145,58.9,1.0
5,2015,7900,1,23897.0,4,0,65.7,1.0
13,2019,17400,1,9397.0,0,145,45.6,1.5
8,2017,18500,0,19921.0,0,145,52.3,2.0
5,2018,14500,1,14698.0,4,145,62.8,1.0
5,2017,12000,2,8538.0,4,0,57.7,1.0
13,2019,20500,1,3600.0,4,145,35.3,1.5
5,2018,10500,1,9684.0,4,145,65.7,1.0
13,2018,14700,1,25352.0,0,145,64.2,1.5
5,2017,10799,1,12644.0,4,145,62.8,1.0
6,2017,10000,2,38729.0,4,125,51.4,1.0
6,2019,17800,1,4000.0,4,150,58.9,1.0
6,2017,13800,0,12000.0,4,150,46.3,1.5
5,2016,6500,1,60587.0,4,0,65.7,1.0
6,2018,14000,1,4589.0,4,150,57.7,1.0
5,2017,8695,1,20878.0,4,145,65.7,1.0
2,2017,8490,1,30300.0,4,160,44.8,1.5
5,2018,11200,1,6339.0,4,145,65.7,1.0
2,2020,19000,1,10.0,4,145,52.3,1.0
13,2019,20700,1,5990.0,4,145,35.3,1.5
5,2018,10500,1,13557.0,4,145,65.7,1.0
5,2018,11500,1,3327.0,4,145,65.7,1.0
13,2019,20000,1,1387.0,4,145,39.2,1.5
6,2019,17000,1,6000.0,4,145,58.9,1.0
2,2019,17500,1,4500.0,4,150,53.3,1.0
13,2018,17950,1,12000.0,0,150,60.1,2.0
6,2019,18000,1,6500.0,4,150,49.6,1.0
13,2017,13500,1,27500.0,0,145,64.2,1.5
13,2018,14800,1,26450.0,0,145,60.1,2.0
13,2019,19500,1,11799.0,0,145,39.2,2.0
2,2019,15500,1,3161.0,4,145,53.3,1.0
6,2016,12200,2,15357.0,0,30,64.2,2.0
5,2018,12000,1,10313.0,4,145,65.7,1.0
6,2019,17000,1,7600.0,4,145,58.9,1.0
6,2017,17500,1,16950.0,4,200,41.5,2.0
5,2016,11000,2,6994.0,4,0,57.7,1.0
5,2018,10500,1,10132.0,4,145,65.7,1.0
5,2019,17000,1,2841.0,4,145,40.3,1.5
5,2019,14500,1,8365.0,4,145,58.9,1.0
5,2018,11200,1,7634.0,4,145,65.7,1.0
5,2018,10500,1,9535.0,4,145,65.7,1.0
6,2017,16500,1,22730.0,0,145,67.3,2.0
10,2019,19500,0,3942.0,0,145,56.6,1.5
5,2019,15500,1,3754.0,4,145,55.4,1.0
13,2019,20700,1,990.0,0,145,38.2,2.0
13,2019,20000,1,6000.0,0,145,38.2,2.0
13,2013,10000,2,56742.0,0,200,45.6,2.0
13,2015,11200,1,29811.0,0,125,60.1,2.0
5,2019,14800,1,656.0,4,145,56.5,1.0
12,2019,9991,1,3214.0,4,150,47.9,1.2
5,2019,16991,2,3584.0,4,150,48.7,1.0
5,2019,16991,2,3969.0,4,150,48.7,1.0
2,2019,18991,2,5091.0,4,150,44.1,1.0
3,2017,20495,2,34270.0,0,145,47.9,2.0
1,2014,8295,2,40000.0,0,160,50.4,2.0
5,2018,13820,1,13800.0,4,145,55.4,1.0
6,2018,13100,1,8478.0,4,150,60.1,1.0
6,2019,16700,1,5126.0,4,150,58.9,1.0
6,2019,16500,1,5400.0,4,150,58.9,1.0
5,2017,10000,1,35651.0,4,150,65.7,1.0
5,2017,9000,1,18000.0,4,150,64.2,1.1
0,2014,7000,1,22000.0,0,20,68.9,1.5
1,2019,15000,2,4590.0,4,145,37.2,1.5
6,2015,9000,1,18741.0,4,20,60.1,1.0
2,2018,12000,1,13000.0,4,150,54.3,1.0
2,2017,10000,1,9500.0,4,150,52.3,1.0
5,2018,9990,1,26886.0,4,150,58.9,1.0
5,2016,9490,1,15652.0,4,0,65.7,1.0
14,2017,16991,2,36957.0,0,150,56.5,2.0
6,2017,15991,1,46604.0,4,150,41.5,2.0
5,2018,11000,1,20385.0,4,150,62.8,1.0
6,2019,30359,1,2068.0,4,150,34.5,2.3
5,2019,16991,2,1247.0,4,150,48.7,1.0
5,2019,16991,2,2890.0,4,150,48.7,1.0
6,2019,17991,1,1232.0,0,150,61.4,1.5
2,2017,9991,2,31155.0,4,150,44.8,1.5
6,2019,26000,1,8480.0,4,145,34.5,2.3
12,2018,8000,1,11296.0,4,145,57.7,1.2
13,2019,20000,1,3689.0,0,145,38.2,2.0
6,2019,16000,1,6220.0,4,145,58.9,1.0
6,2019,17700,1,4000.0,4,145,58.9,1.0
5,2018,14000,1,8050.0,4,145,57.7,1.0
5,2017,8500,1,17975.0,4,0,65.7,1.0
5,2019,13000,1,879.0,4,145,58.9,1.0
6,2017,18500,1,12965.0,4,145,41.5,2.0
5,2018,10800,1,20465.0,4,145,65.7,1.0
8,2016,21500,2,10937.0,0,145,52.3,2.0
0,2017,10200,1,22314.0,4,30,57.7,1.0
13,2019,15500,1,9205.0,4,145,34.4,1.5
8,2019,27700,2,9513.0,0,145,46.3,2.0
12,2018,7623,1,10006.0,4,145,57.7,1.2
2,2019,16491,1,3982.0,4,150,51.4,1.0
18,2020,22991,1,51.0,0,150,47.1,2.0
12,2016,6991,1,23493.0,4,30,57.7,1.2
3,2016,16991,1,29886.0,0,165,48.7,2.0
6,2020,21990,0,1955.0,0,150,64.2,2.0
5,2018,8491,1,25087.0,4,150,64.2,1.1
6,2017,9991,1,22409.0,4,150,60.1,1.0
5,2017,12000,2,3914.0,4,145,47.9,1.6
5,2017,10800,2,7473.0,4,0,57.7,1.0
6,2019,17800,1,3200.0,4,145,58.9,1.0
6,2019,18200,1,7500.0,4,145,60.1,1.0
6,2019,16800,0,4000.0,0,145,67.3,1.5
5,2019,13500,1,5394.0,0,145,88.3,1.5
5,2019,12500,1,7808.0,4,145,65.7,1.0
13,2019,19500,1,12330.0,0,145,47.9,2.0
6,2019,17000,0,3790.0,0,145,64.2,2.0
9,2016,10800,1,33212.0,0,30,64.2,1.5
8,2019,27500,2,3763.0,0,145,54.3,2.0
13,2019,20000,1,6000.0,4,145,35.3,1.5
2,2017,11000,1,15843.0,0,145,64.2,1.5
13,2018,15100,1,19161.0,0,145,60.1,2.0
6,2019,17000,1,14000.0,4,145,60.1,1.0
13,2016,18500,1,43100.0,0,125,60.1,2.0
5,2019,13000,1,4777.0,4,145,56.5,1.0
5,2017,10800,1,19929.0,4,145,65.7,1.0
18,2017,19100,1,16050.0,0,145,56.5,2.0
5,2019,12500,1,7983.0,4,145,58.9,1.0
6,2018,17500,1,7356.0,4,145,41.5,2.0
5,2018,11300,1,13354.0,4,145,65.7,1.0
15,2017,28000,2,8470.0,4,570,23.5,5.0
5,2018,12700,1,23531.0,4,145,62.8,1.0
0,2017,10500,2,13988.0,4,160,44.1,1.6
5,2018,13100,1,9000.0,4,145,58.9,1.0
5,2018,10100,1,10985.0,4,145,55.4,1.1
13,2017,16500,1,20000.0,0,145,60.1,2.0
6,2019,15500,1,9204.0,4,145,58.9,1.0
5,2019,15100,1,9000.0,4,145,55.4,1.0
6,2018,14800,0,14654.0,0,145,67.3,1.5
5,2019,12500,1,1100.0,4,145,58.9,1.0
5,2016,9190,1,11860.0,4,0,65.7,1.0
5,2014,6890,1,35419.0,4,0,65.7,1.0
5,2018,9290,1,33328.0,4,145,65.7,1.0
2,2018,14790,1,7315.0,4,145,51.4,1.0
13,2019,18490,1,8319.0,0,145,47.9,2.0
13,2018,13690,1,15258.0,0,145,54.3,1.5
5,2018,10990,1,11238.0,4,145,65.7,1.0
5,2018,10490,1,5424.0,4,145,65.7,1.0
5,2019,14690,1,4247.0,4,145,60.1,1.0
6,2019,18690,1,3735.0,4,145,48.7,1.0
5,2018,9890,1,28298.0,4,145,65.7,1.0
5,2017,7990,1,26850.0,4,0,65.7,1.0
5,2017,8190,1,23898.0,4,0,65.7,1.0
5,2017,8490,1,20594.0,4,145,65.7,1.0
6,2017,10991,1,28081.0,4,145,60.1,1.0
6,2017,8841,1,67587.0,4,145,60.1,1.0
5,2017,8991,1,15009.0,4,145,54.3,1.2
6,2019,16990,1,3788.0,4,145,60.1,1.0
6,2019,16500,1,4974.0,4,145,58.9,1.0
5,2019,15200,1,4188.0,4,145,55.4,1.0
5,2016,9790,1,11660.0,4,0,65.7,1.0
5,2015,8990,1,16113.0,4,20,62.8,1.0
5,2019,13990,1,279.0,4,145,58.9,1.0
6,2019,22495,0,4294.0,0,145,64.2,2.0
16,2020,21991,1,1211.0,4,145,49.6,1.0
5,2020,18995,1,2561.0,4,145,49.6,1.0
16,2019,18990,1,2233.0,4,145,51.4,1.0
6,2018,17490,1,14657.0,4,150,41.5,2.0
2,2017,7990,1,41610.0,0,150,64.2,1.5
9,2019,14590,1,5417.0,0,145,56.5,1.5
18,2015,14990,2,55474.0,0,165,51.4,2.0
5,2018,10990,1,8183.0,4,150,65.7,1.0
12,2019,9490,1,10158.0,4,145,47.9,1.2
5,2018,10790,1,14890.0,4,145,65.7,1.0
6,2018,10990,1,22947.0,4,145,60.1,1.0
9,2016,10290,1,19373.0,0,30,64.2,1.5
6,2019,15000,1,13337.0,0,145,62.8,1.5
6,2019,17000,1,14146.0,4,145,46.3,1.5
6,2019,16000,1,8239.0,4,145,49.6,1.0
6,2019,16700,1,11281.0,4,145,49.6,1.0
5,2019,13000,1,11276.0,4,145,58.9,1.0
6,2019,15900,1,11540.0,4,145,48.7,1.0
6,2019,16500,1,14151.0,4,145,46.3,1.5
6,2019,15200,1,13574.0,4,145,49.6,1.0
6,2019,16700,0,12555.0,4,145,41.5,1.0
6,2018,11490,1,16823.0,4,145,60.1,1.0
5,2016,8990,1,30889.0,4,0,65.7,1.0
6,2017,11995,2,21553.0,4,145,51.4,1.0
3,2016,20595,2,28860.0,0,200,47.9,2.0
5,2017,12495,1,16139.0,4,145,47.9,1.6
5,2017,7995,1,47095.0,4,145,65.7,1.0
13,2017,17995,2,40085.0,0,145,54.3,2.0
5,2017,9595,1,11942.0,4,145,65.7,1.0
6,2017,13995,1,48534.0,0,20,67.3,2.0
5,2016,7995,1,32449.0,4,0,65.7,1.0
2,2019,16800,0,5177.0,4,145,44.1,1.0
6,2019,18000,1,7285.0,4,145,45.6,1.5
5,2019,13000,1,5728.0,4,145,56.5,1.0
5,2019,15800,2,10168.0,4,145,48.7,1.0
8,2019,24000,1,8307.0,0,145,55.4,2.0
5,2019,15000,1,3202.0,4,145,60.1,1.0
8,2019,28300,2,4311.0,0,145,54.3,2.0
18,2016,16790,1,33721.0,0,125,51.4,2.0
6,2018,11990,1,20312.0,4,145,57.7,1.0
6,2017,9991,1,43588.0,0,145,74.3,1.5
5,2018,8290,1,29841.0,4,145,64.2,1.1
6,2019,15200,1,13595.0,4,145,49.6,1.0
5,2018,10000,1,14285.0,4,150,55.4,1.1
14,2019,22000,0,10408.0,0,145,58.9,2.0
2,2018,14000,1,13912.0,4,150,54.3,1.0
13,2018,16500,2,11012.0,0,150,58.9,1.5
13,2015,14250,1,23019.0,0,150,54.3,2.0
5,2019,12500,1,8788.0,4,150,60.1,1.0
6,2017,10809,1,23930.0,0,0,74.3,1.5
5,2019,10699,1,8480.0,4,145,55.4,1.1
13,2019,17000,1,10042.0,0,145,47.9,2.0
5,2017,9250,1,29408.0,4,145,65.7,1.0
18,2016,17000,2,23012.0,0,125,52.3,2.0
2,2018,13000,1,19108.0,4,145,54.3,1.0
13,2018,18000,0,19706.0,0,145,47.9,2.0
13,2019,20000,1,8371.0,4,145,35.3,1.5
5,2014,8000,1,41327.0,4,0,65.7,1.0
2,2019,14700,1,1855.0,4,145,53.3,1.0
2,2019,16000,1,5202.0,4,145,52.3,1.0
5,2019,13800,1,8292.0,4,145,56.5,1.0
5,2019,14500,1,5268.0,4,145,60.1,1.0
5,2019,14000,1,3532.0,4,145,56.5,1.0
2,2019,17500,2,1692.0,4,145,45.6,1.0
2,2019,17000,1,581.0,4,145,52.3,1.0
2,2019,16900,1,3144.0,4,145,52.3,1.0
6,2019,19600,0,4537.0,4,145,39.2,1.5
2,2017,9000,1,25744.0,4,150,44.8,1.5
13,2017,16000,2,11779.0,0,150,58.9,1.5
5,2017,9000,1,15055.0,4,145,65.7,1.0
5,2017,9395,1,15055.0,4,145,65.7,1.0
5,2018,10500,1,35620.0,4,145,65.7,1.0
6,2019,16300,0,11228.0,4,145,48.7,1.0
14,2016,18750,2,9500.0,0,160,52.3,2.0
5,2018,9500,1,17685.0,4,145,64.2,1.1
2,2018,12150,1,8484.0,4,145,53.3,1.0
6,2019,17500,1,20.0,4,145,58.9,1.0
5,2016,10650,1,14440.0,4,0,65.7,1.0
5,2017,8500,1,23018.0,4,0,65.7,1.0
13,2017,13500,1,25799.0,0,150,64.2,1.5
5,2017,9500,1,9500.0,4,150,65.7,1.0
13,2019,19500,1,5785.0,4,150,35.3,1.5
6,2018,17500,1,14008.0,4,150,51.4,1.5
5,2018,10750,1,28714.0,4,150,65.7,1.0
5,2018,9750,1,14603.0,4,150,64.2,1.1
5,2017,10250,1,11752.0,4,150,65.7,1.0
2,2019,15500,1,2614.0,4,150,53.3,1.0
2,2019,15450,1,5053.0,4,150,51.4,1.0
6,2019,17990,1,2972.0,4,145,58.9,1.0
5,2017,8499,1,8748.0,4,145,65.7,1.0
13,2018,20750,0,5911.0,4,145,31.0,1.5
20,2017,13950,0,15852.0,0,145,56.6,1.5
6,2019,14450,1,16443.0,4,145,58.9,1.0
6,2019,15950,0,14190.0,4,145,50.4,1.0
1,2017,10000,1,20245.0,0,145,68.9,1.5
13,2018,16950,1,3376.0,0,145,54.3,1.5
0,2017,10450,1,16790.0,4,145,57.7,1.0
13,2019,26500,2,4153.0,0,145,42.2,2.0
5,2017,8250,1,35790.0,4,0,65.7,1.0
5,2017,8500,1,15915.0,4,145,65.7,1.0
0,2014,7600,1,21884.0,4,30,57.7,1.0
3,2017,20750,2,20045.0,0,160,48.7,2.0
13,2017,14450,1,23314.0,4,145,45.6,1.5
6,2019,24950,1,3881.0,0,145,50.4,2.0
6,2019,16450,1,4651.0,4,145,60.1,1.0
5,2018,10950,1,10302.0,4,145,65.7,1.0
6,2017,16950,1,15453.0,4,145,41.5,2.0
5,2018,12900,1,20.0,4,145,58.9,1.0
6,2018,17250,1,6324.0,4,145,60.1,1.0
5,2019,12850,1,5.0,4,145,48.7,1.1
6,2019,17500,1,5492.0,4,145,60.1,1.0
5,2020,15000,1,32.0,4,145,56.5,1.0
5,2020,14995,1,50.0,4,145,56.5,1.0
5,2020,15000,1,35.0,4,145,56.5,1.0
6,2018,11950,1,10041.0,4,145,60.1,1.0
6,2019,18450,0,4670.0,4,145,40.9,1.5
5,2019,17500,2,4026.0,4,145,48.7,1.0
5,2019,12450,1,350.0,4,145,58.9,1.0
5,2019,13950,1,10497.0,4,145,55.4,1.0
5,2019,13100,1,12634.0,4,145,58.9,1.0
2,2019,17500,2,1808.0,4,145,44.1,1.0
18,2019,25500,2,15519.0,0,145,51.4,2.0
5,2019,13100,1,13704.0,4,145,58.9,1.0
5,2019,13100,1,11869.0,4,145,58.9,1.0
5,2019,14300,1,1725.0,4,145,58.9,1.0
5,2019,16000,2,2154.0,4,145,48.7,1.0
5,2019,15700,2,5572.0,4,145,48.7,1.0
5,2019,13400,2,1661.0,4,145,48.7,1.0
2,2019,16400,2,4801.0,4,145,45.6,1.0
5,2017,11200,1,9477.0,4,150,65.7,1.0
5,2018,12500,1,9500.0,4,150,56.5,1.0
13,2019,18500,1,3801.0,0,150,38.2,2.0
5,2018,10500,1,10015.0,4,145,65.7,1.0
5,2014,7000,1,28598.0,4,0,65.7,1.0
6,2017,27000,1,3593.0,4,150,36.7,2.3
5,2016,9000,1,12005.0,4,0,65.7,1.0
13,2017,12519,1,16263.0,4,160,45.6,1.5
2,2018,16998,2,7918.0,4,145,44.1,1.0
14,2016,12990,0,42500.0,2,0,67.3,2.0
5,2017,10000,2,25511.0,4,0,57.7,1.0
6,2015,7791,1,32388.0,4,20,61.4,1.0
6,2017,10491,1,23273.0,0,145,74.3,1.5
14,2016,15891,0,11996.0,4,235,38.2,2.0
5,2019,14850,1,2587.0,4,145,58.9,1.0
1,2017,10500,1,14251.0,0,20,68.9,1.5
5,2018,14350,2,6517.0,4,145,48.7,1.0
6,2014,8000,2,30558.0,4,165,44.8,1.6
8,2016,17000,1,30416.0,0,125,56.5,2.0
8,2019,27300,1,5612.0,0,145,55.4,2.0
6,2018,13800,1,15476.0,4,145,57.7,1.0
0,2017,10500,2,10847.0,4,160,44.1,1.6
5,2018,11750,1,9512.0,4,145,65.7,1.0
6,2018,15000,1,3036.0,4,145,51.4,1.5
3,2017,20800,2,36763.0,0,200,47.9,2.0
6,2018,19500,1,16818.0,4,145,41.5,2.0
6,2019,17900,1,5051.0,4,145,60.1,1.0
11,2016,5000,1,55000.0,4,30,57.7,1.2
14,2016,15000,2,25100.0,0,125,57.7,2.0
13,2015,9500,1,55035.0,0,125,60.1,2.0
0,2013,5000,1,53161.0,4,150,47.1,1.4
5,2018,10500,1,9365.0,4,150,65.7,1.0
16,2019,21000,1,150.0,4,150,50.4,1.0
5,2020,15000,1,250.0,4,150,56.5,1.0
6,2020,20000,1,25.0,4,150,51.4,1.5
15,2020,41000,1,100.0,4,145,22.8,5.0
5,2018,11000,1,8500.0,4,150,65.7,1.0
6,2017,11491,2,44525.0,0,145,67.3,1.5
5,2019,14491,1,5120.0,4,150,56.5,1.0
6,2017,17991,1,17783.0,4,150,41.5,2.0
5,2019,13000,2,7005.0,4,145,48.7,1.0
5,2019,14250,2,7547.0,4,145,48.7,1.0
5,2016,10800,2,5546.0,4,145,47.9,1.6
5,2014,10500,2,14751.0,4,0,57.7,1.0
5,2017,9000,1,13532.0,4,145,64.2,1.1
5,2018,12500,1,13668.0,4,145,56.5,1.0
13,2013,10000,2,65110.0,0,205,45.6,2.0
14,2019,20750,1,2986.0,0,145,51.4,2.0
15,2019,45250,0,2500.0,4,145,22.1,5.0
2,2019,15995,1,6100.0,4,150,51.4,1.0
13,2017,14500,1,20937.0,0,150,60.1,2.0
14,2016,11250,1,32426.0,0,20,68.9,2.0
18,2016,16000,1,29509.0,0,125,56.5,2.0
6,2017,10750,2,30596.0,4,125,51.4,1.0
5,2019,14000,2,10274.0,4,150,48.7,1.0
5,2019,15800,1,2751.0,4,145,58.9,1.0
5,2017,10800,1,15941.0,4,0,65.7,1.0
5,2018,15800,2,6834.0,4,150,48.7,1.0
5,2016,8700,1,48934.0,4,145,47.9,1.6
13,2019,16800,1,10786.0,4,145,34.4,1.5
13,2017,18750,2,17074.0,0,150,54.3,2.0
6,2019,18250,0,4261.0,4,150,48.7,1.0
13,2017,14350,0,35550.0,4,150,38.2,1.5
5,2017,11100,2,3116.0,4,0,57.7,1.0
6,2017,18800,1,8813.0,4,145,41.5,2.0
13,2017,15000,1,30424.0,0,30,64.2,1.5
5,2018,10700,1,12372.0,0,145,85.6,1.5
2,2019,16000,2,4243.0,4,150,45.6,1.0
5,2018,13350,1,7256.0,4,150,65.7,1.0
13,2019,21000,1,3637.0,0,145,39.2,2.0
2,2017,10000,1,15800.0,4,145,52.3,1.0
5,2017,9250,1,13800.0,4,145,65.7,1.0
6,2018,11850,1,15363.0,4,145,60.1,1.0
13,2019,20500,1,9739.0,0,145,39.2,2.0
5,2016,9799,1,25419.0,4,20,62.8,1.0
6,2017,25499,1,28066.0,4,235,36.7,2.3
6,2019,16499,1,4615.0,4,145,58.9,1.0
6,2019,18999,1,3155.0,4,145,60.1,1.0
9,2016,10499,1,12884.0,4,30,54.3,1.0
5,2018,12299,1,9231.0,4,150,58.9,1.0
5,2018,10499,1,17056.0,4,150,65.7,1.0
5,2017,10299,1,19789.0,4,150,62.8,1.0
5,2020,15999,1,2012.0,4,145,60.1,1.0
2,2017,9200,1,17138.0,4,160,44.8,1.5
2,2019,16300,2,5512.0,4,150,45.6,1.0
5,2018,11000,1,9309.0,4,150,65.7,1.0
5,2017,10000,1,11956.0,4,0,65.7,1.0
6,2019,16000,1,7071.0,4,150,60.1,1.0
13,2018,16000,1,11681.0,0,150,64.2,1.5
1,2018,13000,1,12073.0,4,150,48.7,1.0
6,2016,11100,1,23038.0,4,20,61.4,1.0
5,2016,7750,1,36500.0,4,0,65.7,1.0
5,2017,7800,1,50709.0,4,145,64.2,1.1
5,2018,11250,1,12126.0,4,145,56.5,1.0
13,2017,14750,1,17444.0,0,125,60.1,2.0
9,2016,11250,1,19548.0,0,30,64.2,1.5
12,2018,7950,1,8056.0,4,145,57.7,1.2
5,2020,14500,1,40.0,4,145,56.5,1.0
6,2018,16000,1,124.0,4,145,60.1,1.0
6,2019,16500,1,2078.0,4,145,51.4,1.5
20,2016,13000,0,11297.0,0,125,56.6,1.5
12,2017,7600,1,8007.0,4,145,57.7,1.2
2,2018,14000,1,9654.0,4,145,54.3,1.0
13,2017,17800,2,22234.0,0,145,54.3,2.0
2,2019,17500,2,5387.0,4,150,44.1,1.0
5,2018,14000,1,15167.0,4,150,65.7,1.0
6,2017,10500,1,29461.0,4,20,60.1,1.0
13,2019,18250,1,12088.0,4,145,39.2,1.5
5,2019,13999,1,14755.0,4,145,58.9,1.0
5,2019,14499,1,10969.0,4,145,55.4,1.0
5,2019,14499,1,9905.0,4,145,55.4,1.0
5,2019,14499,1,12356.0,4,145,55.4,1.0
5,2019,14499,1,12783.0,4,145,55.4,1.0
5,2019,14499,1,8905.0,4,145,55.4,1.0
5,2019,14299,1,12024.0,4,145,60.1,1.0
5,2019,13999,1,6173.0,4,145,55.4,1.0
5,2019,15499,1,8971.0,4,145,55.4,1.0
13,2016,13699,1,22132.0,0,30,64.2,1.5
6,2017,10000,1,28935.0,0,145,74.3,1.5
8,2019,24500,2,7439.0,0,145,53.3,2.0
18,2019,24400,1,11704.0,0,145,54.3,2.0
6,2017,16000,1,22060.0,4,200,41.5,2.0
5,2015,10500,1,23640.0,4,145,47.9,1.6
6,2019,15400,1,10310.0,4,145,49.6,1.0
6,2019,17900,0,10611.0,4,145,42.8,1.0
6,2019,15700,1,5300.0,4,145,49.6,1.0
5,2019,13750,1,7156.0,4,145,58.9,1.0
6,2018,12000,1,12564.0,4,145,60.1,1.0
6,2018,17250,1,14831.0,4,145,41.5,2.0
5,2018,13000,1,31000.0,4,145,65.7,1.0
6,2018,14950,1,581.0,4,145,58.9,1.0
6,2019,26950,1,7042.0,0,145,50.4,2.0
14,2018,17500,0,3876.0,4,145,43.5,1.5
13,2018,15000,1,18801.0,4,150,45.6,1.5
2,2017,9750,1,12362.0,4,125,53.3,1.0
16,2019,21700,1,780.0,4,145,50.4,1.0
5,2020,16300,1,765.0,4,145,56.5,1.0
5,2016,9750,1,20178.0,4,0,65.7,1.0
2,2017,10950,1,14535.0,4,125,52.3,1.0
3,2018,21950,1,25134.0,0,145,47.9,2.0
13,2017,14250,1,25561.0,0,145,64.2,1.5
6,2017,17750,1,18022.0,0,145,67.3,2.0
5,2018,14500,1,5089.0,4,145,58.9,1.0
2,2017,10450,1,18129.0,4,145,52.3,1.0
3,2017,18950,1,18968.0,0,160,48.7,2.0
5,2019,13299,1,5139.0,4,145,56.5,1.0
5,2019,13399,1,6149.0,4,145,56.5,1.0
5,2017,12149,0,5889.0,4,0,57.7,1.0
6,2018,12299,1,21680.0,0,145,74.3,1.5
5,2018,12999,0,32366.0,4,145,54.3,1.0
5,2019,14499,1,7564.0,4,145,58.9,1.0
5,2019,14499,1,12744.0,4,145,55.4,1.0
5,2019,14499,1,12847.0,4,145,55.4,1.0
5,2019,14499,1,7800.0,4,145,58.9,1.0
5,2019,14499,1,8386.0,4,145,58.9,1.0
5,2017,8499,1,14988.0,4,150,64.2,1.1
6,2013,5499,1,56230.0,4,20,58.9,1.0
5,2018,9299,1,33615.0,4,145,65.7,1.0
6,2017,10499,1,37073.0,0,145,74.3,1.5
6,2017,9999,1,35293.0,0,0,74.3,1.5
18,2016,16299,0,16974.0,0,145,52.3,2.0
6,2018,13499,1,11277.0,4,145,57.7,1.0
13,2019,19199,1,13610.0,4,145,35.3,1.5
5,2018,12499,0,37127.0,4,145,54.3,1.0
2,2017,8999,1,31190.0,0,30,64.2,1.5
13,2018,19499,2,1514.0,0,145,58.9,1.5
5,2019,13999,1,2818.0,4,145,58.9,1.0
6,2019,18299,1,2667.0,4,145,49.6,1.0
13,2017,12799,1,18727.0,4,160,45.6,1.5
5,2018,12999,1,5406.0,4,145,62.8,1.0
6,2017,9999,1,53112.0,0,145,74.3,1.5
13,2019,17299,1,6379.0,0,145,38.2,2.0
5,2019,15499,1,7450.0,4,145,58.9,1.0
5,2015,6999,1,45693.0,4,0,65.7,1.0
6,2018,13799,1,17478.0,0,145,74.3,1.5
6,2018,13499,1,21898.0,0,145,74.3,1.5
12,2018,8799,1,12553.0,4,145,43.5,1.2
9,2016,10799,1,18887.0,4,30,54.3,1.0
5,2019,10299,1,41959.0,0,145,58.9,1.5
6,2019,15299,1,8016.0,4,145,58.9,1.0
5,2019,14499,2,5692.0,4,145,48.7,1.0
5,2019,13399,1,5525.0,4,145,56.5,1.0
13,2015,9700,1,63000.0,0,125,60.1,2.0
5,2017,10000,1,22000.0,4,150,65.7,1.0
5,2018,11600,1,7733.0,4,150,65.7,1.0
2,2017,11000,1,10069.0,4,125,53.3,1.0
12,2018,10500,1,2936.0,4,150,43.5,1.2
2,2017,11000,1,21504.0,4,150,52.3,1.0
13,2017,17500,2,18221.0,0,150,54.3,2.0
6,2018,11700,1,21568.0,4,150,60.1,1.0
5,2016,11000,1,14979.0,4,0,65.7,1.0
5,2019,14200,1,9209.0,4,150,62.8,1.0
5,2018,11500,1,23918.0,4,145,65.7,1.0
6,2016,11300,2,18503.0,4,160,44.8,1.6
5,2018,11000,1,14212.0,4,145,65.7,1.0
6,2017,12500,2,12118.0,4,125,51.4,1.0
5,2017,12000,2,6255.0,4,145,47.9,1.6
5,2018,13000,0,31190.0,4,145,54.3,1.0
5,2017,12500,1,18458.0,4,20,62.8,1.0
6,2019,15400,1,14132.0,4,145,58.9,1.0
5,2018,11200,1,31336.0,4,145,65.7,1.0
13,2017,17800,1,19696.0,0,150,60.1,2.0
5,2019,15299,1,7580.0,4,145,58.9,1.0
13,2015,11499,1,63612.0,0,145,54.3,2.0
6,2018,18499,1,30687.0,4,145,41.5,2.0
5,2018,10999,1,39341.0,0,145,88.3,1.5
5,2019,14999,1,6509.0,4,145,60.1,1.0
5,2017,11299,1,27727.0,4,145,47.9,1.6
6,2019,15999,1,6890.0,4,145,49.6,1.0
13,2017,14999,1,17651.0,0,125,60.1,2.0
5,2019,15299,1,8308.0,4,145,58.9,1.0
5,2019,15299,1,6553.0,4,145,55.4,1.0
5,2020,18499,1,800.0,4,145,60.1,1.0
5,2019,15299,1,3248.0,4,145,55.4,1.0
5,2019,14499,2,7838.0,4,145,48.7,1.0
5,2019,15999,1,6814.0,4,145,55.4,1.0
13,2015,12499,1,52748.0,0,145,54.3,2.0
13,2017,12999,1,18733.0,0,30,64.2,1.5
6,2019,16499,1,3260.0,4,145,49.6,1.0
6,2019,16499,1,5663.0,4,145,49.6,1.0
6,2019,14449,1,9885.0,0,145,80.7,1.5
6,2019,14699,1,5626.0,0,145,80.7,1.5
6,2015,12999,1,29534.0,4,205,41.5,2.0
18,2017,19299,2,29861.0,0,150,52.3,2.0
5,2016,6999,1,37189.0,4,0,65.7,1.0
6,2015,7299,2,49659.0,4,165,44.8,1.6
18,2017,15999,2,39014.0,0,150,52.3,2.0
5,2017,10499,1,20811.0,4,20,62.8,1.0
6,2018,19499,1,13983.0,4,145,41.5,2.0
13,2016,12299,1,16868.0,0,30,64.2,1.5
6,2018,17299,1,19688.0,4,145,41.5,2.0
5,2014,7999,1,23101.0,4,0,65.7,1.0
5,2017,9299,1,30671.0,4,20,62.8,1.0
6,2018,14299,1,5729.0,0,145,74.3,1.5
13,2019,24500,0,2465.0,4,145,31.0,1.5
2,2019,17200,1,2304.0,0,145,67.3,1.5
6,2019,19700,0,2332.0,4,145,41.5,1.0
5,2019,17500,1,8365.0,4,145,55.4,1.0
14,2016,15200,0,13807.0,4,160,44.8,1.5
2,2017,11000,1,22164.0,4,125,53.3,1.0
5,2018,12250,1,9881.0,4,145,65.7,1.0
5,2018,13800,2,7325.0,4,145,54.3,1.0
5,2018,13500,2,5886.0,4,145,48.7,1.0
6,2019,23996,1,50.0,4,145,48.7,1.0
5,2018,11320,1,32185.0,4,145,65.7,1.0
5,2013,6000,1,48133.0,4,30,54.3,1.2
6,2017,10910,1,11500.0,4,20,60.1,1.0
6,2016,8500,1,63199.0,0,0,74.3,1.5
6,2017,17700,1,17991.0,0,145,67.3,2.0
6,2014,5710,1,74754.0,0,20,67.3,1.6
2,2017,10540,2,33865.0,4,165,44.8,1.5
9,2016,9220,1,31671.0,0,30,64.2,1.5
8,2016,17750,0,35646.0,0,160,51.4,2.0
5,2017,10770,1,17283.0,4,145,62.8,1.0
5,2018,11000,1,4975.0,4,145,55.4,1.1
5,2019,12600,1,90.0,4,145,58.9,1.0
6,2017,18200,1,13105.0,4,145,41.5,2.0
6,2019,19300,1,6000.0,0,145,74.3,1.5
5,2015,7000,1,34741.0,4,0,65.7,1.0
13,2017,18000,0,16765.0,0,145,54.3,2.0
5,2017,9500,1,15738.0,4,0,65.7,1.0
13,2016,15300,2,57829.0,0,145,52.3,2.0
13,2017,15600,1,27524.0,0,150,54.3,2.0
5,2018,10000,1,14825.0,4,150,64.2,1.1
6,2018,13995,1,5053.0,0,150,74.3,1.5
5,2017,8400,1,61564.0,4,0,65.7,1.0
6,2014,7100,1,41494.0,0,20,67.3,1.6
5,2014,9800,1,34670.0,4,150,47.9,1.6
5,2018,10700,1,16646.0,4,150,65.7,1.0
6,2018,12200,1,12003.0,4,150,60.1,1.0
12,2017,8170,1,31692.0,4,145,57.7,1.2
18,2016,15520,1,22497.0,0,125,56.5,2.0
5,2018,9790,1,20818.0,4,145,58.9,1.0
5,2018,10590,1,11040.0,4,145,58.9,1.0
5,2016,11650,1,16295.0,4,145,47.9,1.6
6,2019,16600,0,7000.0,4,145,51.4,1.0
5,2019,12600,1,85.0,4,145,58.9,1.0
5,2020,18200,1,50.0,4,145,55.4,1.0
6,2019,15895,1,6652.0,4,145,49.6,1.0
6,2018,11490,1,18997.0,4,145,60.1,1.0
5,2019,15900,1,3500.0,4,145,60.1,1.0
5,2018,10500,1,4450.0,4,145,64.2,1.1
5,2018,12400,1,5000.0,4,145,55.4,1.1
10,2019,19500,1,5589.0,0,145,61.4,1.5
2,2019,15750,1,16417.0,4,145,51.4,1.0
2,2017,10200,2,40918.0,4,160,44.8,1.5
5,2019,17300,2,7260.0,4,145,48.7,1.0
5,2019,16500,1,3393.0,4,145,55.4,1.0
5,2019,18500,1,6020.0,4,150,55.4,1.0
14,2018,19500,0,11171.0,4,150,38.2,2.0
6,2019,18200,0,11115.0,4,150,41.5,1.0
6,2017,18200,1,17000.0,4,150,41.5,2.0
2,2016,9000,1,39000.0,4,125,53.3,1.0
6,2016,11800,0,12514.0,4,150,46.3,1.5
5,2019,15950,1,2331.0,4,145,55.4,1.0
6,2020,27500,0,5588.0,4,150,39.2,1.5
1,2015,10500,1,32465.0,4,30,55.4,1.0
13,2020,33500,0,5534.0,2,140,201.8,2.5
5,2019,15500,1,11486.0,4,150,60.1,1.0
6,2018,12700,1,2571.0,4,145,60.1,1.0
5,2018,11000,1,4399.0,4,145,64.2,1.1
5,2018,12750,1,3445.0,4,145,56.5,1.0
5,2018,10820,1,33258.0,4,145,56.5,1.0
5,2013,6580,1,19644.0,4,30,54.3,1.2
6,2017,10970,2,28774.0,4,125,51.4,1.0
5,2015,8380,1,28006.0,4,20,62.8,1.0
5,2014,6830,1,38010.0,4,0,65.7,1.0
5,2013,7000,1,23387.0,4,0,65.7,1.0
5,2017,9420,1,26391.0,0,0,88.3,1.5
5,2016,10210,2,6721.0,4,145,47.9,1.6
8,2017,17650,1,24805.0,0,125,56.5,2.0
5,2018,11500,1,16639.0,4,145,65.7,1.0
5,2015,9450,1,21930.0,4,0,65.7,1.0
18,2018,23000,0,5352.0,0,145,53.3,2.0
5,2018,10500,1,21191.0,4,145,65.7,1.0
2,2018,14550,1,4236.0,4,145,53.3,1.0
9,2018,13800,1,13768.0,4,145,47.1,1.0
13,2019,20250,1,3335.0,4,145,35.3,1.5
13,2019,19800,1,1469.0,4,145,39.2,1.5
5,2018,12500,1,17793.0,4,145,55.4,1.1
5,2017,9900,1,9521.0,4,145,54.3,1.2
6,2019,22000,0,17.0,4,145,50.4,1.0
18,2017,18000,1,20152.0,4,150,43.5,1.5
5,2018,12000,1,4200.0,4,150,65.7,1.0
6,2017,12000,1,21316.0,4,150,60.1,1.0
14,2019,20000,1,192.0,0,145,65.7,2.0
6,2019,18500,1,7831.0,4,145,60.1,1.0
6,2017,12000,1,33310.0,0,145,74.3,1.5
5,2015,9000,1,13325.0,4,30,54.3,1.2
5,2019,16000,1,6918.0,4,145,58.9,1.0
6,2019,21450,0,6501.0,4,145,39.2,1.5
5,2019,17000,1,1159.0,4,145,58.9,1.0
6,2019,18000,0,6957.0,0,145,64.2,2.0
8,2019,28000,2,14872.0,0,145,46.3,2.0
18,2016,16000,2,34464.0,0,125,56.5,2.0
1,2017,10750,1,37367.0,4,30,55.4,1.0
13,2016,16200,1,25753.0,0,145,54.3,2.0
12,2018,8000,1,10380.0,4,145,57.7,1.2
5,2017,10950,2,19854.0,4,145,47.9,1.6
5,2014,5770,1,57530.0,0,0,76.4,1.5
2,2017,10800,2,25032.0,4,165,44.8,1.5
2,2018,14800,1,4036.0,4,145,53.3,1.0
13,2017,17000,2,15451.0,0,145,54.3,2.0
6,2014,6499,1,46602.0,4,150,47.9,1.6
5,2014,10799,1,21155.0,4,150,47.9,1.6
6,2017,13210,1,13090.0,4,145,51.4,1.5
6,2016,16920,1,16825.0,4,200,41.5,2.0
13,2015,9499,1,69357.0,0,125,60.1,2.0
5,2018,11999,1,14185.0,4,150,65.7,1.0
5,2019,14999,1,7289.0,4,145,60.1,1.0
12,2018,8899,1,9987.0,4,145,48.7,1.2
5,2019,14999,1,8518.0,4,145,60.1,1.0
5,2018,10499,1,23608.0,4,145,65.7,1.0
5,2019,14999,1,4197.0,4,145,60.1,1.0
5,2019,14999,1,5797.0,4,145,55.4,1.0
6,2017,8500,1,57517.0,0,0,74.3,1.5
5,2018,11170,1,10442.0,4,145,58.9,1.0
13,2017,13110,1,39853.0,0,30,64.2,1.5
5,2018,10850,1,40149.0,4,145,56.5,1.0
5,2018,11450,1,10610.0,4,145,56.5,1.0
6,2018,12180,1,43782.0,4,145,60.1,1.0
5,2014,7360,1,46059.0,4,0,65.7,1.0
5,2018,10190,1,28842.0,4,145,56.5,1.0
5,2018,11600,1,5774.0,4,150,65.7,1.0
6,2018,12395,1,31643.0,0,150,74.3,1.5
5,2018,10200,1,8396.0,4,150,64.2,1.1
5,2018,12250,1,5887.0,4,150,65.7,1.0
5,2018,11000,1,14282.0,4,150,65.7,1.0
5,2018,10200,1,12031.0,4,150,64.2,1.1
18,2019,27000,0,4850.0,0,145,54.3,2.0
5,2019,18195,2,8732.0,4,145,48.7,1.0
14,2019,19495,1,25.0,0,145,65.7,2.0
5,2017,10000,1,3736.0,4,0,65.7,1.0
12,2017,7500,1,14687.0,4,145,57.7,1.2
2,2019,15800,1,2121.0,4,145,53.3,1.0
13,2017,14000,1,23581.0,0,125,60.1,2.0
5,2019,19500,1,6953.0,4,150,40.3,1.5
13,2017,14500,1,32909.0,4,160,45.6,1.5
6,2020,25500,0,4325.0,4,145,39.8,1.5
12,2018,7995,1,13326.0,4,145,57.7,1.2
9,2017,11495,2,22500.0,0,30,58.9,1.5
5,2017,11495,2,10000.0,4,0,57.7,1.0
21,2019,25495,0,9750.0,0,145,31.7,2.0
6,2019,16650,0,13437.0,4,145,50.4,1.0
6,2019,17350,1,11157.0,4,145,49.6,1.0
6,2018,12250,1,16706.0,4,145,60.1,1.0
5,2019,17250,2,5772.0,4,150,48.7,1.0
2,2018,13400,1,3612.0,4,150,53.3,1.0
6,2017,16700,2,30120.0,0,30,61.4,2.0
5,2017,8888,1,16274.0,4,125,54.3,1.2
21,2019,26500,0,2000.0,0,145,32.1,2.0
12,2018,8800,1,6045.0,4,145,47.9,1.2
2,2017,9300,1,45002.0,4,150,53.3,1.0
5,2017,8450,1,8676.0,4,145,65.7,1.0
8,2017,20600,2,26088.0,0,145,52.3,2.0
21,2019,25495,1,10500.0,0,145,32.5,2.0
21,2018,24495,1,22500.0,0,145,32.5,2.0
14,2019,25500,2,3173.0,0,145,49.6,2.0
10,2020,20850,1,601.0,0,145,61.4,1.5
1,2018,12950,1,16431.0,4,145,55.4,1.0
8,2013,11750,1,54922.0,0,260,41.5,2.2
6,2017,10650,1,13980.0,4,145,61.4,1.0
6,2016,24850,1,24200.0,4,235,36.7,2.3
5,2018,13800,1,11395.0,4,145,55.4,1.0
21,2019,25495,1,10750.0,0,145,32.5,2.0
5,2016,8732,1,23696.0,4,0,65.7,1.0
5,2014,7495,1,23967.0,4,30,54.3,1.2
12,2018,8695,1,8745.0,4,150,57.7,1.2
13,2017,14695,1,22811.0,0,125,60.1,2.0
6,2016,9250,1,20288.0,4,20,61.4,1.0
6,2018,13495,1,12951.0,4,150,57.7,1.0
5,2018,9795,1,10267.0,4,150,64.2,1.1
6,2019,20400,0,1590.0,0,145,74.3,1.5
6,2019,16500,1,9066.0,4,145,58.9,1.0
8,2019,26950,1,2815.0,0,145,55.4,2.0
6,2019,18500,0,9662.0,0,145,74.3,1.5
8,2019,21950,1,10744.0,0,145,55.4,2.0
2,2018,13800,1,4914.0,4,145,53.3,1.0
6,2019,17450,1,6707.0,4,145,60.1,1.0
5,2019,16275,1,1899.0,4,145,60.1,1.0
6,2017,17250,1,17449.0,4,145,41.5,2.0
0,2017,9400,1,17540.0,4,145,55.4,1.0
5,2016,9950,1,25986.0,4,20,62.8,1.0
13,2019,23400,0,2707.0,4,145,29.1,1.5
6,2019,19950,0,7142.0,0,145,64.2,2.0
13,2019,20000,1,7213.0,0,145,47.9,2.0
13,2017,16495,1,24554.0,0,145,60.1,2.0
12,2018,9295,1,8396.0,4,145,47.9,1.2
14,2017,16795,0,18073.0,4,145,38.2,2.0
5,2019,15900,1,3212.0,4,145,58.9,1.0
5,2019,12400,1,10.0,4,145,55.4,1.1
15,2019,42500,0,226.0,4,145,22.1,5.0
13,2016,13000,1,16521.0,0,145,54.3,2.0
13,2018,18400,2,6528.0,0,145,54.3,2.0
13,2017,13950,1,16919.0,0,125,60.1,2.0
6,2019,21750,0,3906.0,4,145,39.2,1.5
5,2018,11850,1,17224.0,4,145,56.5,1.0
2,2015,8790,1,35000.0,4,125,53.3,1.0
13,2014,10999,1,59343.0,4,200,42.8,1.6
2,2017,10899,1,10960.0,4,150,52.3,1.0
5,2017,9495,1,6159.0,4,0,65.7,1.0
6,2019,18000,0,20496.0,0,145,74.3,1.5
5,2019,14000,1,5100.0,4,145,56.5,1.0
2,2017,9795,1,28157.0,4,145,52.3,1.0
5,2017,10000,1,9867.0,4,150,64.2,1.1
13,2019,19000,1,13673.0,4,150,35.3,1.5
13,2017,14712,1,18513.0,0,150,64.2,1.5
2,2019,16375,1,9391.0,4,145,54.3,1.0
5,2019,17350,2,4558.0,4,145,48.7,1.0
8,2017,21500,2,11348.0,0,145,52.3,2.0
6,2019,17900,0,2065.0,4,145,51.4,1.0
1,2019,16600,2,5785.0,4,145,36.7,1.5
8,2016,18650,2,29228.0,0,145,52.3,2.0
6,2016,13395,0,10202.0,4,145,46.3,1.5
5,2018,13195,2,32963.0,4,145,54.3,1.0
5,2018,9995,1,35455.0,4,145,65.7,1.0
5,2016,7990,1,25500.0,4,0,65.7,1.0
5,2016,8590,1,34300.0,0,0,78.5,1.5
6,2018,13490,1,32148.0,0,150,74.3,1.5
6,2018,13990,1,11566.0,4,150,57.7,1.0
5,2014,7290,1,41965.0,4,0,65.7,1.0
6,2017,10990,1,29874.0,4,150,60.1,1.0
5,2014,7990,1,21600.0,4,0,65.7,1.0
5,2018,14300,1,10850.0,4,145,65.7,1.0
5,2019,15595,1,2525.0,4,145,58.9,1.0
2,2019,14990,0,3281.0,4,145,45.6,1.0
6,2016,10999,2,25346.0,0,0,74.3,1.5
6,2018,12499,1,16287.0,4,145,57.7,1.0
5,2017,9695,1,23564.0,4,145,64.2,1.1
13,2016,11800,1,40438.0,0,125,60.1,2.0
14,2018,18600,0,5034.0,4,145,43.5,1.5
5,2019,13995,1,4533.0,4,145,56.5,1.0
5,2019,13775,1,4597.0,4,145,56.5,1.0
6,2014,7490,1,45153.0,4,30,56.5,1.0
5,2016,7495,1,36779.0,4,125,54.3,1.2
5,2014,6990,1,29000.0,4,30,54.3,1.2
15,2017,27990,1,17030.0,4,150,20.9,5.0
13,2019,20100,1,8525.0,4,145,35.3,1.5
6,2017,13300,0,9728.0,4,145,51.4,1.0
13,2019,18799,1,5305.0,4,145,39.2,1.5
5,2018,10400,1,33247.0,4,145,65.7,1.0
13,2019,19700,1,12759.0,4,145,35.3,1.5
5,2017,10195,1,12632.0,4,0,65.7,1.0
6,2016,11400,0,10266.0,4,125,51.4,1.0
13,2017,14999,0,15500.0,4,240,38.2,1.5
6,2017,11695,1,28543.0,4,125,51.4,1.5
6,2016,12689,0,12369.0,4,145,46.3,1.5
6,2017,12289,2,18134.0,4,125,51.4,1.0
5,2017,9689,2,33090.0,4,0,57.7,1.0
8,2015,10995,2,42384.0,0,160,47.1,2.0
16,2019,20990,1,1451.0,4,145,50.4,1.0
5,2019,15790,1,2159.0,4,145,55.4,1.0
5,2018,12290,1,10606.0,4,145,65.7,1.0
13,2017,13490,1,14173.0,0,145,64.2,1.5
5,2019,15490,1,5000.0,4,145,60.1,1.0
9,2017,10499,2,10295.0,0,30,58.9,1.5
5,2016,6990,1,42708.0,0,0,88.3,1.5
6,2018,20000,1,9775.0,4,145,41.5,2.0
6,2017,11900,2,7560.0,4,125,51.4,1.0
2,2018,15200,2,13879.0,4,145,48.7,1.0
6,2020,18490,1,1421.0,4,145,49.6,1.0
6,2020,19490,1,877.0,4,145,58.9,1.0
5,2020,16490,1,2873.0,4,145,58.9,1.0
5,2017,10790,1,12903.0,4,150,65.7,1.0
13,2017,14990,2,43750.0,0,145,54.3,2.0
5,2018,12200,1,22350.0,4,145,62.8,1.0
2,2018,13300,1,23144.0,4,150,54.3,1.0
5,2019,17000,2,6450.0,4,145,48.7,1.0
5,2019,15550,1,7559.0,4,145,55.4,1.0
6,2017,12500,2,8593.0,4,125,51.4,1.0
5,2016,11100,0,11306.0,4,0,57.7,1.0
6,2017,11499,1,9122.0,4,20,61.4,1.0
9,2017,11499,1,12172.0,4,30,54.3,1.0
18,2016,17495,1,8151.0,0,125,56.5,2.0
5,2016,10795,0,3790.0,4,145,47.9,1.6
5,2018,13295,1,26451.0,4,145,60.1,1.0
2,2017,9985,1,27400.0,4,145,52.3,1.0
5,2018,11500,1,14310.0,4,150,65.7,1.0
5,2018,14200,1,25059.0,4,145,40.3,1.5
5,2018,10500,1,7555.0,4,145,65.7,1.0
5,2017,10450,2,20183.0,4,145,47.9,1.6
10,2016,13500,0,44785.0,0,125,56.6,1.5
10,2015,13200,0,14079.0,0,125,56.6,1.5
2,2016,8800,1,15923.0,0,30,64.2,1.5
2,2018,13900,1,6483.0,4,145,54.3,1.0
13,2019,20300,1,8038.0,0,145,39.2,2.0
5,2015,6600,1,38783.0,4,0,65.7,1.0
5,2019,16350,2,9132.0,4,150,48.7,1.0
5,2017,10299,1,2650.0,4,145,65.7,1.0
16,2019,23750,1,1400.0,4,145,50.4,1.0
6,2019,26995,1,3500.0,0,145,50.4,2.0
2,2019,17900,1,1500.0,4,145,51.4,1.0
2,2018,16199,2,9348.0,4,150,44.1,1.0
2,2019,15900,1,3108.0,4,145,52.3,1.0
13,2019,18800,1,9899.0,4,145,39.2,1.5
5,2017,9995,1,20710.0,4,145,65.7,1.0
9,2015,8879,1,33746.0,0,125,60.1,1.6
13,2019,19900,1,2000.0,4,145,34.4,1.5
13,2018,22500,1,12000.0,0,145,39.2,2.0
12,2018,8900,1,12276.0,4,145,47.9,1.2
5,2018,11200,1,14300.0,4,145,65.7,1.0
5,2019,12900,1,2569.0,4,145,58.9,1.0
13,2019,23000,1,4193.0,0,145,39.2,2.0
2,2017,9500,1,28452.0,4,145,44.8,1.5
13,2019,24000,1,6011.0,4,145,35.3,1.5
8,2018,22000,0,9041.0,0,145,53.3,2.0
5,2017,10000,1,17559.0,4,0,65.7,1.0
5,2016,8124,1,35869.0,4,0,65.7,1.0
5,2016,9995,1,50640.0,4,20,62.8,1.0
6,2016,10495,1,24461.0,4,20,60.1,1.0
5,2014,8495,1,24803.0,4,30,54.3,1.2
6,2018,13995,1,12449.0,4,145,57.7,1.0
5,2013,7499,1,15546.0,0,0,76.4,1.5
6,2016,9250,1,51552.0,0,0,74.3,1.5
5,2015,6724,1,27026.0,4,125,54.3,1.2
1,2016,10500,2,34753.0,0,20,64.2,1.5
5,2017,10500,2,19733.0,4,145,47.9,1.6
0,2016,9000,2,9913.0,4,160,44.1,1.6
0,2017,9000,2,26806.0,4,160,44.1,1.6
14,2017,18500,0,11857.0,4,235,38.2,2.0
8,2016,18000,1,27315.0,0,125,56.5,2.0
13,2018,18000,1,11081.0,4,145,39.2,1.5
1,2018,13000,1,10422.0,4,145,49.6,1.0
12,2018,9750,1,929.0,4,145,48.7,1.2
13,2016,12500,1,26501.0,0,125,60.1,2.0
2,2016,11500,2,13556.0,4,160,44.8,1.5
13,2019,24500,2,1875.0,0,145,38.7,2.0
1,2019,14500,0,4310.0,4,145,37.2,1.5
3,2019,36000,0,4921.0,0,145,37.2,2.0
1,2019,14000,1,15000.0,0,145,58.9,1.5
16,2019,23500,1,1500.0,4,145,50.4,1.0
13,2017,16000,1,20571.0,0,125,60.1,2.0
5,2019,19995,0,161.0,4,145,48.7,1.0
3,2017,23500,2,20746.0,0,150,47.9,2.0
2,2018,14000,1,11902.0,4,150,54.3,1.0
5,2018,11500,1,10500.0,4,150,65.7,1.0
5,2019,17500,1,9200.0,4,150,40.3,1.5
6,2019,17500,0,13895.0,4,150,42.8,1.0
6,2018,13000,1,11000.0,4,145,60.1,1.0
5,2018,14900,1,7606.0,4,145,58.9,1.0
5,2019,15500,1,6120.0,4,145,58.9,1.0
1,2015,9500,1,48885.0,4,30,55.4,1.0
6,2019,16000,1,11979.0,4,150,60.1,1.0
2,2019,14500,1,15726.0,4,150,53.3,1.0
2,2018,15000,1,11137.0,4,150,51.4,1.0
6,2019,16495,1,4591.0,4,150,58.9,1.0
5,2015,6291,1,68379.0,4,0,65.7,1.0
2,2018,14691,1,19041.0,4,150,51.4,1.0
14,2016,12995,1,27000.0,0,30,65.7,2.0
2,2018,14995,1,19000.0,4,145,54.3,1.0
2,2017,11495,1,16237.0,4,125,52.3,1.0
6,2018,15995,1,900.0,4,145,58.9,1.0
6,2017,18000,1,31603.0,4,145,41.5,2.0
6,2017,15500,1,30801.0,0,20,67.3,2.0
6,2018,15000,1,9247.0,4,150,58.9,1.0
18,2017,16250,1,25373.0,0,125,56.5,2.0
5,2018,13250,1,4578.0,4,150,65.7,1.0
5,2019,15510,2,1973.0,4,150,48.7,1.0
6,2018,20000,1,12787.0,4,145,41.5,2.0
5,2018,10000,1,27695.0,4,150,65.7,1.0
5,2018,13000,1,11750.0,4,150,62.8,1.0
6,2016,11500,2,6474.0,4,125,51.4,1.0
5,2017,12000,1,20798.0,4,150,47.9,1.6
6,2018,13500,1,22243.0,4,150,57.7,1.0
13,2017,17000,1,30850.0,0,150,54.3,2.0
13,2014,10712,1,51530.0,0,200,47.9,2.0
5,2016,10142,1,21351.0,4,20,62.8,1.0
6,2018,19093,1,13746.0,4,145,41.5,2.0
5,2017,10990,1,10000.0,4,150,65.7,1.0
0,2018,11490,1,20402.0,4,150,57.7,1.0
6,2020,17490,1,1550.0,4,145,49.6,1.0
5,2018,11499,1,16891.0,4,145,65.7,1.0
14,2019,25400,0,12145.0,2,135,47.9,2.0
13,2019,20000,1,6109.0,0,145,47.9,2.0
5,2019,22300,1,6458.0,4,145,40.3,1.5
16,2019,20400,1,2091.0,4,145,51.4,1.0
16,2019,23000,1,4741.0,4,145,50.4,1.0
5,2018,13000,1,6776.0,4,145,65.7,1.0
6,2019,26200,1,10223.0,0,145,50.4,2.0
6,2019,19800,1,3897.0,4,145,60.1,1.0
5,2020,14500,1,5.0,4,145,56.5,1.0
5,2020,14500,1,10.0,4,145,56.5,1.0
8,2018,18000,1,31961.0,0,145,56.5,2.0
6,2019,19500,1,10281.0,4,145,51.4,1.5
13,2019,21500,0,2579.0,4,145,28.8,1.5
13,2019,21450,1,2723.0,4,145,35.3,1.5
13,2018,17450,1,6557.0,4,145,39.2,1.5
13,2017,16250,1,19643.0,0,125,60.1,2.0
2,2018,14950,1,5400.0,4,145,51.4,1.0
5,2019,14750,2,6507.0,4,150,48.7,1.0
5,2019,15950,1,2828.0,4,150,60.1,1.0
5,2018,11450,1,25117.0,4,145,65.7,1.0
6,2019,16500,1,13500.0,0,145,62.8,1.5
6,2018,12000,1,12775.0,4,145,60.1,1.0
2,2019,16000,1,13250.0,4,145,51.4,1.0
6,2019,17500,1,3700.0,4,145,49.6,1.0
5,2018,10500,1,11645.0,4,145,65.7,1.0
13,2019,21000,1,6481.0,0,145,37.7,2.0
13,2017,16500,2,28556.0,0,145,54.3,2.0
20,2019,18500,0,5659.0,0,145,44.1,1.5
5,2017,11000,1,22055.0,4,150,62.8,1.0
5,2018,11900,1,1530.0,4,145,64.2,1.1
5,2020,15000,1,25.0,4,145,56.5,1.0
2,2019,19995,1,1000.0,4,145,51.4,1.0
5,2018,11900,1,6036.0,4,145,58.9,1.0
6,2017,13000,2,10028.0,4,125,51.4,1.0
5,2016,8900,1,23412.0,4,0,65.7,1.0
5,2014,6499,1,44751.0,4,0,65.7,1.0
2,2019,16195,1,5741.0,4,150,51.4,1.0
13,2017,14350,1,19008.0,0,145,60.1,2.0
1,2018,13000,1,3396.0,4,150,49.6,1.0
1,2019,12400,1,5857.0,4,150,50.4,1.0
6,2018,21450,1,3896.0,4,145,41.5,2.0
13,2017,18450,2,24277.0,0,145,54.3,2.0
5,2018,10500,1,35519.0,4,145,65.7,1.0
1,2017,10500,1,14941.0,0,145,68.9,1.5
6,2019,14750,1,10963.0,4,150,58.9,1.0
5,2019,17000,1,4811.0,4,150,40.3,1.5
6,2015,12900,1,29280.0,4,205,41.5,2.0
6,2013,5989,1,58778.0,0,20,67.3,1.6
3,2017,16995,1,44163.0,0,160,48.7,2.0
5,2015,8489,1,31197.0,4,0,65.7,1.0
13,2018,16689,0,12861.0,4,145,38.2,1.5
5,2018,11489,1,15300.0,4,145,56.5,1.0
0,2017,8995,2,17200.0,4,160,44.1,1.6
5,2017,9750,1,6732.0,4,150,64.2,1.1
5,2015,10950,1,21712.0,4,150,47.9,1.6
6,2020,20500,0,1868.0,4,150,40.9,1.5
6,2017,10500,1,33511.0,4,150,60.1,1.0
5,2020,14500,1,100.0,4,150,56.5,1.0
5,2020,14950,1,100.0,4,145,56.5,1.0
13,2017,13900,1,31926.0,0,145,60.1,2.0
6,2018,13000,2,9099.0,4,150,51.4,1.0
5,2018,9400,1,15156.0,4,150,64.2,1.1
6,2016,8650,1,31423.0,4,20,60.1,1.0
6,2017,13250,2,3038.0,4,145,51.4,1.0
6,2019,23700,1,17452.0,0,145,50.4,2.0
5,2019,14450,1,10972.0,4,150,56.5,1.0
5,2016,8500,1,30801.0,4,0,65.7,1.0
0,2017,11950,1,4822.0,4,150,57.7,1.0
5,2018,10500,1,10938.0,4,150,65.7,1.0
5,2017,10000,1,11349.0,4,150,65.7,1.0
5,2016,9750,1,21001.0,4,20,62.8,1.0
13,2019,24450,2,9952.0,0,145,38.7,2.0
5,2019,12950,1,15811.0,4,150,57.7,1.0
6,2017,11950,1,14977.0,4,20,61.4,1.0
5,2018,12500,1,8816.0,4,150,56.5,1.0
5,2015,7000,1,27514.0,4,30,54.3,1.2
14,2017,14500,1,20116.0,4,150,48.7,1.5
5,2018,9000,1,18340.0,4,150,64.2,1.1
13,2017,13000,1,18454.0,0,150,54.3,2.0
5,2019,19000,1,5261.0,4,150,40.3,1.5
13,2019,20000,1,5511.0,4,150,35.3,1.5
2,2017,10000,1,24415.0,4,150,52.3,1.0
6,2018,20000,1,13374.0,4,145,41.5,2.0
8,2017,16489,1,12000.0,0,125,56.5,2.0
5,2014,6495,1,44000.0,4,30,54.3,1.2
5,2018,10500,1,11587.0,4,150,58.9,1.0
6,2018,11250,1,16446.0,4,145,60.1,1.0
2,2019,14995,1,7800.0,4,145,53.3,1.0
2,2018,14495,1,23638.0,4,145,54.3,1.0
5,2013,6595,1,31200.0,4,0,65.7,1.0
5,2018,11995,1,11750.0,4,145,65.7,1.0
5,2016,7995,1,20631.0,4,125,54.3,1.2
5,2018,11300,1,11089.0,4,145,56.5,1.0
5,2019,19250,1,3773.0,4,145,55.4,1.0
5,2020,23890,1,3325.0,4,145,40.3,1.5
12,2019,11500,1,373.0,4,145,47.9,1.2
5,2018,12500,1,116.0,4,145,65.7,1.0
5,2020,14995,1,100.0,4,145,56.5,1.0
5,2018,10470,1,7448.0,4,145,65.7,1.0
13,2017,17700,0,7384.0,4,235,38.2,1.5
6,2019,16995,1,13306.0,4,145,58.9,1.0
5,2017,9695,1,22617.0,4,150,65.7,1.0
5,2018,11550,1,18243.0,4,150,65.7,1.0
5,2018,10250,1,14697.0,4,150,65.7,1.0
5,2016,11750,1,14705.0,4,150,47.9,1.6
6,2019,23990,0,6000.0,4,145,51.4,1.0
13,2016,12250,1,29347.0,0,125,60.1,2.0
5,2017,9750,1,14083.0,4,145,65.7,1.0
9,2016,12650,2,28263.0,0,125,56.5,2.0
5,2016,9850,1,10998.0,4,0,65.7,1.0
6,2015,8495,1,40801.0,4,20,60.1,1.0
5,2017,10000,1,21933.0,4,145,62.8,1.0
13,2018,17500,1,26344.0,0,145,47.9,2.0
13,2019,26000,2,4290.0,0,145,42.2,2.0
8,2017,17700,1,41340.0,0,125,56.5,2.0
1,2017,13000,1,3259.0,0,145,68.9,1.5
8,2019,28500,2,3802.0,0,145,54.3,2.0
6,2020,22500,1,200.0,4,145,60.1,1.0
6,2019,15750,1,5620.0,4,145,49.6,1.0
6,2019,16000,1,6894.0,4,145,60.1,1.0
5,2018,14000,1,1695.0,4,145,58.9,1.0
13,2019,25000,0,4901.0,0,145,42.2,2.0
5,2019,14500,1,38.0,4,145,58.9,1.0
6,2019,25700,1,4500.0,4,145,34.5,2.3
5,2018,12950,2,28438.0,4,145,54.3,1.0
5,2018,12600,1,5163.0,4,145,65.7,1.0
5,2018,12750,1,15192.0,4,145,62.8,1.0
5,2018,10500,1,17050.0,4,150,58.9,1.0
12,2017,7200,1,36345.0,4,150,57.7,1.2
6,2017,17900,1,13081.0,4,150,41.5,2.0
2,2015,8700,1,30462.0,4,125,53.3,1.0
12,2018,7400,1,26852.0,4,150,57.7,1.2
2,2017,9900,1,23823.0,4,150,53.3,1.0
5,2018,13250,1,10067.0,4,150,57.7,1.0
5,2020,14500,1,7.0,4,145,56.5,1.0
6,2019,16000,1,4500.0,4,145,49.6,1.0
5,2019,14750,1,14335.0,4,145,55.4,1.0
6,2020,22750,1,550.0,4,145,51.4,1.5
5,2018,13000,1,28337.0,4,145,65.7,1.0
5,2018,12000,1,56.0,4,145,58.9,1.0
5,2019,15200,1,8403.0,4,145,55.4,1.0
13,2017,17500,2,17379.0,0,145,58.9,1.5
5,2017,11400,2,26942.0,4,150,57.7,1.0
2,2017,10000,1,27995.0,4,125,53.3,1.0
5,2018,11600,2,31364.0,4,145,54.3,1.0
13,2019,18400,1,9529.0,4,145,34.4,1.5
6,2019,23000,0,16700.0,4,145,40.9,1.5
13,2019,25500,1,5573.0,0,145,37.7,2.0
5,2019,16000,1,8300.0,4,145,58.9,1.0
3,2019,32900,0,6429.0,0,145,37.2,2.0
16,2019,24000,1,2000.0,4,145,50.4,1.0
2,2019,20000,0,2524.0,4,145,45.6,1.0
14,2019,32000,0,11500.0,0,145,47.1,2.0
6,2019,28000,1,2500.0,4,145,34.5,2.3
6,2019,16500,0,13777.0,4,150,50.4,1.0
2,2019,15000,1,4500.0,4,145,53.3,1.0
6,2017,10000,1,22000.0,0,0,74.3,1.5
10,2019,16000,1,15244.0,0,145,61.4,1.5
12,2018,8000,1,14800.0,4,145,57.7,1.2
5,2018,10790,1,12000.0,4,145,65.7,1.0
12,2018,9790,1,9358.0,4,150,43.5,1.2
13,2018,13389,0,37239.0,0,145,58.9,1.5
6,2017,9129,1,44897.0,0,0,74.3,1.5
5,2017,9152,1,14731.0,4,0,65.7,1.0
6,2016,11595,1,17666.0,0,0,74.3,1.5
5,2018,10890,1,32478.0,4,145,62.8,1.0
0,2017,8500,1,12333.0,4,145,47.1,1.4
6,2018,13000,2,29685.0,0,145,67.3,1.5
6,2017,12390,0,30888.0,4,150,46.3,1.5
5,2018,10290,1,14442.0,4,150,65.7,1.0
6,2019,19000,1,4491.0,4,145,58.9,1.0
5,2020,14995,1,8.0,4,145,56.5,1.0
18,2017,21500,0,16000.0,4,260,35.8,2.0
5,2017,9995,1,20097.0,4,145,65.7,1.0
14,2015,9690,1,58000.0,0,30,64.2,2.0
5,2018,11500,1,15158.0,4,150,65.7,1.0
13,2019,20000,1,2474.0,4,150,39.2,1.5
6,2019,17500,1,4000.0,4,150,60.1,1.0
15,2018,37500,1,5572.0,4,145,20.8,5.0
3,2018,32000,0,11007.0,0,145,37.2,2.0
1,2017,11500,1,20373.0,4,30,55.4,1.0
18,2017,17750,2,20257.0,0,125,52.3,2.0
13,2019,22950,1,6659.0,0,145,37.7,2.0
6,2017,11900,1,26329.0,0,145,74.3,1.5
6,2019,15800,1,6681.0,4,145,58.9,1.0
1,2016,9600,1,18978.0,0,20,68.9,1.5
5,2016,10690,0,7957.0,4,0,57.7,1.0
6,2016,10000,1,6679.0,4,20,60.1,1.0
14,2018,15500,1,13034.0,0,150,65.7,2.0
6,2018,12500,1,16145.0,4,150,57.7,1.0
12,2016,7290,1,17898.0,4,30,57.7,1.2
12,2017,7790,1,6646.0,4,145,57.7,1.2
5,2019,22000,1,8030.0,4,145,40.4,1.5
6,2017,11000,1,26864.0,0,145,74.3,1.5
13,2018,19000,1,14926.0,0,145,54.3,2.0
5,2017,11150,2,32358.0,4,145,57.7,1.0
5,2019,14950,1,1183.0,4,145,58.9,1.0
6,2019,17995,1,1630.0,4,145,49.6,1.0
0,2017,11490,1,7114.0,4,145,55.4,1.0
5,2018,14500,1,5858.0,4,145,58.9,1.0
13,2019,23995,1,6424.0,0,145,37.7,2.0
5,2017,10250,1,18955.0,4,145,65.7,1.0
6,2018,18490,1,7461.0,4,145,51.4,1.5
5,2017,10750,1,14417.0,4,145,62.8,1.0
16,2019,25820,1,3000.0,4,145,50.4,1.0
5,2017,7290,1,44325.0,4,125,54.3,1.2
5,2018,12000,1,10235.0,4,150,65.7,1.0
2,2017,10000,1,21954.0,4,150,53.3,1.0
13,2017,14790,2,23365.0,0,145,58.9,1.5
5,2018,11590,1,8158.0,4,145,65.7,1.0
5,2018,12000,2,8970.0,4,145,54.3,1.0
6,2016,9290,1,27583.0,0,20,70.6,2.0
13,2017,13500,1,26712.0,0,145,64.2,1.5
12,2019,10500,1,5.0,4,145,47.9,1.2
13,2016,10390,1,29325.0,0,125,60.1,2.0
5,2018,11500,1,16988.0,4,145,56.5,1.0
13,2018,20000,1,4987.0,0,145,54.3,2.0
3,2018,27500,2,5000.0,0,145,47.9,2.0
6,2017,14500,1,40000.0,4,200,41.5,2.0
18,2017,16690,1,20771.0,0,125,56.5,2.0
6,2018,13000,2,4952.0,4,145,51.4,1.0
5,2019,14500,2,15325.0,4,145,54.3,1.0
5,2017,9000,1,18598.0,4,0,65.7,1.0
2,2017,10500,1,17176.0,4,145,53.3,1.0
5,2018,17500,1,12854.0,4,150,40.3,1.5
5,2018,12800,1,4023.0,4,150,65.7,1.0
5,2018,11150,1,6916.0,4,150,58.9,1.0
5,2018,9900,1,30552.0,4,150,65.7,1.0
1,2018,14600,1,4628.0,4,150,48.7,1.0
5,2019,19750,2,2670.0,4,145,48.7,1.0
2,2019,16950,1,1805.0,4,145,51.4,1.0
6,2016,14650,1,22822.0,0,20,67.3,2.0
13,2017,18450,1,5413.0,4,145,45.6,1.5
5,2019,13650,1,15983.0,4,145,58.9,1.0
12,2018,8000,1,13365.0,4,145,57.7,1.2
3,2017,22500,2,19552.0,0,200,47.9,2.0
13,2019,20000,1,2000.0,0,150,47.9,2.0
12,2017,7500,1,9937.0,4,150,57.7,1.2
13,2018,20000,1,4992.0,0,145,54.3,2.0
15,2017,27500,1,20700.0,4,150,20.9,5.0
6,2017,10500,1,16200.0,4,150,60.1,1.0
5,2018,11290,2,24365.0,4,145,54.3,1.0
12,2019,9500,1,2900.0,4,145,47.9,1.2
8,2016,23000,0,25000.0,4,260,35.8,2.0
5,2018,9690,1,25700.0,4,145,58.9,1.0
6,2019,18000,1,4000.0,4,145,58.9,1.0
15,2018,32000,0,5000.0,4,145,23.5,5.0
5,2019,14500,1,10000.0,4,145,58.9,1.0
5,2019,22000,1,8030.0,4,150,40.4,1.5
13,2019,18500,1,2000.0,0,150,38.2,2.0
6,2018,17500,1,26965.0,4,150,41.5,2.0
5,2014,8500,1,24987.0,4,0,65.7,1.0
15,2019,42000,2,756.0,4,150,22.6,5.0
18,2019,25000,1,9544.0,0,145,54.3,2.0
5,2019,13000,1,14000.0,4,145,58.9,1.0
12,2018,8500,1,6785.0,4,145,47.9,1.2
18,2019,24690,1,9544.0,0,145,54.3,2.0
2,2018,13290,1,15000.0,4,145,54.3,1.0
5,2019,13290,1,7995.0,4,145,58.9,1.0
5,2018,10000,1,10324.0,4,145,64.2,1.1
6,2019,17500,1,2321.0,4,145,60.1,1.0
5,2018,10500,1,30125.0,4,145,65.7,1.0
12,2018,8290,1,6745.0,4,145,57.7,1.2
18,2017,21000,0,16000.0,4,260,35.8,2.0
5,2018,12500,1,15000.0,4,145,65.7,1.0
2,2018,14290,1,10083.0,4,145,53.3,1.0
2,2017,9390,1,40907.0,4,150,52.3,1.0
6,2018,12690,2,15637.0,4,145,51.4,1.0
2,2018,13290,1,13000.0,4,145,54.3,1.0
18,2019,24690,1,12771.0,0,145,54.3,2.0
13,2019,20690,0,10563.0,4,145,31.0,1.5
6,2017,10690,1,27307.0,4,20,58.9,1.0
9,2017,11290,1,15934.0,4,30,54.3,1.0
18,2017,21000,2,28167.0,0,160,51.4,2.0
10,2017,13500,1,19483.0,0,30,64.2,1.5
5,2017,9000,1,31747.0,4,145,65.7,1.0
5,2014,6495,1,61713.0,0,0,78.5,1.6
5,2013,5250,1,62214.0,4,30,54.3,1.2
5,2012,5250,1,46970.0,4,125,50.4,1.2
1,2008,3495,1,27930.0,4,235,39.8,1.8
6,2014,12850,1,36232.0,4,235,39.2,2.0
7,2010,4750,0,26588.0,4,260,37.7,1.6
5,2012,5495,1,53210.0,4,125,50.4,1.2
5,2009,3695,1,62000.0,4,145,49.6,1.2
5,2012,5295,1,32000.0,4,125,51.4,1.2
5,2015,6695,1,38000.0,4,125,54.3,1.2
6,2013,6995,0,53200.0,4,165,44.1,1.6
0,2014,6500,1,57200.0,4,30,57.7,1.0
13,2015,9500,1,43700.0,0,125,60.1,2.0
14,2013,7995,0,45050.0,0,160,50.4,2.0
6,2011,4500,0,87600.0,4,160,44.1,1.6
6,2018,13500,1,17250.0,4,150,57.7,1.0
5,2013,5995,1,47530.0,4,0,65.7,1.0
13,2015,11495,0,40000.0,0,150,52.3,2.0
5,2011,2995,1,94000.0,0,20,68.9,1.4
5,2008,2595,1,116000.0,0,20,67.3,1.6
0,2012,4499,1,69575.0,4,30,55.4,1.0
0,2012,9995,2,11310.0,4,160,44.1,1.6
11,2016,7495,1,27003.0,4,145,57.7,1.2
11,2016,6995,1,21466.0,4,145,57.7,1.2
14,2009,2750,0,110000.0,0,300,39.8,2.0
5,2013,5500,1,79300.0,0,0,76.4,1.5
6,2012,5500,1,68300.0,0,20,67.3,1.6
13,2013,9995,1,70000.0,0,200,47.9,2.0
1,2017,8500,0,47350.0,0,20,64.2,1.5
5,2011,3995,1,57000.0,4,125,50.4,1.2
5,2014,8250,1,9969.0,4,0,65.7,1.0
2,2016,9295,1,28053.0,0,30,64.2,1.5
6,2013,5889,1,42575.0,4,30,56.5,1.0
5,2018,12500,1,900.0,4,150,58.9,1.0
2,2020,18000,1,100.0,4,150,53.3,1.0
18,2020,33000,2,1500.0,0,150,43.5,2.0
5,2015,8490,1,30000.0,4,20,62.8,1.0
13,2019,19500,1,9136.0,0,145,38.2,2.0
5,2017,9299,1,21713.0,4,0,65.7,1.0
14,2016,14299,0,27199.0,4,240,38.2,2.0
5,2018,9299,1,18630.0,4,150,64.2,1.1
13,2009,4995,1,117000.0,0,235,44.1,2.0
13,2014,11995,1,33590.0,0,160,47.9,2.0
6,2013,6995,1,67178.0,4,30,56.5,1.0
11,2014,4895,1,41760.0,4,30,57.7,1.2
5,2017,7995,1,20829.0,4,150,54.3,1.2
5,2015,7299,1,28000.0,4,0,65.7,1.0
5,2018,12999,0,5813.0,4,145,54.3,1.0
5,2018,11980,1,17898.0,4,150,62.8,1.0
5,2017,7980,1,28569.0,4,125,54.3,1.3
5,2018,9980,1,8770.0,4,150,64.2,1.1
5,2017,8380,1,28298.0,4,0,65.7,1.0
13,2016,13280,1,45298.0,0,145,54.3,2.0
0,2017,8380,1,30200.0,0,145,74.3,1.5
3,2017,21180,1,17200.0,0,205,47.9,2.0
6,2017,11280,1,18138.0,4,150,60.1,1.0
2,2019,15980,1,4500.0,4,150,51.4,1.0
5,2018,15495,1,7511.0,4,145,58.9,1.0
5,2013,5995,1,55350.0,4,0,65.7,1.0
5,2015,7995,1,16563.0,4,0,65.7,1.0
13,2016,14995,0,16442.0,4,235,38.2,1.5
5,2016,7995,1,21091.0,4,0,65.7,1.0
6,2017,9695,1,25105.0,4,20,61.4,1.0
5,2017,8495,1,18454.0,4,150,65.7,1.0
13,2019,21780,1,7317.0,0,145,37.7,2.0
6,2019,15980,1,7500.0,4,145,60.1,1.0
6,2019,16980,1,2705.0,0,145,61.4,1.5
6,2015,6980,1,14939.0,4,145,47.9,1.6
5,2015,7240,1,32137.0,0,0,88.3,1.5
6,2019,16479,1,9.0,4,145,60.1,1.0
6,2020,19480,0,2.0,0,145,67.3,1.5
15,2017,29980,0,24000.0,4,150,23.5,5.0
0,2013,5500,1,54250.0,4,150,47.1,1.4
14,2012,5500,1,80000.0,0,150,53.3,2.0
5,2014,6500,1,45000.0,0,0,85.6,1.6
5,2017,9995,1,15725.0,4,150,65.7,1.0
5,2009,3195,1,65700.0,4,125,52.3,1.2
5,2013,3995,1,103100.0,4,30,54.3,1.2
5,2013,5995,2,72700.0,4,145,47.9,1.6
5,2013,5500,1,70400.0,0,0,76.4,1.5
5,2010,2799,1,90000.0,4,125,50.4,1.2
6,2012,5000,1,57000.0,0,20,67.3,1.6
5,2009,3000,1,73000.0,4,150,49.6,1.2
5,1998,2699,1,37000.0,4,160,41.5,1.2
6,2009,1950,1,50000.0,4,205,42.2,1.6
5,2008,2250,1,54000.0,4,145,47.1,1.2
6,2011,6400,1,98900.0,0,20,67.3,1.6
6,2008,2595,0,84500.0,4,260,36.7,1.6
6,2012,6500,1,43200.0,4,145,47.9,1.6
6,2017,11500,0,36200.0,0,0,67.3,1.5
6,2018,11995,1,15900.0,4,145,57.7,1.0
5,2014,6500,1,45600.0,0,0,76.4,1.5
5,2014,8795,1,41597.0,4,0,65.7,1.0
5,2016,7250,1,28500.0,4,0,65.7,1.0
5,2017,9995,1,34112.0,4,145,65.7,1.0
5,2013,6995,1,21500.0,4,0,65.7,1.0
5,2017,9995,0,51800.0,4,145,54.3,1.0
5,2017,11000,1,24000.0,4,145,65.7,1.0
1,2014,9500,1,19200.0,4,30,55.4,1.0
11,2012,4500,1,57500.0,4,30,57.7,1.2
5,2016,9500,1,30356.0,4,20,62.8,1.0
5,2013,7000,1,59650.0,4,0,65.7,1.0
6,2013,6500,1,46260.0,4,30,55.4,1.0
2,2017,10000,1,14000.0,4,125,53.3,1.0
6,2017,14000,0,5450.0,4,125,51.4,1.0
5,2008,2500,1,77500.0,4,165,45.6,1.4
6,2017,16995,1,23874.0,0,145,67.3,2.0
6,2018,13795,1,10231.0,4,145,60.1,1.0
16,2020,21769,1,169.0,4,145,50.4,1.0
13,2018,17750,1,16494.0,4,145,39.2,1.5
5,2018,9788,1,15432.0,4,145,65.7,1.0
6,2014,6900,1,55995.0,0,20,67.3,1.6
9,2018,13950,1,4354.0,4,145,54.3,1.0
8,2019,23950,0,600.0,0,145,43.5,2.0
13,2017,15493,0,9298.0,4,235,38.2,1.5
18,2019,22750,0,6000.0,0,145,53.3,2.0
14,2011,3995,1,62000.0,0,145,53.3,2.0
5,2012,2995,1,98000.0,4,125,50.4,1.2
6,2013,2995,1,130000.0,0,0,76.4,1.6
5,2011,2695,1,99000.0,4,125,50.4,1.2
6,2010,2495,1,100000.0,0,30,62.8,1.6
6,2012,4000,1,107300.0,0,20,67.3,1.6
11,2014,3295,1,53417.0,4,30,57.7,1.2
13,2013,8395,1,74576.0,0,145,53.3,2.0
5,2013,4995,1,51722.0,4,30,54.3,1.2
6,2012,7495,1,53785.0,0,125,56.5,2.0
1,2013,5495,1,81899.0,4,160,42.8,1.6
5,2010,2995,1,99000.0,4,145,49.6,1.2
11,2013,4500,1,40000.0,4,30,57.7,1.2
11,2013,4800,1,40000.0,4,30,57.7,1.2
6,2008,3695,1,50000.0,4,260,37.7,2.0
5,2009,4995,0,39000.0,4,200,43.4,1.4
8,2007,3395,1,134000.0,0,235,44.8,1.8
5,2018,16450,0,5602.0,4,145,48.7,1.0
5,2017,9980,1,17562.0,4,0,65.7,1.0
8,2017,19945,2,27829.0,0,145,52.3,2.0
6,2019,17980,1,14426.0,4,145,60.1,1.0
6,2017,11980,1,30680.0,0,0,74.3,1.5
6,2016,14980,1,30968.0,0,20,67.3,2.0
7,2005,2395,1,64000.0,0,30,64.2,1.4
6,2007,3495,1,44000.0,0,195,47.9,2.0
6,2006,2195,1,89000.0,0,120,58.9,1.6
5,2016,10195,1,15000.0,4,0,65.7,1.0
1,2009,3395,0,88000.0,4,300,34.9,2.0
1,2008,2895,1,90000.0,4,200,40.9,1.6
17,2013,14495,1,88000.0,0,240,28.3,3.2
13,2016,12500,1,30300.0,0,30,64.2,1.5
5,2015,7750,1,20130.0,4,125,54.3,1.2
5,2019,16980,1,2999.0,4,145,56.5,1.0
6,2019,15980,1,13999.0,4,145,58.9,1.0
6,2019,17980,1,5999.0,4,145,49.6,1.0
13,2019,23980,1,7999.0,0,145,39.2,2.0
6,2019,15480,1,15999.0,0,145,80.7,1.5
5,2017,8980,1,28036.0,4,125,54.3,1.2
5,2017,8980,1,27213.0,4,0,65.7,1.0
5,2017,9980,1,12700.0,4,0,65.7,1.0
6,2017,19980,1,10918.0,4,145,41.5,2.0
5,2018,11980,1,18419.0,4,145,62.8,1.0
6,2016,9980,1,32551.0,0,0,74.3,1.5
6,2016,15945,1,13903.0,4,200,41.5,2.0
2,2015,7980,1,54041.0,4,125,52.3,1.0
16,2020,23780,1,999.0,4,145,49.6,1.0
13,2017,18980,0,15000.0,4,240,38.2,1.5
6,2019,14980,1,16000.0,4,150,58.9,1.0
3,2017,20980,0,35000.0,0,150,48.7,2.0
13,2019,21980,1,12999.0,0,145,47.9,2.0
6,2016,10480,1,29500.0,0,0,74.3,1.5
6,2013,6480,1,55952.0,4,20,58.9,1.0
5,2017,9980,1,5965.0,4,150,65.7,1.0
6,2007,2895,0,54000.0,4,300,34.9,2.0
6,2016,8999,0,38120.0,4,125,51.4,1.0
18,2016,15000,1,49001.0,0,125,56.5,2.0
13,2014,13000,0,35469.0,4,260,36.7,1.6
5,2014,5999,1,59526.0,4,0,65.7,1.0
11,2015,3999,1,48085.0,4,30,57.7,1.2
13,2015,9999,1,52359.0,0,125,60.1,2.0
5,2019,13000,1,15820.0,4,145,60.1,1.0
2,2015,8499,1,29691.0,4,125,53.3,1.0
5,2019,19500,1,5000.0,4,145,40.3,1.5
5,2017,8600,1,33000.0,4,0,65.7,1.0
6,2017,10000,1,30000.0,0,0,74.3,1.5
5,2015,8900,1,31000.0,4,0,65.7,1.0
5,2018,11900,1,8000.0,4,145,65.7,1.0
2,2017,10200,1,15900.0,4,145,53.3,1.0
6,2019,15900,1,13000.0,0,145,80.7,1.5
6,2018,13700,1,10800.0,0,145,74.3,1.5
3,2016,17900,1,27500.0,0,160,48.7,2.0
6,2010,6495,1,28000.0,0,30,62.8,1.6
1,2017,12495,1,4019.0,4,160,44.1,1.6
5,2014,5995,1,66138.0,0,0,76.4,1.5
13,2019,18750,2,2500.0,0,145,37.2,2.0
13,2018,19950,0,1188.0,4,145,31.0,1.5
8,2019,22950,1,2000.0,0,145,55.4,2.0
20,2020,20950,0,409.0,0,145,44.1,1.5
5,2018,11950,1,9000.0,4,150,65.7,1.0
20,2019,17950,1,1956.0,0,145,61.4,1.5
6,2017,19980,1,12720.0,0,145,67.3,2.0
21,2018,21980,1,6959.0,0,145,46.3,2.0
5,2016,7980,1,42572.0,4,0,65.7,1.0
5,2019,16980,1,4003.0,4,145,60.1,1.0
21,2018,21980,1,26483.0,0,145,44.8,2.0
1,2016,9980,1,40712.0,4,30,55.4,1.0
13,2018,15980,1,16773.0,0,145,64.2,1.5
6,2019,20980,1,6999.0,4,145,49.6,1.0
5,2017,8980,1,29674.0,4,0,65.7,1.0
6,2019,17000,1,1500.0,4,145,60.1,1.0
0,2017,9000,1,35201.0,4,30,57.7,1.0
5,2014,6000,1,39138.0,4,30,54.3,1.2
6,2018,18000,1,3581.0,4,140,60.1,1.0
6,2017,10500,1,34800.0,4,145,60.1,1.0
11,2014,5000,1,22888.0,4,30,57.7,1.2
5,2017,10000,1,38500.0,4,0,65.7,1.0
2,2016,9250,1,14100.0,4,125,53.3,1.0
12,2017,7500,1,40150.0,4,145,57.7,1.2
6,2015,9298,1,18489.0,4,20,60.1,1.0
5,2017,9989,1,13998.0,4,0,65.7,1.0
5,2013,6579,1,20851.0,4,0,65.7,1.0
5,2013,6998,1,52431.0,4,0,65.7,1.0
5,2018,12995,1,26145.0,4,145,62.8,1.0
5,2014,8800,1,22950.0,4,145,47.9,1.6
6,2015,8400,1,42706.0,4,20,60.1,1.0
5,2012,7891,1,11000.0,4,160,42.8,1.2
13,2016,12290,1,63815.0,0,145,54.3,2.0
6,2017,9500,1,40096.0,0,0,74.3,1.5
6,2014,7990,0,19227.0,4,160,44.1,1.6
6,2016,9400,1,37300.0,4,20,60.1,1.0
1,2016,9500,0,13900.0,0,20,64.2,1.5
2,2017,11500,0,11016.0,4,160,44.8,1.5
2,2017,10700,1,23700.0,4,145,52.3,1.0
5,2018,11900,1,12600.0,0,150,88.3,1.5
5,2017,9700,1,8500.0,4,145,65.7,1.0
13,2019,23000,0,8000.0,0,145,38.7,2.0
0,2016,10980,1,27125.0,4,30,57.7,1.0
13,2015,12480,0,39326.0,0,145,52.3,2.0
5,2015,9480,1,37177.0,0,0,78.5,1.5
2,2017,10000,1,24500.0,4,150,53.3,1.0
2,2017,9600,1,39400.0,4,145,52.3,1.0
5,2017,10200,1,9900.0,4,145,65.7,1.0
6,2016,10700,1,30600.0,4,20,60.1,1.0
5,2016,8000,1,32200.0,4,0,65.7,1.0
5,2016,8800,1,35000.0,4,0,65.7,1.0
6,2018,17400,1,19000.0,4,145,41.5,2.0
14,2017,11800,1,40000.0,4,145,48.7,1.5
13,2016,15000,1,34248.0,0,145,54.3,2.0
5,2020,17200,1,2000.0,4,145,57.7,1.0
2,2017,9490,1,41954.0,0,145,64.2,1.5
12,2018,10490,1,8971.0,4,145,43.5,1.2
5,2015,7490,1,49121.0,4,0,65.7,1.0
6,2019,16495,1,7745.0,4,150,60.1,1.0
13,2014,10490,1,51356.0,0,145,53.3,2.0
6,2016,11490,1,33812.0,4,125,51.4,1.5
11,2016,4990,1,52576.0,4,30,57.7,1.2
5,2018,13990,1,11151.0,4,145,55.4,1.0
6,2018,18990,1,12131.0,0,145,67.3,2.0
13,2015,11990,1,29551.0,0,125,60.1,2.0
5,2016,9790,1,35047.0,0,0,78.5,1.5
2,2016,9990,1,14398.0,4,125,53.3,1.0
5,2015,8790,1,25665.0,4,0,65.7,1.0
5,2015,7490,1,42204.0,4,0,65.7,1.0
6,2017,11290,1,29787.0,0,0,74.3,1.5
5,2015,8491,1,7410.0,4,0,65.7,1.0
2,2017,9345,1,31468.0,4,125,53.3,1.0
13,2017,12170,1,27646.0,0,30,64.2,1.5
13,2017,12597,1,30574.0,0,145,54.3,2.0
6,2016,10991,1,25152.0,0,0,74.3,1.5
2,2014,7256,1,50666.0,4,125,53.3,1.0
5,2015,7830,1,37109.0,4,0,65.7,1.0
13,2019,18795,0,12564.0,4,145,31.0,1.5
13,2020,32995,0,11.0,2,135,201.8,2.5
14,2015,13689,2,31255.0,0,125,58.9,2.0
13,2019,16383,1,14639.0,4,150,34.4,1.5
2,2017,8849,1,19799.0,4,150,44.8,1.5
5,2018,10234,1,34486.0,4,150,65.7,1.0
5,2018,9544,1,31611.0,4,150,65.7,1.0
13,2019,17817,1,13987.0,4,150,39.2,1.5
5,2015,6634,1,45859.0,4,0,65.7,1.0
13,2019,18093,1,13012.0,4,150,39.2,1.5
5,2018,8429,1,29854.0,4,150,64.2,1.1
5,2018,9461,1,26016.0,4,150,64.2,1.1
13,2012,9490,0,56384.0,4,555,27.4,2.5
5,2019,17990,0,7295.0,4,145,48.7,1.0
5,2017,9595,1,19368.0,4,145,65.7,1.0
3,2016,18990,1,28043.0,0,160,48.7,2.0
0,2017,9990,1,18054.0,4,145,47.1,1.4
13,2019,20990,1,5812.0,0,145,54.3,1.5
6,2016,14990,1,40900.0,4,200,41.5,2.0
5,2018,11990,1,16073.0,4,145,65.7,1.0
5,2017,9490,1,30200.0,4,0,65.7,1.0
6,2014,7495,1,28100.0,4,30,56.5,1.0
13,2019,22995,0,5286.0,0,145,38.7,2.0
5,2017,9495,1,18000.0,4,125,54.3,1.2
2,2017,10495,1,24500.0,4,150,53.3,1.0
5,2018,12490,1,13131.0,4,145,62.8,1.0
6,2019,18495,1,6500.0,0,150,80.7,1.5
5,2018,11968,1,20288.0,4,145,65.7,1.0
6,2018,19315,1,16410.0,4,145,41.5,2.0
5,2017,7429,1,19816.0,4,125,54.3,1.2
5,2017,9193,1,23881.0,4,0,65.7,1.0
13,2019,21997,1,19.0,4,145,35.3,1.5
5,2016,7851,1,24437.0,4,125,54.3,1.2
5,2014,6289,1,40480.0,4,30,54.3,1.2
5,2019,12096,1,16420.0,4,145,60.1,1.0
6,2015,10261,1,21687.0,0,0,74.3,1.5
13,2016,12276,1,34730.0,0,125,60.1,2.0
3,2016,19419,0,20028.0,0,160,48.7,2.0
5,2019,8856,1,4475.0,4,145,64.2,1.1
14,2017,10998,1,55611.0,0,145,68.9,2.0
5,2018,9758,1,27614.0,4,145,65.7,1.0
14,2016,15393,0,10969.0,4,235,38.2,2.0
13,2015,14171,1,20760.0,0,145,54.3,2.0
5,2018,10995,1,10198.0,4,150,65.7,1.0
1,2016,10995,0,26000.0,0,20,64.2,1.5
13,2016,14995,1,24000.0,0,125,60.1,2.0
9,2017,12595,1,26000.0,0,30,64.2,1.5
6,2017,11295,1,43500.0,0,150,74.3,1.5
5,2017,9695,1,23000.0,4,150,65.7,1.0
2,2017,10995,1,21960.0,4,150,53.3,1.0
13,2017,15295,1,23000.0,0,150,54.3,2.0
1,2017,11795,1,24000.0,0,20,68.9,1.5
5,2017,9995,1,37500.0,4,0,65.7,1.0
6,2018,18990,1,14155.0,4,145,41.5,2.0
6,2015,10490,1,10974.0,4,20,61.4,1.0
5,2018,10297,1,33003.0,4,150,65.7,1.0
5,2017,9000,1,42876.0,4,145,65.7,1.0
6,2017,10750,1,14100.0,4,145,60.1,1.0
6,2015,8490,1,30345.0,0,20,67.3,1.6
5,2015,5495,1,55085.0,4,30,54.3,1.2
5,2013,5245,1,54000.0,0,0,76.4,1.5
5,2016,5400,1,56675.0,4,125,54.3,1.2
6,2015,7295,1,58291.0,0,20,67.3,1.6
6,2012,5048,1,60100.0,4,20,58.9,1.0
5,2016,8999,1,27000.0,4,20,62.8,1.0
13,2016,15295,1,42934.0,0,125,60.1,2.0
2,2018,12995,1,13601.0,0,145,68.9,1.5
5,2019,13995,1,8299.0,4,145,58.9,1.0
5,2018,11995,1,13672.0,4,145,65.7,1.0
6,2017,18995,1,14554.0,0,145,67.3,2.0
5,2018,10995,1,6890.0,4,145,65.7,1.0
6,2019,15995,1,8333.0,4,145,58.9,1.0
3,2017,20995,0,13260.0,0,160,48.7,2.0
5,2017,10495,1,39998.0,4,0,65.7,1.0
13,2013,9495,1,41126.0,4,200,42.8,1.6
13,2019,21995,1,7777.0,0,145,37.7,2.0
5,2019,15995,1,1667.0,4,145,58.9,1.0
6,2017,12495,1,30130.0,4,145,50.4,1.5
5,2019,11495,1,9284.0,4,150,55.4,1.1
12,2017,7995,1,7710.0,4,150,57.7,1.2
13,2018,16995,1,7060.0,0,145,64.2,1.5
5,2011,5499,1,35088.0,4,145,48.7,1.4
5,2015,6999,1,25000.0,4,0,65.7,1.0
6,2013,6199,1,36000.0,4,20,58.9,1.0
6,2016,9999,1,18000.0,0,0,74.3,1.5
6,2016,9999,1,16000.0,4,20,60.1,1.0
6,2012,5999,1,44988.0,4,30,56.5,1.0
5,2014,5699,1,25000.0,4,30,54.3,1.2
2,2015,7699,1,39000.0,0,30,61.4,1.5
5,2013,6999,2,31000.0,4,145,47.9,1.6
6,2009,2499,1,85000.0,4,200,42.2,1.6
1,2017,9491,1,20802.0,4,160,44.1,1.6
13,2019,17990,1,11658.0,4,145,35.3,1.5
5,2018,8980,1,11620.0,4,145,64.2,1.1
6,2017,15940,1,29984.0,0,145,67.3,2.0
14,2020,26290,0,7.0,2,135,47.1,2.0
2,2017,9690,1,29182.0,0,145,64.2,1.5
15,2016,24990,0,18000.0,4,325,28.8,2.3
6,2016,9990,1,14776.0,4,20,61.4,1.0
5,2019,11800,1,16334.0,4,145,60.1,1.0
13,2016,11290,1,36088.0,4,160,45.6,1.5
0,2017,8990,1,15999.0,0,0,74.4,1.5
6,2013,4975,0,76000.0,4,160,44.8,1.6
18,2014,10911,0,40000.0,0,300,39.8,2.2
11,2009,1954,1,85000.0,4,30,55.4,1.2
5,2010,2876,1,73000.0,4,145,48.7,1.4
5,2012,4963,1,45000.0,0,20,68.9,1.4
8,2013,7651,0,63000.0,0,200,47.1,2.0
1,2016,9690,1,25555.0,0,20,68.9,1.5
13,2017,14999,1,24000.0,0,145,54.3,1.5
6,2013,6450,1,50475.0,0,20,67.3,1.6
6,2011,3995,0,66164.0,4,205,42.2,1.6
2,2017,8995,1,29338.0,4,125,53.3,1.0
5,2014,10000,1,25891.0,4,150,47.9,1.6
12,2017,7499,1,16000.0,4,145,57.7,1.2
5,2009,3699,1,54000.0,4,150,49.6,1.2
13,2018,14500,1,34393.0,0,150,64.2,1.5
2,2017,9750,1,21500.0,4,150,53.3,1.0
0,2014,5888,1,45091.0,4,30,55.4,1.0
5,2019,10730,1,6427.0,4,150,55.4,1.1
6,2014,8000,1,20730.0,4,30,56.5,1.0
13,2019,17580,1,16081.0,4,145,35.3,1.5
10,2019,18490,1,11.0,0,145,46.3,1.5
9,2017,10400,1,33163.0,4,30,54.3,1.0
13,2019,18200,1,12111.0,4,145,35.3,1.5
5,2017,8790,1,19047.0,4,0,65.7,1.0
5,2019,16790,1,8950.0,4,145,40.3,1.5
2,2014,7500,1,34067.0,4,125,53.3,1.0
0,2017,8980,1,13395.0,4,145,55.4,1.0
6,2019,17780,1,10944.0,0,145,62.8,1.5
5,2010,5490,1,17733.0,4,150,47.9,1.6
6,2017,9990,1,42500.0,0,150,74.3,1.5
5,2017,7390,1,28500.0,4,150,54.3,1.3
13,2019,18990,1,8389.0,4,150,35.3,0.0
5,2018,9690,1,36338.0,4,145,65.7,1.0
6,2017,11290,1,37820.0,0,145,74.3,1.5
5,2016,8790,1,60112.0,4,145,47.9,1.6
12,2018,7397,1,11125.0,4,145,57.7,1.2
13,2014,9977,1,53000.0,0,200,47.9,2.0
1,2010,4977,1,71000.0,4,200,42.8,1.6
6,2015,6977,1,68000.0,0,20,67.3,1.6
5,2017,8977,1,21000.0,4,125,54.3,1.2
5,2014,5995,1,64000.0,4,30,54.3,1.2
6,2016,8977,1,69000.0,0,0,74.3,1.5
5,2015,5995,1,78000.0,4,125,54.3,1.2
14,2016,9477,1,65000.0,0,0,78.5,1.5
1,2017,9977,1,58000.0,0,20,68.9,1.5
1,2014,6499,0,52000.0,0,155,50.4,2.0
6,2017,10690,1,37351.0,0,0,74.3,1.5
5,2016,8990,1,12884.0,4,125,54.3,1.2
13,2017,13490,1,28808.0,0,145,60.1,2.0
6,2017,15997,1,15164.0,4,200,41.5,2.0
5,2018,9590,1,11539.0,4,145,60.1,1.0
0,2017,10490,0,15000.0,4,150,44.1,1.6
6,2015,7990,1,42000.0,0,0,74.3,1.5
6,2016,10690,0,8000.0,4,125,51.4,1.0
2,2015,7652,1,32328.0,4,125,53.3,1.0
6,2012,5995,1,59000.0,4,145,47.9,1.6
13,2017,15500,1,18400.0,0,150,54.3,2.0
5,2013,7000,1,48962.0,4,0,65.7,1.0
1,2017,13000,0,22375.0,0,150,58.9,2.0
5,2016,10000,1,28251.0,4,0,65.7,1.0
5,2015,7700,1,34530.0,4,0,65.7,1.0
6,2015,9700,1,42741.0,0,0,74.3,1.5
11,2018,8700,1,6878.0,4,145,57.7,1.2
5,2017,8400,1,15637.0,4,145,54.3,1.2
6,2013,6800,1,42817.0,0,20,67.3,1.6
6,2018,13000,1,18332.0,4,150,57.7,1.0
13,2014,9245,1,78800.0,0,200,47.9,2.0
6,2017,12895,1,13000.0,4,150,60.1,1.0
5,2009,3995,1,29000.0,0,0,76.3,1.6
6,2016,10995,0,14127.0,4,125,51.4,1.0
1,2017,10695,1,2374.0,4,30,55.4,1.0
13,2019,17995,1,7000.0,4,145,39.2,1.5
2,2016,9695,1,10218.0,0,30,64.2,1.5
5,2016,7495,1,19657.0,4,125,54.3,1.2
18,2017,15775,2,35939.0,0,145,52.3,2.0
13,2015,13675,1,39136.0,0,145,54.3,2.0
8,2016,15475,1,34787.0,0,125,56.5,2.0
13,2019,16600,1,145.0,4,145,40.4,1.5
5,2018,8700,1,29215.0,4,145,64.2,1.1
6,2016,11500,1,37446.0,0,0,74.3,1.5
1,2014,7700,1,30538.0,4,160,42.8,1.6
13,2015,14000,1,37484.0,0,125,60.1,2.0
6,2019,18800,0,17476.0,0,150,64.2,2.0
13,2019,18200,1,7877.0,0,145,38.2,2.0
13,2019,17700,1,5519.0,0,145,45.6,1.5
13,2017,12775,1,25913.0,0,30,64.2,1.5
6,2015,9175,0,17180.0,4,160,44.8,1.6
6,2014,6995,1,32887.0,4,150,47.9,1.6
8,2018,17995,2,23836.0,0,145,52.3,2.0
5,2017,10000,1,22515.0,4,150,65.7,1.0
5,2018,12300,1,7887.0,4,150,65.7,1.0
5,2015,7800,1,28065.0,4,0,65.7,1.0
11,2017,8600,1,9770.0,4,145,57.7,1.2
1,2015,9300,1,22198.0,0,30,61.4,1.6
5,2018,11000,1,15055.0,4,145,65.7,1.0
5,2017,9400,1,9288.0,4,125,54.3,1.2
8,2018,21600,1,9609.0,0,145,55.4,2.0
9,2017,12000,1,16509.0,4,30,54.3,1.0
5,2016,8300,1,30552.0,4,125,54.3,1.2
6,2017,12000,1,31727.0,0,0,74.3,1.5
5,2015,7300,1,34972.0,4,0,65.7,1.0
5,2017,8300,1,18542.0,4,125,54.3,1.2
5,2016,9500,1,40094.0,4,20,62.8,1.0
5,2019,12000,1,14063.0,4,145,60.1,1.0
5,2019,12600,1,13767.0,4,145,60.1,1.0
1,2017,10800,1,28602.0,0,20,68.9,1.5
6,2017,12000,1,31249.0,0,0,74.3,1.5
6,2015,8500,1,46342.0,0,0,74.3,1.5
5,2018,10500,1,23439.0,4,145,65.7,1.0
5,2018,9500,1,28521.0,4,145,64.2,1.1
1,2016,10000,0,23121.0,0,20,64.2,1.5
11,2015,5000,1,41830.0,4,30,57.7,1.2
13,2019,19800,1,8638.0,0,145,36.7,2.0
14,2017,15000,1,28304.0,0,150,62.8,2.0
6,2017,10700,1,31386.0,4,150,60.1,1.0
5,2015,7700,1,45604.0,4,0,65.7,1.0
5,2017,10000,0,25426.0,4,150,57.7,1.0
2,2017,10000,1,39813.0,4,125,52.3,1.0
6,2017,10495,1,13000.0,4,20,61.4,1.0
2,2017,9795,1,18000.0,4,125,52.3,1.0
13,2017,12395,1,19000.0,4,165,45.6,1.5
5,2017,10000,1,15217.0,4,0,65.7,1.0
2,2018,15000,1,16299.0,4,145,54.3,1.0
6,2015,10500,1,52571.0,0,20,70.6,2.0
2,2015,9000,1,11696.0,0,30,61.4,1.5
5,2016,8800,1,38392.0,4,0,65.7,1.0
6,2017,13500,1,12890.0,4,125,51.4,1.5
5,2019,13700,1,12411.0,4,145,55.4,1.0
5,2018,9700,1,23129.0,4,145,64.2,1.1
13,2018,17600,1,7602.0,0,145,64.2,1.5
13,2018,18700,1,3255.0,4,145,39.2,1.5
13,2017,16500,1,27429.0,0,145,60.1,2.0
5,2017,10000,1,10832.0,4,0,65.7,1.0
5,2016,9100,1,20540.0,4,0,65.7,1.0
5,2017,8100,1,19493.0,4,125,54.3,1.2
5,2016,9000,1,33206.0,4,0,65.7,1.0
5,2017,9000,1,20682.0,4,145,64.2,1.1
5,2016,10100,1,12477.0,4,0,65.7,1.0
13,2016,15500,0,18339.0,4,235,38.2,1.5
5,2016,10300,1,25997.0,4,0,65.7,1.0
5,2017,8300,1,23060.0,4,0,65.7,1.0
5,2018,13300,1,19941.0,4,145,65.7,1.0
5,2017,10300,1,23076.0,4,20,62.8,1.0
18,2016,15700,1,34247.0,0,125,56.5,2.0
5,2014,6800,1,30039.0,4,30,54.3,1.2
5,2016,9100,1,17598.0,4,125,54.3,1.2
5,2016,9900,1,25028.0,4,20,62.8,1.0
5,2017,8900,1,17342.0,4,125,54.3,1.2
5,2016,7200,1,39345.0,4,125,54.3,1.2
13,2019,18600,1,6741.0,0,145,47.9,2.0
5,2010,4750,1,91000.0,0,20,68.9,1.6
6,2015,8500,1,40000.0,0,20,67.3,1.6
11,2013,4750,1,40000.0,4,30,57.7,1.2
6,2015,6250,1,111000.0,0,0,74.3,1.5
6,2016,9400,1,43000.0,0,0,74.3,1.5
14,2017,11800,1,47000.0,0,0,78.5,1.5
13,2016,11900,1,45000.0,0,125,60.1,2.0
18,2017,19750,2,28000.0,0,160,51.4,2.0
0,2015,6500,1,68000.0,0,0,74.4,1.5
5,2015,7990,1,26000.0,4,0,65.7,1.0
5,2018,8500,1,60000.0,0,150,85.6,1.5
5,2017,9990,1,24000.0,4,145,65.7,1.0
5,2016,9990,0,27000.0,4,0,57.7,1.0
6,2017,11990,1,25000.0,0,145,74.3,1.5
5,2011,4800,1,47000.0,4,125,50.4,1.2
5,2013,6850,1,44000.0,4,30,54.3,1.2
5,2013,6500,1,34619.0,4,30,54.3,1.2
13,2019,17999,1,2576.0,4,145,34.4,1.5
5,2017,10250,0,39000.0,4,0,57.7,1.0
5,2013,8999,0,11000.0,4,145,47.9,1.6
18,2016,15500,1,40000.0,0,125,56.5,2.0
21,2017,16500,1,47000.0,0,200,44.8,2.0
11,2009,4990,1,6000.0,4,30,55.4,1.2
5,2016,7550,1,46000.0,0,0,78.5,1.5
5,2016,10990,1,31000.0,4,145,47.9,1.6
5,2017,7650,1,44000.0,0,0,78.5,1.5
13,2011,6950,1,84000.0,0,205,47.1,2.0
5,2016,10400,1,20000.0,4,20,62.8,1.0
13,2017,11490,1,26000.0,0,145,64.2,1.5
6,2017,24990,1,18000.0,4,145,36.7,2.3
14,2015,9490,1,52000.0,0,30,64.2,2.0
13,2015,8990,1,50000.0,0,125,60.1,2.0
18,2016,15990,0,30000.0,0,125,56.5,2.0
13,2018,15500,1,24000.0,0,145,64.2,1.5
5,2013,5900,1,66000.0,0,0,85.6,1.6
14,2016,9500,1,78000.0,0,0,78.5,1.5
6,2016,11990,1,45000.0,4,200,41.5,2.0
6,2016,7990,1,57000.0,0,0,74.3,1.5
5,2015,6990,1,28000.0,0,0,88.3,1.5
6,2017,10990,1,22000.0,4,145,60.1,1.0
14,2015,10490,0,54000.0,0,125,58.9,2.0
13,2017,10990,1,41000.0,0,145,64.2,1.5
5,2015,7490,1,69000.0,4,145,47.9,1.6
6,2016,6490,1,90000.0,0,0,74.3,1.5
5,2016,5990,1,40000.0,4,125,54.3,1.2
5,2016,6990,1,50000.0,4,0,65.7,1.0
6,2016,8490,1,35000.0,0,0,74.3,1.5
6,2016,7990,1,52000.0,0,0,74.3,1.5
6,2017,8990,1,40000.0,4,145,60.1,1.0
13,2016,12490,1,37000.0,0,145,54.3,2.0
6,2014,5990,1,58000.0,0,20,67.3,1.6
13,2016,12490,1,32000.0,4,160,45.6,1.5
6,2015,6490,1,62000.0,0,0,74.3,1.5
6,2016,6990,1,45000.0,4,20,61.4,1.0
6,2016,7990,1,28000.0,0,0,74.3,1.5
14,2016,11500,1,24000.0,0,0,78.5,1.5
6,2016,9500,1,46000.0,0,0,74.3,1.5
5,2018,10490,1,15000.0,4,145,62.8,1.0
14,2015,8490,1,62000.0,0,20,67.3,2.0
14,2015,7990,1,80000.0,0,20,68.9,2.0
6,2014,8990,1,76000.0,4,235,39.2,2.0
5,2014,7990,1,37000.0,4,145,47.9,1.6
5,2013,5990,1,91000.0,4,145,47.9,1.6
14,2016,8990,1,64000.0,0,30,64.2,2.0
14,2014,9490,1,47000.0,0,200,47.1,2.2
6,2016,7990,1,32000.0,0,0,74.3,1.5
6,2010,7490,1,54000.0,4,325,30.4,2.5
13,2016,11490,1,39000.0,4,160,45.6,1.5
13,2017,9990,1,49000.0,0,30,64.2,1.5
5,2016,8490,1,25000.0,4,20,62.8,1.0
5,2014,4490,1,51000.0,4,30,54.3,1.2
5,2017,10990,1,23000.0,4,145,47.9,1.6
5,2015,5490,1,34000.0,4,125,54.3,1.2
14,2014,8990,1,40000.0,0,125,53.3,2.0
13,2015,8990,1,57000.0,0,125,60.1,2.0
6,2013,9490,1,67000.0,4,235,39.2,2.0
5,2017,12400,1,24429.0,4,145,47.9,1.6
14,2017,13500,1,33841.0,0,30,64.2,2.0
5,2016,9600,1,24257.0,4,0,65.7,1.0
5,2016,9300,0,27593.0,4,0,57.7,1.0
5,2018,10800,1,33264.0,4,145,65.7,1.0
14,2018,17800,0,20170.0,4,145,44.8,1.5
5,2016,9500,1,49250.0,4,0,65.7,1.0
6,2016,15500,1,28344.0,0,20,67.3,0.0
5,2017,11500,1,25787.0,4,145,47.9,1.6
5,2014,9000,1,26460.0,4,0,65.7,1.0
13,2013,7990,0,91000.0,0,200,45.6,2.0
5,2016,5490,1,65000.0,0,0,78.5,1.5
6,2015,6990,1,48000.0,0,0,74.3,1.5
6,2017,10490,1,34000.0,0,20,70.6,2.0
5,2018,11900,0,15074.0,4,145,48.7,1.0
6,2013,7300,1,48881.0,0,20,67.3,1.6
6,2019,14300,1,1625.0,4,145,58.9,1.0
14,2016,10990,0,43000.0,0,125,58.9,2.0
14,2015,7990,1,67000.0,0,0,78.5,1.5
5,2018,12990,1,11000.0,0,145,58.9,1.5
5,2014,6990,1,66000.0,4,145,47.9,1.6
5,2016,5990,1,30000.0,4,125,54.3,1.2
6,2015,6490,1,69000.0,0,0,74.3,1.5
13,2015,12490,0,29000.0,0,145,52.3,2.0
5,2016,9490,1,26000.0,4,145,47.9,1.6
6,2015,14300,1,40457.0,0,20,67.3,0.0
5,2019,12300,1,16327.0,4,145,60.1,1.0
13,2019,18800,1,8579.0,4,145,39.2,1.5
5,2014,6000,1,62403.0,4,30,54.3,1.2
13,2019,17700,1,4899.0,0,145,45.6,1.5
5,2018,10700,1,16373.0,4,145,65.7,1.0
6,2017,17000,1,31357.0,4,200,41.5,2.0
5,2015,4990,1,32000.0,4,125,54.3,1.2
5,2015,9490,1,18000.0,4,145,47.9,1.6
5,2016,6990,1,32000.0,4,0,65.7,1.0
5,2016,7990,0,35000.0,4,0,57.7,1.0
5,2016,6490,1,44000.0,4,0,65.7,1.0
6,2015,10490,1,50000.0,0,20,67.3,2.0
5,2016,6490,1,27000.0,4,125,54.3,1.2
6,2017,10490,1,29000.0,0,145,74.3,1.5
14,2015,9490,1,38000.0,0,30,64.2,2.0
6,2016,6990,1,56000.0,0,0,74.3,1.5
5,2017,5990,1,73000.0,0,145,78.5,1.5
14,2016,10490,1,69000.0,0,30,64.2,2.0
6,2016,7490,1,58000.0,0,0,74.3,1.5
6,2015,10990,1,47000.0,4,200,41.5,2.0
5,2017,7990,1,19000.0,4,0,65.7,1.0
11,2014,3334,1,31935.0,4,30,57.7,1.2
14,2018,14399,0,28391.0,0,145,45.6,2.0
14,2018,14399,0,26793.0,0,145,45.6,2.0
5,2013,8795,1,48258.0,4,145,47.9,1.6
2,2014,7747,1,29982.0,4,160,44.8,1.5
6,2015,9657,0,9281.0,4,160,44.8,1.6
9,2016,10199,1,26297.0,0,30,64.2,1.5
13,2016,11999,1,28731.0,0,125,60.1,2.0
18,2016,15499,1,45018.0,0,125,56.5,2.0
5,2018,8490,1,17000.0,4,145,65.7,1.0
6,2017,15490,1,23000.0,0,145,67.3,2.0
13,2017,12227,1,51904.0,0,30,64.2,1.5
6,2014,7999,1,45918.0,0,20,67.3,1.6
1,2015,7999,1,34318.0,0,20,68.9,1.5
6,2015,11490,1,45000.0,0,20,67.3,2.0
14,2015,9490,1,61000.0,0,30,62.8,2.0
13,2014,8990,1,50000.0,0,145,53.3,2.0
5,2018,8490,1,12000.0,4,145,64.2,1.1
5,2017,6990,1,15000.0,4,145,54.3,1.2
5,2016,5490,1,68000.0,0,0,88.3,1.5
5,2014,7672,1,29959.0,4,0,65.7,1.0
6,2018,19999,1,7918.0,4,145,41.5,2.0
5,2014,8449,1,58671.0,4,145,47.9,1.6
5,2017,9999,1,32000.0,0,0,78.5,1.5
5,2014,5750,1,73000.0,4,30,54.3,1.2
5,2015,4990,1,45000.0,4,125,54.3,1.2
13,2016,11499,1,38693.0,0,125,60.1,2.0
0,2016,7636,1,21471.0,0,0,74.3,1.5
6,2013,5939,1,70199.0,0,20,67.3,1.6
9,2016,9799,1,37020.0,0,30,64.2,1.5
0,2016,8599,1,21091.0,0,0,74.4,1.5
6,2017,11748,1,22638.0,4,145,51.4,1.5
6,2015,12999,1,48542.0,0,20,67.3,2.0
14,2015,12999,0,51438.0,4,235,38.2,2.0
1,2015,9546,1,38080.0,0,30,64.2,2.0
6,2016,9799,1,22333.0,0,0,74.3,1.5
6,2013,6799,0,45194.0,4,160,44.8,1.6
6,2014,7096,1,53767.0,0,20,67.3,1.6
5,2018,12999,0,7706.0,4,145,54.3,1.0
5,2011,5176,1,50234.0,0,20,68.9,1.4
5,2013,6412,1,32166.0,4,30,54.3,1.2
6,2017,17299,1,26062.0,0,145,67.3,2.0
13,2015,12500,1,58150.0,0,150,54.3,2.0
5,2017,7800,1,34257.0,4,0,65.7,1.0
11,2013,3900,1,57830.0,4,30,57.7,1.2
5,2014,4395,1,83780.0,4,30,54.3,1.2
6,2012,4795,1,73626.0,0,20,67.3,1.6
6,2016,7500,1,82955.0,0,0,74.3,1.5
6,2012,6000,1,73913.0,0,20,67.3,1.6
6,2015,9800,1,29188.0,0,20,67.3,1.6
13,2013,9661,1,75282.0,0,200,47.9,2.0
5,2017,7699,1,24983.0,4,0,65.7,1.0
1,2016,9999,1,17698.0,0,20,68.9,1.5
6,2019,18250,0,3492.0,0,145,64.2,2.0
6,2019,16525,0,3220.0,0,145,64.2,2.0
6,2018,14525,0,9534.0,4,145,48.7,1.0
6,2018,14575,0,10999.0,4,145,48.7,1.0
6,2018,16000,0,5675.0,0,145,67.3,1.5
1,2016,8899,0,44336.0,0,20,64.2,1.5
5,2016,9632,1,18814.0,4,20,62.8,1.0
5,2017,8503,1,13080.0,4,125,54.3,1.2
6,2016,7842,1,71364.0,0,0,74.3,1.5
6,2018,18890,1,1454.0,4,145,41.5,2.0
6,2019,17199,0,3305.0,0,145,64.2,2.0
6,2019,17999,0,4134.0,0,145,64.2,2.0
6,2019,17999,0,5491.0,0,145,64.2,2.0
6,2019,17499,1,1986.0,0,145,62.8,2.0
5,2016,8439,1,19764.0,4,0,65.7,1.0
5,2017,8600,1,21780.0,4,0,65.7,1.0
5,2018,9399,1,31824.0,4,145,65.7,1.0
6,2015,8495,1,40746.0,0,0,74.3,1.5
5,2016,10400,1,26403.0,4,0,65.7,1.0
13,2019,17300,1,11448.0,4,145,34.4,1.5
5,2016,9500,1,29512.0,4,0,65.7,1.0
6,2016,11200,1,38635.0,4,0,74.3,1.5
5,2016,10900,1,5765.0,4,0,65.7,1.0
5,2016,11400,1,18342.0,4,145,47.9,1.6
5,2015,9000,0,22093.0,4,0,57.7,1.0
6,2017,11800,0,22008.0,4,145,51.4,1.0
5,2015,8100,1,26605.0,4,0,65.7,1.0
13,2013,9700,1,46719.0,0,145,53.3,2.0
5,2018,11300,1,32139.0,4,145,65.7,1.0
14,2018,16800,0,17960.0,0,145,58.9,2.0
9,2016,9126,1,38670.0,0,30,64.2,1.5
6,2016,9511,1,19276.0,4,20,60.1,1.0
5,2017,10780,1,16711.0,0,145,78.5,1.5
14,2016,10499,1,47635.0,0,0,78.5,1.5
5,2017,11512,1,13146.0,0,145,88.3,1.5
0,2016,9189,1,12444.0,0,0,74.4,1.5
13,2019,16199,1,11154.0,4,145,34.4,1.5
8,2012,8773,1,39653.0,4,235,39.2,1.6
18,2016,16999,0,40166.0,0,145,52.3,2.0
6,2017,13395,1,13338.0,4,145,57.7,1.0
5,2014,7552,1,26219.0,4,30,54.3,1.2
6,2013,6190,1,69000.0,0,20,67.3,1.6
5,2016,9033,1,13454.0,4,0,65.7,1.0
18,2016,16399,1,24886.0,0,125,56.5,2.0
9,2016,11499,0,19135.0,0,125,56.5,2.0
0,2015,8099,0,23115.0,4,160,44.1,1.6
1,2016,10290,1,34000.0,0,20,68.9,1.5
9,2016,9999,1,36511.0,0,30,64.2,1.5
13,2015,13731,1,29000.0,0,145,54.3,2.0
11,2011,2650,1,30475.0,4,30,57.7,1.2
5,2019,18917,1,7968.0,4,145,40.3,1.5
5,2018,8899,1,36512.0,4,145,65.7,1.0
5,2016,8250,1,13838.0,4,125,54.3,1.2
5,2015,7250,1,37224.0,4,0,65.7,1.0
6,2017,10750,1,23000.0,4,145,60.1,1.0
5,2009,5450,1,45000.0,0,20,67.3,1.6
5,2014,7999,1,40000.0,4,30,54.3,1.2
6,2015,7990,1,55000.0,0,0,74.3,1.5
5,2012,5650,1,64000.0,4,145,48.7,1.6
2,2015,8450,1,41000.0,4,125,53.3,1.0
5,2013,6950,1,54000.0,4,0,65.7,1.0
13,2016,12500,1,47000.0,0,125,60.1,2.0
5,2012,4500,1,74731.0,4,150,48.7,1.4
5,2016,7999,1,34547.0,4,0,65.7,1.0
14,2005,675,1,97000.0,0,205,48.7,2.0
6,2012,6500,1,66100.0,0,20,67.3,1.6
6,2017,12128,1,21399.0,4,145,57.7,1.0
6,2017,12270,1,18866.0,4,145,57.7,1.0
13,2014,10899,1,42021.0,0,160,47.9,2.0
6,2015,9495,1,30408.0,0,20,67.3,1.6
6,2015,10299,0,38286.0,0,30,64.2,2.0
13,2019,16399,1,6134.0,4,145,39.2,1.5
5,2015,9299,0,5040.0,4,30,57.7,1.0
13,2016,12454,1,35755.0,0,125,60.1,2.0
5,2016,8500,1,29368.0,4,20,62.8,1.0
2,2017,9399,1,15285.0,4,145,44.8,1.5
11,2015,4749,1,32897.0,4,30,57.7,1.2
9,2016,9999,1,27169.0,0,30,64.2,1.5
18,2017,17999,1,16018.0,0,145,56.5,2.0
14,2015,11495,1,9719.0,0,0,78.5,1.5
6,2013,6545,1,47738.0,0,20,67.3,1.6
6,2014,7499,1,20798.0,4,30,56.5,1.0
5,2012,5366,1,54754.0,4,145,48.7,1.4
13,2016,10499,1,53592.0,0,125,60.1,2.0
5,2015,7812,1,46995.0,4,20,62.8,1.0
18,2016,17988,1,36918.0,0,125,56.5,2.0
9,2016,10249,0,24087.0,0,30,58.9,1.5
11,2015,5192,1,22366.0,4,30,57.7,1.2
6,2019,18200,1,5184.0,0,145,70.6,2.0
6,2019,16125,1,1388.0,4,145,51.4,1.5
5,2012,4699,1,66302.0,4,145,48.7,1.4
0,2016,8999,1,8629.0,0,0,74.4,1.5
5,2013,7426,1,38766.0,4,0,65.7,1.0
11,2012,4195,1,19959.0,4,30,57.7,1.2
3,2016,19400,1,11655.0,0,160,48.7,2.0
1,2016,9265,1,33092.0,0,20,68.9,1.5
5,2017,10399,1,19059.0,0,145,88.3,1.5
6,2017,10099,1,28099.0,0,0,74.3,1.5
9,2016,10099,1,17621.0,0,30,64.2,1.5
5,2017,12299,1,13615.0,4,145,47.9,1.6
5,2017,9271,1,30160.0,4,0,65.7,1.0
13,2017,16499,0,35167.0,0,145,54.3,2.0
6,2015,8225,1,33786.0,0,0,74.3,1.5
8,2017,17999,1,34036.0,0,125,56.5,2.0
6,2011,5999,0,48370.0,4,160,44.1,1.6
9,2011,6499,1,48718.0,4,200,40.9,1.6
6,2017,9999,0,39198.0,0,145,74.3,1.5
5,2014,8699,1,44663.0,4,145,47.9,1.6
5,2016,8099,1,12072.0,4,125,54.3,1.2
6,2019,17999,0,3824.0,0,145,64.2,2.0
9,2016,9268,1,42619.0,0,30,64.2,1.5
6,2018,14650,1,11144.0,0,145,74.3,1.5
2,2019,13475,1,7669.0,0,145,67.3,1.5
6,2016,9999,1,27343.0,0,0,74.3,1.5
5,2016,6789,1,24162.0,4,125,54.3,1.2
14,2016,10999,0,54347.0,0,125,57.7,2.0
14,2015,8390,1,52352.0,0,20,68.9,2.0
5,2014,8466,1,8454.0,4,0,65.7,1.0
18,2016,15199,1,22589.0,0,125,56.5,2.0
6,2017,11999,1,18153.0,4,145,51.4,1.5
14,2018,14399,0,28201.0,0,145,45.6,2.0
1,2016,9399,0,35724.0,0,20,64.2,1.5
8,2017,19223,1,8204.0,0,145,56.5,2.0
5,2017,8699,1,42013.0,4,145,62.8,1.0
6,2017,18899,1,11010.0,4,145,41.5,2.0
6,2017,10671,1,36013.0,0,145,74.3,1.5
5,2013,6799,1,35938.0,4,30,54.3,1.2
14,2015,8299,1,84637.0,0,20,68.9,2.0
5,2015,6980,1,28329.0,4,125,54.3,1.2
11,2013,3820,1,45804.0,4,30,57.7,1.2
6,2019,18125,0,3376.0,0,145,64.2,2.0
6,2019,17999,1,1291.0,0,145,62.8,2.0
6,2019,17850,0,4233.0,0,145,74.3,1.5
13,2017,15165,1,13720.0,4,145,45.6,1.5
13,2016,10999,1,34879.0,0,125,60.1,2.0
5,2016,7599,1,15385.0,4,125,54.3,1.2
6,2017,15400,1,10253.0,0,20,67.3,2.0
6,2017,11489,1,26549.0,0,145,74.3,1.5
5,2016,9643,1,29842.0,4,0,65.7,1.0
13,2015,10781,0,50323.0,0,145,52.3,2.0
6,2017,17451,1,14584.0,0,145,67.3,2.0
5,2015,8524,1,58363.0,4,145,47.9,1.6
6,2016,9399,1,32041.0,0,0,74.3,1.5
11,2015,5791,1,17398.0,4,30,57.7,1.2
5,2014,7432,1,32500.0,4,30,54.3,1.2
6,2017,11695,1,21502.0,0,145,74.3,1.5
6,2017,11649,1,23765.0,0,145,74.3,1.5
6,2017,10752,1,22936.0,4,145,60.1,1.0
5,2016,10199,1,22632.0,4,145,47.9,1.6
6,2017,10499,1,23077.0,4,145,60.1,1.0
5,2015,7499,1,49636.0,4,0,65.7,1.0
5,2018,9699,1,26402.0,4,145,64.2,1.1
5,2014,7679,1,41217.0,4,0,65.7,1.0
6,2015,9799,1,28024.0,0,0,74.3,1.5
6,2014,7673,0,30093.0,4,160,44.8,1.6
14,2018,14399,0,24842.0,0,145,45.6,2.0
9,2016,9999,1,29843.0,0,30,64.2,1.5
9,2016,9999,1,28772.0,0,30,64.2,1.5
5,2014,7446,1,26513.0,4,0,65.7,1.0
14,2012,7499,0,28139.0,0,160,50.4,2.0
5,2017,9899,1,22711.0,0,145,88.3,1.5
5,2015,8669,1,16925.0,4,0,65.7,1.0
5,2015,6799,1,43670.0,0,0,88.3,1.5
5,2016,7744,1,22692.0,4,125,54.3,1.2
13,2014,10399,1,48739.0,0,160,47.9,2.0
6,2018,10798,1,14678.0,4,145,61.4,1.0
13,2014,9870,1,39663.0,0,145,53.3,2.0
9,2016,9999,1,31860.0,0,30,64.2,1.5
5,2015,8284,1,11498.0,0,0,88.3,1.5
5,2017,7849,1,19298.0,4,145,65.7,1.0
6,2017,11799,1,17315.0,0,145,74.3,1.5
5,2016,8284,1,12956.0,4,0,65.7,1.0
5,2018,12764,1,15900.0,4,145,58.9,1.0
5,2015,7999,0,19581.0,4,145,47.9,1.6
5,2016,8574,1,12620.0,4,0,65.7,1.0
5,2018,9698,1,14961.0,4,145,55.4,1.1
5,2017,9191,1,10729.0,4,145,64.2,1.1
13,2018,17923,1,19908.0,0,145,60.1,2.0
5,2016,7058,1,15140.0,4,125,54.3,1.2
6,2015,8382,0,34808.0,4,160,44.8,1.6
5,2016,11499,1,19436.0,4,145,47.9,1.6
6,2018,12995,1,18670.0,4,145,57.7,1.0
6,2017,11295,1,19337.0,4,145,60.1,1.0
13,2017,14250,1,26814.0,4,160,45.6,1.5
5,2015,6799,1,67391.0,4,0,65.7,1.0
13,2016,13699,1,33338.0,0,125,60.1,2.0
5,2015,9880,1,37666.0,4,145,47.9,1.6
0,2017,9694,1,9073.0,4,30,55.4,1.0
6,2019,18499,1,4945.0,4,145,50.4,1.5
6,2013,7182,1,56984.0,0,20,67.3,1.6
6,2018,14299,1,7498.0,4,145,57.7,1.0
5,2017,8999,1,6238.0,4,145,64.2,1.1
18,2017,18499,0,10172.0,0,145,52.3,2.0
5,2017,8999,1,10731.0,4,145,64.2,1.1
1,2013,5399,1,76156.0,4,160,42.8,1.6
6,2016,8490,1,20587.0,4,20,61.4,1.0
6,2016,13890,1,35842.0,0,20,67.3,2.0
13,2015,13590,0,19673.0,0,150,52.3,2.0
6,2016,14690,1,31452.0,0,20,67.3,2.0
13,2018,12999,0,34592.0,0,145,58.9,1.5
13,2016,12999,1,36061.0,0,125,60.1,2.0
5,2014,6499,1,30876.0,0,0,76.4,1.5
5,2016,7541,1,14299.0,4,125,54.3,1.2
5,2018,11980,1,20257.0,4,145,65.7,1.0
5,2018,10999,1,25424.0,0,145,58.9,1.5
10,2017,24500,1,9000.0,0,145,64.2,1.5
5,2018,9990,1,20528.0,4,145,56.5,1.0
2,2016,8690,1,16838.0,4,160,44.8,1.5
6,2013,5995,1,58610.0,4,145,47.9,1.6
14,2002,895,1,136784.0,4,300,36.2,1.8
5,2015,7390,1,36236.0,4,0,65.7,1.0
5,2019,12790,1,10824.0,4,145,58.9,1.0
0,2017,9490,1,9850.0,4,145,56.5,1.0
5,2017,7990,1,24003.0,4,145,64.2,1.1
1,2018,12699,1,8702.0,4,145,55.4,1.0
7,2011,3999,1,35006.0,4,200,42.8,1.6
13,2017,13968,1,23452.0,0,30,64.2,1.5
6,2013,6143,1,40428.0,4,20,58.9,1.0
6,2015,12942,1,30768.0,4,200,41.5,2.0
0,2015,6999,1,50123.0,4,30,55.4,1.0
13,2018,18328,1,11581.0,4,145,39.2,1.5
6,2016,11499,1,24845.0,0,20,70.6,2.0
5,2013,5356,1,69078.0,0,0,85.6,1.6
6,2017,11899,1,17445.0,4,145,60.1,1.0
9,2013,6826,0,60037.0,0,160,48.7,2.0
6,2019,17999,0,2594.0,0,145,67.3,1.5
6,2019,17999,0,1480.0,0,145,64.2,2.0
8,2016,14999,1,32170.0,0,125,56.5,2.0
6,2015,8899,0,7802.0,4,160,44.8,1.6
13,2015,11589,1,13586.0,0,125,60.1,2.0
14,2018,14399,0,22645.0,0,145,45.6,2.0
3,2018,22999,0,15471.0,0,145,48.7,2.0
13,2017,16499,1,19610.0,0,145,60.1,2.0
9,2016,10499,0,17893.0,0,30,58.9,1.5
13,2017,12999,1,40860.0,0,125,60.1,2.0
13,2019,15541,1,13952.0,0,145,54.3,1.5
6,2012,5379,1,71963.0,4,145,47.9,1.6
5,2015,7626,1,22501.0,0,0,78.5,1.5
6,2014,8483,1,48739.0,4,20,60.1,1.0
6,2019,18699,0,3588.0,4,145,39.2,1.5
6,2019,18599,0,3720.0,0,145,64.2,2.0
6,2019,16999,1,4714.0,0,145,57.7,1.5
5,2015,6733,1,74133.0,4,0,65.7,1.0
6,2017,12599,1,22111.0,4,145,50.4,1.5
1,2013,6526,1,29349.0,4,160,42.8,1.6
6,2016,14999,1,32990.0,0,20,67.3,2.0
6,2018,13999,1,8666.0,4,145,57.7,1.0
5,2017,9999,1,7805.0,4,145,64.2,1.1
1,2014,8000,1,20556.0,0,30,61.4,1.6
9,2016,13499,0,19525.0,0,125,56.5,2.0
6,2015,8350,0,18403.0,4,160,44.8,1.6
6,2018,16999,1,9577.0,0,145,74.3,1.5
6,2019,17699,0,1821.0,0,145,74.3,1.5
5,2017,9899,1,22385.0,4,145,65.7,1.0
6,2012,7490,1,43325.0,4,145,47.9,1.6
5,2009,3990,1,53583.0,0,20,67.3,1.4
9,2011,5490,1,64000.0,4,200,40.9,1.6
5,2014,7676,1,22358.0,0,0,76.4,1.5
18,2016,15369,1,36932.0,0,125,56.5,2.0
13,2013,9218,1,50834.0,0,145,53.3,2.0
6,2017,12500,1,8220.0,0,0,74.3,1.5
5,2015,7960,1,17164.0,4,0,65.7,1.0
5,2012,6490,1,28000.0,4,125,48.7,1.4
6,2011,5450,1,63000.0,0,20,67.3,1.6
14,2009,4150,1,79000.0,0,200,44.8,2.2
8,2012,7990,1,75179.0,0,165,49.6,2.0
5,2016,8999,0,16213.0,4,0,57.7,1.0
14,2015,10190,1,37406.0,0,20,68.9,2.0
5,2013,4940,1,39932.0,4,30,54.3,1.2
5,2016,6870,1,67901.0,4,125,54.3,1.2
5,2015,9640,1,28088.0,4,145,47.9,1.6
6,2016,8940,1,48687.0,0,0,74.3,1.5
6,2015,7996,1,44000.0,4,20,60.1,1.0
0,2013,5473,1,50174.0,4,30,55.4,1.0
6,2017,9699,1,23183.0,4,145,60.1,1.0
6,2017,12495,0,20693.0,4,145,46.3,1.5
5,2018,11999,1,5612.0,4,145,65.7,1.0
5,2018,9999,1,9813.0,4,145,64.2,1.1
6,2014,7000,1,43016.0,0,20,67.3,1.6
8,2016,12940,1,85259.0,0,125,56.5,2.0
5,2016,7989,1,75929.0,0,0,78.5,1.5
5,2013,5949,1,52135.0,0,0,85.6,1.6
14,2016,8640,1,88393.0,0,30,64.2,2.0
14,2017,10440,1,51318.0,0,20,67.3,2.0
5,2016,6940,1,75386.0,0,0,78.5,1.5
5,2018,9999,1,13614.0,4,145,64.2,1.1
5,2018,9299,1,2398.0,4,145,64.2,1.1
6,2018,15999,1,16582.0,4,145,41.5,2.0
2,2016,8499,1,31530.0,4,125,53.3,1.0
9,2018,15999,0,1298.0,0,145,51.4,1.5
13,2014,8999,1,47772.0,0,145,53.3,2.0
6,2017,10999,1,15555.0,4,145,58.9,1.0
6,2018,10999,1,10374.0,4,145,61.4,1.0
6,2014,8940,0,29192.0,4,160,44.8,1.6
6,2014,6840,1,69000.0,0,20,67.3,1.6
6,2015,5750,1,78000.0,0,20,67.3,1.6
5,2015,8845,1,29194.0,4,0,65.7,1.0
5,2014,6995,1,51438.0,4,0,65.7,1.0
0,2013,5495,1,62774.0,4,150,47.1,1.4
6,2016,8497,1,52821.0,0,0,74.3,1.5
6,2016,8470,1,89827.0,0,0,74.3,1.5
1,2012,5270,1,87611.0,4,200,42.8,1.6
5,2017,9640,1,16697.0,0,0,78.5,1.5
5,2014,7340,1,30000.0,4,0,65.7,1.0
5,2014,6940,1,32000.0,4,0,65.7,1.0
6,2013,5749,1,69000.0,4,30,56.5,1.0
6,2017,11333,0,30452.0,4,125,51.4,1.0
5,2016,8795,1,27705.0,4,0,65.7,1.0
5,2008,3995,1,76517.0,0,150,47.9,1.6
14,2016,8695,1,69778.0,0,0,74.3,1.5
14,2016,8995,1,79265.0,0,30,64.2,2.0
5,2015,8288,1,14653.0,4,0,65.7,1.0
14,2015,8794,1,97000.0,0,30,65.7,2.0
14,2016,6993,1,112000.0,0,20,67.3,2.0
5,2018,11997,1,10230.0,4,145,58.9,1.0
2,2017,8697,1,33866.0,4,125,52.3,1.0
5,2018,10497,1,28247.0,4,145,62.8,1.0
3,2017,19997,0,20540.0,0,160,48.7,2.0
6,2016,9797,1,25286.0,0,0,74.3,1.5
11,2014,4490,1,49195.0,4,30,57.7,1.2
14,2012,4190,1,82773.0,0,145,53.3,2.0
0,2015,7890,0,16796.0,4,160,44.1,1.6
13,2015,10488,1,59498.0,0,125,60.1,2.0
5,2014,6988,1,53987.0,4,0,65.7,1.0
2,2016,8688,1,17543.0,4,160,44.8,1.5
6,2017,10990,1,37287.0,0,150,74.3,1.5
13,2014,9970,0,67401.0,0,205,45.6,2.0
8,2017,17970,2,27503.0,0,145,52.3,2.0
9,2013,8470,0,47421.0,0,165,48.7,2.0
6,2018,11970,1,37349.0,0,150,74.3,1.5
6,2019,15970,0,404.0,4,145,47.9,1.5
8,2016,19970,2,10121.0,0,145,52.3,2.0
8,2013,6470,1,99900.0,0,150,52.3,1.6
18,2012,10997,0,39125.0,0,200,47.1,2.0
5,2017,9797,1,24138.0,4,145,62.8,1.0
6,2017,11797,1,12255.0,4,20,60.1,1.0
14,2010,3692,1,113000.0,0,160,50.4,2.0
14,2017,7391,1,111000.0,0,20,67.3,2.0
14,2016,6991,1,127000.0,0,30,64.2,2.0
14,2015,6893,1,130000.0,0,20,68.9,2.0
14,2010,2694,1,130000.0,0,145,53.3,2.0
14,2015,7991,1,90000.0,0,20,68.9,2.0
14,2010,3692,0,113000.0,0,165,50.4,2.0
13,2015,7991,1,128000.0,0,150,54.3,2.0
14,2016,7992,1,132000.0,0,30,62.8,2.0
13,2015,7991,1,128000.0,0,145,54.3,2.0
14,2015,7792,1,100000.0,0,20,68.9,2.0
14,2017,7793,1,114000.0,0,30,65.7,2.0
14,2015,6793,1,130000.0,0,30,65.7,2.0
14,2014,5393,1,132000.0,0,30,61.4,2.0
14,2015,6391,1,142000.0,0,20,68.9,2.0
13,2015,7992,1,123000.0,0,125,60.1,2.0
14,2015,6391,1,110000.0,0,20,67.3,2.0
6,2016,7793,1,100000.0,0,20,70.6,2.0
13,2017,12491,1,96000.0,0,150,54.3,2.0
14,2015,6793,1,138000.0,0,20,68.9,2.0
14,2007,1795,1,135391.0,0,205,46.3,2.2
5,2015,9495,1,50460.0,4,150,47.9,1.6
6,2018,18490,0,19398.0,0,150,61.4,2.0
6,2013,10899,1,55865.0,4,235,39.2,2.0
5,2011,3249,1,92737.0,0,20,68.9,1.4
5,2014,6949,1,41076.0,4,0,65.7,1.0
5,2017,7393,1,102000.0,4,150,65.7,1.0
6,2016,7793,1,106000.0,0,20,70.6,2.0
8,2016,10792,0,117000.0,0,150,52.3,2.0
14,2016,7492,1,128000.0,0,0,78.5,1.5
14,2015,6793,1,130000.0,0,20,68.9,2.0
14,2016,7792,1,105000.0,0,0,78.5,1.5
5,2007,1295,1,108475.0,4,160,45.6,1.4
5,2008,1495,1,118000.0,0,30,62.8,1.4
14,2016,8795,1,94799.0,0,30,64.2,2.0
14,2016,8793,1,108000.0,0,30,65.7,2.0
2,2018,15900,0,5603.0,4,145,48.7,1.0
5,2014,6450,1,54486.0,4,0,65.7,1.0
6,2019,15500,1,3914.0,4,145,60.1,1.0
6,2011,4899,1,77543.0,0,20,67.3,1.6
11,2011,2890,1,67532.0,4,30,57.7,1.2
5,2019,11990,1,12950.0,0,150,58.9,1.5
1,2016,9999,0,14113.0,0,20,64.2,1.5
6,2018,12539,0,14952.0,4,145,51.4,1.0
5,2017,10069,1,17613.0,4,145,62.8,1.0
5,2017,9739,1,23500.0,4,20,62.8,1.0
6,2018,12089,1,28568.0,0,145,74.3,1.5
5,2016,10399,1,13475.0,0,0,78.5,1.5
13,2016,12999,1,12825.0,0,125,60.1,2.0
8,2017,17999,1,35369.0,0,125,56.5,2.0
5,2016,8240,1,25388.0,0,0,78.5,1.5
6,2016,10795,1,16300.0,4,20,60.1,1.0
6,2015,5492,1,114000.0,0,0,74.3,1.5
13,2017,12491,1,96000.0,0,145,54.3,2.0
13,2015,8391,1,109000.0,0,145,54.3,2.0
14,2010,3493,1,140000.0,0,145,53.3,2.0
14,2016,6992,1,134000.0,0,20,67.3,2.0
14,2015,5991,1,130000.0,0,0,78.5,1.5
13,2013,9921,0,49372.0,0,200,45.6,2.0
5,2016,7548,1,17079.0,4,125,54.3,1.2
5,2014,7299,1,31876.0,4,0,65.7,1.0
5,2015,7499,1,58592.0,0,0,78.5,1.5
1,2014,7470,1,39197.0,0,30,61.4,1.6
13,2017,18849,0,15073.0,0,145,54.3,2.0
5,2017,11799,1,26570.0,4,145,47.9,1.6
14,2018,13999,0,34500.0,0,145,45.6,2.0
6,2018,15999,1,7873.0,0,145,80.7,1.5
6,2016,8999,1,65920.0,0,0,74.3,1.5
5,2014,8649,1,45379.0,4,145,47.9,1.6
6,2017,11599,0,22436.0,4,145,51.4,1.0
14,2015,9361,1,69894.0,0,20,68.9,2.0
14,2016,9362,1,65799.0,0,0,78.5,1.5
6,2019,18999,0,4146.0,4,145,47.9,1.5
6,2016,9499,1,62664.0,0,0,74.3,1.5
5,2015,9999,1,29469.0,4,145,47.9,1.6
6,2015,13084,1,40807.0,4,200,41.5,2.0
14,2016,9999,1,54955.0,0,0,78.5,1.5
1,2016,10999,0,11313.0,0,20,64.2,1.5
5,2012,4852,1,61350.0,0,0,68.9,1.6
13,2019,17623,1,8978.0,0,145,45.6,1.5
5,2016,9907,1,19519.0,4,0,65.7,1.0
5,2016,7935,1,45018.0,4,0,65.7,1.0
5,2018,11913,1,18639.0,4,145,62.8,1.0
5,2013,6913,1,41148.0,4,0,65.7,1.0
6,2016,13815,1,48628.0,0,20,67.3,2.0
5,2017,10999,1,16613.0,4,145,62.8,1.0
11,2010,3995,1,33563.0,4,30,55.4,1.2
13,2017,15995,0,46210.0,0,145,54.3,2.0
6,2015,12787,1,39772.0,0,20,67.3,2.0
8,2017,17999,1,35495.0,0,125,56.5,2.0
5,2016,8699,1,7973.0,4,0,65.7,1.0
5,2016,7147,1,32780.0,4,0,65.7,1.0
5,2014,6934,1,42020.0,4,0,65.7,1.0
5,2016,9999,1,14063.0,4,0,65.7,1.0
5,2013,6540,1,27550.0,4,30,54.3,1.2
5,2016,8244,1,19453.0,0,0,78.5,1.5
6,2016,9545,0,33190.0,0,20,67.3,1.5
6,2016,22499,1,21000.0,4,235,36.7,2.3
0,2013,6992,0,32482.0,4,160,44.1,1.6
9,2016,9834,1,32151.0,0,30,64.2,1.5
6,2017,17098,1,22431.0,0,145,67.3,2.0
1,2016,8599,1,22517.0,0,20,68.9,1.5
14,2018,13999,0,39993.0,0,145,45.6,2.0
0,2013,7349,0,9595.0,4,160,44.1,1.6
18,2016,14331,0,33230.0,0,125,52.3,2.0
6,2016,9491,1,30380.0,0,0,74.3,1.5
2,2016,8199,1,33196.0,4,160,44.8,1.5
5,2014,5899,1,46314.0,4,30,54.3,1.2
5,2014,7132,1,29639.0,4,30,54.3,1.2
5,2017,10449,1,17468.0,0,0,78.5,1.5
14,2015,11275,1,32508.0,0,20,68.9,2.0
6,2017,12499,1,52492.0,4,145,50.4,1.5
5,2016,9299,1,18328.0,0,0,88.3,1.5
5,2016,8105,1,32268.0,4,0,65.7,1.0
13,2017,16399,1,39967.0,0,145,54.3,2.0
5,2017,7763,1,29435.0,4,145,54.3,1.2
6,2014,11318,1,40402.0,4,235,39.2,2.0
5,2014,6790,1,60918.0,4,0,65.7,1.0
6,2019,19000,0,5310.0,4,145,46.3,1.5
5,2016,9995,1,22607.0,4,0,65.7,1.0
11,2014,3918,1,40150.0,4,30,57.7,1.2
5,2014,9293,1,33872.0,4,150,47.9,1.6
5,2012,4431,1,41485.0,0,0,76.4,1.6
13,2016,13919,1,45000.0,0,125,60.1,2.0
5,2018,10999,1,31620.0,0,145,58.9,1.5
6,2018,13449,1,15250.0,4,145,57.7,1.0
0,2017,8399,1,19913.0,4,145,47.1,1.4
6,2017,18199,1,13000.0,4,145,41.5,2.0
6,2017,11999,1,26973.0,4,145,57.7,1.0
6,2019,18700,0,3095.0,0,145,64.2,2.0
5,2016,7825,1,22502.0,4,0,65.7,1.0
6,2019,15510,1,1786.0,4,145,58.9,1.0
6,2017,12012,1,20621.0,4,145,57.7,1.0
2,2017,9893,1,39888.0,4,125,52.3,1.0
5,2019,14652,1,20059.0,4,145,40.3,1.5
5,2015,7511,1,46243.0,0,0,78.5,1.5
6,2019,17999,0,3521.0,0,145,64.2,2.0
3,2016,19900,0,22188.0,0,200,47.9,2.0
5,2016,7891,1,15543.0,4,125,54.3,1.2
0,2014,7376,0,41976.0,4,160,44.1,1.6
5,2016,8344,1,19648.0,4,0,65.7,1.0
6,2015,9610,1,50332.0,4,125,51.4,1.5
9,2016,9709,1,45690.0,0,30,64.2,1.5
5,2014,7731,1,26822.0,4,0,65.7,1.0
6,2015,10295,1,23742.0,0,0,74.3,1.5
8,2017,17999,1,32910.0,0,125,56.5,2.0
5,2018,10999,1,30295.0,4,145,65.7,1.0
15,2018,25000,1,21632.0,4,145,35.3,2.3
0,2016,9186,1,19659.0,0,0,74.4,1.5
6,2017,12295,1,23016.0,4,145,51.4,1.5
6,2017,10999,1,13671.0,4,145,60.1,1.0
6,2017,12120,1,16853.0,4,145,57.7,1.0
6,2018,12499,1,17330.0,0,145,74.3,1.5
6,2015,7899,1,60482.0,0,0,74.3,1.5
6,2017,11999,1,20310.0,0,145,74.3,1.5
6,2016,15749,1,19664.0,4,200,41.5,2.0
6,2019,17699,0,3252.0,0,145,64.2,2.0
5,2019,16399,1,6937.0,4,145,40.3,1.5
5,2017,9360,1,25438.0,4,0,65.7,1.0
6,2017,11500,1,2481.0,4,145,60.1,1.0
9,2018,13999,0,9377.0,0,145,51.4,1.5
6,2018,12204,1,22688.0,4,145,57.7,1.0
6,2017,11389,1,36608.0,0,145,74.3,1.5
9,2016,10799,1,13967.0,0,30,64.2,1.5
6,2016,9499,1,31309.0,4,20,60.1,1.0
6,2019,19500,0,1520.0,0,145,64.2,2.0
6,2017,9995,1,34040.0,0,0,74.3,1.5
14,2018,14399,0,29462.0,0,145,45.6,2.0
5,2013,5448,1,66471.0,4,30,54.3,1.2
13,2019,16399,1,12689.0,4,145,39.2,1.5
5,2017,9499,1,17378.0,4,145,65.7,1.0
13,2017,16999,1,16644.0,0,145,60.1,2.0
5,2014,8299,1,60002.0,4,145,47.9,1.6
6,2016,8899,1,49470.0,0,0,74.3,1.5
1,2018,12899,1,6207.0,4,145,49.6,1.0
8,2016,14999,1,33883.0,0,125,56.5,2.0
1,2016,9770,0,27589.0,0,20,64.2,1.5
9,2017,10249,0,24449.0,0,30,58.9,1.5
5,2016,11127,1,22292.0,4,145,47.9,1.6
3,2017,16999,1,65853.0,0,160,48.7,2.0
9,2016,10799,1,12249.0,0,30,64.2,1.5
9,2016,10699,1,39296.0,0,30,64.2,1.5
6,2018,13799,1,14082.0,4,145,57.7,1.0
6,2016,10185,0,53717.0,0,30,64.2,2.0
6,2017,16051,1,11035.0,4,145,41.5,2.0
6,2016,10210,1,21018.0,0,0,74.3,1.5
11,2019,10998,1,7096.0,4,145,43.5,1.2
13,2015,10599,1,39329.0,4,165,45.6,1.5
6,2012,5299,1,69000.0,4,145,47.9,1.6
14,2012,3499,1,124000.0,0,30,65.7,1.6
6,2012,5499,1,59000.0,4,145,47.9,1.6
19,2005,1999,1,63000.0,4,270,35.3,1.6
11,2012,3499,1,74000.0,0,20,68.9,1.2
6,2012,3899,1,126000.0,0,125,56.5,2.0
13,2015,10495,1,42277.0,0,125,60.1,2.0
5,2015,7699,1,34263.0,0,0,88.3,1.5
14,2015,11999,0,55686.0,2,0,67.3,2.0
5,2017,11128,1,25595.0,4,145,47.9,1.6
5,2018,10799,1,30555.0,0,145,58.9,1.5
13,2017,14799,1,17339.0,0,145,64.2,1.5
14,2015,10999,1,25627.0,0,0,78.5,1.5
5,2016,8825,1,21297.0,4,20,62.8,1.0
5,2016,7175,1,40003.0,4,20,62.8,1.0
5,2016,6800,1,22421.0,0,0,78.5,1.5
6,2019,18498,1,5532.0,4,145,48.7,1.0
6,2015,6499,1,71500.0,4,20,61.4,1.0
6,2019,17999,0,95.0,4,145,48.7,1.0
0,2017,8499,1,31120.0,4,145,57.7,1.0
11,2017,7999,1,18800.0,4,145,57.7,1.2
11,2018,9599,1,7916.0,4,150,43.5,1.2
2,2018,13999,1,16908.0,4,150,54.3,1.0
5,2017,10499,1,25000.0,4,150,65.7,1.0
16,2020,22998,1,1000.0,4,150,49.6,1.0
13,2017,12999,1,44000.0,0,150,60.1,2.0
11,2019,10998,1,2296.0,4,145,43.5,1.2
6,2019,15999,1,15000.0,4,145,60.1,1.0
6,2019,16799,1,4660.0,4,145,60.1,1.0
5,2015,6999,1,34772.0,4,125,54.3,1.2
5,2017,10999,1,8146.0,4,145,65.7,1.0
6,2019,15999,1,8340.0,4,145,60.1,1.0
6,2019,14999,1,6177.0,4,145,58.9,1.0
6,2019,16998,1,4152.0,4,145,60.1,1.0
6,2019,14499,1,10050.0,4,145,60.1,1.0
6,2019,14998,1,10464.0,4,145,58.9,1.0
5,2017,11999,0,20007.0,4,0,57.7,1.0
6,2020,28998,1,2985.0,4,145,34.5,2.3
13,2019,19998,0,12030.0,0,145,42.2,2.0
0,2016,8499,1,15001.0,4,30,55.4,1.0
5,2017,9999,1,18916.0,4,145,65.7,1.0
5,2017,10499,1,31803.0,4,145,65.7,1.0
5,2016,7999,1,30900.0,4,0,65.7,1.0
13,2014,10999,1,42368.0,0,200,47.9,2.0
5,2019,13399,1,9829.0,0,150,58.9,1.5
5,2016,9699,1,17330.0,4,0,65.7,1.0
6,2019,17499,0,5700.0,0,145,50.4,1.5
6,2019,18200,1,804.0,4,145,48.7,1.0
14,2017,16499,0,15100.0,4,160,44.8,1.5
14,2018,15999,1,4443.0,4,145,48.7,1.5
5,2016,10414,1,23998.0,4,20,62.8,1.0
6,2017,12999,0,17303.0,4,125,51.4,1.0
13,2017,16749,0,28493.0,4,235,38.2,1.5
6,2018,18681,1,17515.0,4,145,41.5,2.0
6,2017,13249,0,8727.0,4,125,51.4,1.0
13,2010,15999,1,25490.0,4,150,60.1,1.5
2,2018,12999,1,15608.0,4,150,54.3,1.0
5,2017,8999,1,29127.0,4,150,65.7,1.0
5,2018,9999,1,12000.0,4,150,64.2,1.1
5,2013,6999,0,62000.0,4,0,57.7,1.0
5,2014,5999,1,61686.0,4,0,65.7,1.0
5,2017,8499,1,12412.0,4,145,65.7,1.0
2,2017,9999,1,13759.0,4,145,52.3,1.0
0,2017,8999,1,25000.0,4,30,55.4,1.0
5,2017,10999,1,34844.0,4,145,47.9,1.6
6,2015,9933,0,16186.0,4,165,44.8,1.6
6,2011,3999,1,127544.0,4,150,47.9,1.6
5,2017,8444,1,42787.0,4,150,65.7,1.0
6,2017,11211,1,22766.0,4,20,60.1,1.0
6,2017,10483,1,25000.0,0,150,74.3,1.5
13,2009,4352,1,128046.0,0,240,44.1,2.0
6,2017,10999,0,45709.0,4,150,46.3,1.5
14,2017,12222,1,38600.0,0,30,64.2,2.0
11,2011,3888,1,50425.0,4,30,57.7,1.2
13,2019,19710,1,5691.0,0,145,47.9,2.0
6,2019,17999,1,12014.0,4,150,60.1,1.0
0,2015,7299,0,37216.0,4,165,44.1,1.6
14,2019,17999,1,17984.0,0,150,62.8,2.0
5,2011,5999,1,18233.0,4,200,42.8,1.2
5,2017,7999,1,28907.0,4,125,54.3,1.2
6,2015,13583,1,21718.0,0,20,67.3,2.0
13,2016,12918,1,45962.0,4,160,45.6,1.5
6,2018,11499,1,21023.0,4,145,60.1,1.0
18,2017,17986,0,52835.0,0,150,51.4,2.0
13,2017,17998,1,28177.0,0,150,54.3,2.0
11,2013,3999,1,32966.0,4,30,57.7,1.2
13,2019,20499,1,2554.0,0,150,47.9,2.0
2,2019,15999,0,999.0,4,145,45.6,1.0
13,2016,10299,1,57815.0,0,125,60.1,2.0
14,2017,14999,0,26476.0,0,125,57.7,2.0
5,2012,4699,1,39620.0,4,125,50.4,1.2
2,2019,16999,1,10678.0,4,150,52.3,1.0
1,2016,9399,1,18485.0,0,20,68.9,1.5
18,2020,32999,0,49.0,0,145,43.5,2.0
5,2019,14299,1,2698.0,4,150,58.9,1.0
2,2019,16499,0,3205.0,4,145,45.6,1.0
5,2015,9299,0,20966.0,4,0,57.7,1.0
2,2020,17499,1,15.0,4,150,53.3,1.0
5,2019,14299,1,4216.0,4,150,58.9,1.0
5,2019,14499,1,9033.0,4,150,55.4,1.0
6,2019,20499,1,3572.0,0,145,70.6,2.0
13,2019,25499,0,1274.0,0,145,38.7,2.0
13,2019,19499,1,5556.0,0,145,47.9,2.0
13,2017,12999,1,12843.0,0,30,64.2,1.5
6,2014,5299,1,78767.0,4,150,47.9,1.6
6,2017,9499,1,30825.0,4,150,61.4,1.0
6,2019,16498,1,5826.0,4,145,60.1,1.0
16,2020,20999,1,3952.0,4,150,50.4,1.0
16,2020,22999,1,1977.0,4,150,49.6,1.0
6,2019,17499,1,8140.0,4,150,60.1,1.0
6,2017,10999,1,42632.0,0,150,74.3,1.5
13,2015,10999,1,56308.0,0,150,54.3,2.0
9,2018,11999,1,21384.0,4,145,54.3,1.0
6,2016,7999,1,51976.0,4,20,61.4,1.0
6,2019,15999,1,8706.0,0,150,80.7,1.5
13,2017,13499,1,24234.0,0,150,64.2,1.5
11,2014,3999,1,61008.0,4,30,57.7,1.2
6,2010,3699,1,60466.0,0,160,51.4,2.0
11,2011,3299,1,61437.0,4,30,57.7,1.2
2,2015,7599,1,31141.0,4,125,52.3,1.0
6,2015,6395,1,89770.0,0,20,67.3,1.6
2,2017,9495,1,29000.0,0,150,44.8,1.5
6,2017,11299,1,23624.0,0,0,74.3,1.5
5,2019,14999,1,9772.0,4,145,58.9,1.0
2,2016,10499,0,26759.0,4,160,44.8,1.5
5,2019,14499,1,9023.0,4,145,60.1,1.0
6,2018,11999,1,26898.0,4,145,57.7,1.0
2,2017,9999,1,17453.0,4,125,53.3,1.0
6,2017,8999,1,33460.0,4,20,60.1,1.0
5,2017,9999,0,19249.0,4,145,47.9,1.6
5,2019,15499,1,3765.0,4,145,55.4,1.0
13,2018,14999,1,14498.0,0,145,54.3,1.5
10,2017,11499,1,27354.0,0,125,61.4,1.5
5,2018,14299,1,9804.0,4,145,65.7,1.0
13,2019,21499,0,10265.0,0,145,42.2,2.0
9,2016,11699,0,24904.0,0,125,56.5,2.0
13,2019,24999,0,4985.0,0,145,42.2,2.0
1,2017,11499,1,18386.0,4,30,55.4,1.0
5,2016,9299,1,16218.0,0,0,88.3,1.5
8,2019,25999,0,11112.0,0,145,53.3,2.0
5,2019,14499,1,4266.0,4,145,58.9,1.0
13,2019,19999,1,4185.0,0,145,47.9,2.0
5,2017,10499,1,13625.0,4,0,65.7,1.0
14,2016,10000,0,89206.0,0,125,57.7,2.0
6,2012,4699,1,67226.0,4,30,56.5,1.0
13,2013,9500,1,67311.0,0,205,47.9,2.0
6,2019,15124,1,17354.0,0,145,74.3,1.5
13,2017,13999,1,46502.0,0,145,54.3,2.0
11,2009,3250,1,43000.0,4,30,55.4,1.2
5,2018,12495,1,18894.0,4,145,62.8,1.0
5,2017,8995,1,13759.0,4,145,54.3,1.2
0,2015,6995,1,56005.0,4,30,55.4,1.0
0,2017,9895,1,10228.0,4,30,57.7,1.0
14,2019,21699,0,11804.0,4,145,49.6,2.0
6,2019,23999,1,5834.0,0,145,50.4,2.0
5,2016,10999,1,11264.0,4,20,62.8,1.0
6,2019,17998,1,10222.0,0,145,74.3,1.5
6,2019,18699,0,4267.0,4,145,51.4,1.0
2,2019,16499,0,4340.0,4,145,45.6,1.0
1,2017,9999,1,21973.0,0,145,68.9,1.5
2,2019,14999,1,13994.0,4,145,53.3,1.0
5,2015,10299,1,8161.0,4,0,65.7,1.0
5,2013,6500,1,43181.0,4,0,65.7,1.0
6,2016,8500,1,37695.0,0,0,74.3,1.5
5,2013,5799,1,45787.0,4,30,54.3,1.2
5,2015,8299,1,45500.0,0,0,78.5,1.5
8,2016,14499,1,32792.0,0,125,56.5,2.0
1,2013,5699,1,51338.0,0,30,61.4,1.6
6,2015,10000,1,19498.0,0,0,74.3,1.5
18,2015,8199,1,88570.0,0,145,49.6,2.0
8,2014,8000,0,55632.0,0,160,47.1,2.0
5,2014,8000,1,63958.0,4,145,47.9,1.6
5,2015,6495,1,41896.0,4,125,54.3,1.2
10,2015,10995,1,30760.0,0,115,58.9,1.6
13,2018,17995,0,15393.0,0,145,54.3,2.0
5,2015,7995,0,26220.0,4,0,57.7,1.0
6,2017,8211,1,46282.0,4,20,61.4,1.0
5,2015,8999,1,9467.0,4,0,65.7,1.0
13,2016,13487,0,53930.0,0,150,52.3,2.0
13,2015,12434,0,30970.0,0,150,52.3,2.0
6,2017,10587,1,50526.0,0,0,74.3,1.5
13,2017,14555,0,11590.0,4,150,38.2,1.5
5,2014,5999,1,42012.0,4,0,65.7,1.0
6,2012,4499,1,72279.0,4,145,47.9,1.6
5,2019,14598,1,10555.0,4,145,55.4,1.0
1,2019,14299,1,5759.0,4,145,48.7,1.0
5,2019,15999,0,8910.0,4,145,48.7,1.0
1,2015,7799,1,45343.0,0,30,61.4,1.6
6,2015,13499,1,30555.0,0,20,67.3,2.0
13,2014,9599,1,62350.0,0,200,47.9,2.0
9,2017,13299,1,31976.0,0,30,61.4,2.0
1,2018,9999,1,30375.0,0,145,68.9,1.5
5,2014,8399,1,65929.0,4,145,47.9,1.6
5,2015,8749,1,56109.0,4,145,47.9,1.6
6,2018,14199,1,13883.0,4,145,58.9,1.0
5,2014,6561,1,39381.0,4,0,65.7,1.0
5,2017,9078,0,16813.0,4,0,57.7,1.0
5,2012,4490,1,52762.0,4,150,48.7,1.4
18,2011,5990,0,108343.0,0,205,47.1,2.0
5,2016,6490,1,64384.0,0,0,78.5,1.5
5,2017,12495,0,8629.0,4,145,54.3,1.0
5,2017,10600,1,29358.0,4,0,65.7,1.0
13,2018,15299,1,2299.0,0,145,54.3,1.5
6,2019,15699,1,9004.0,4,145,60.1,1.0
6,2019,15999,1,4857.0,4,145,60.1,1.0
11,2019,9699,1,9000.0,4,145,43.5,1.2
13,2019,20499,0,13211.0,4,145,31.0,1.5
2,2019,17999,1,2000.0,4,145,51.4,1.0
2,2017,9599,1,23319.0,0,30,64.2,1.5
5,2017,8000,1,66210.0,0,145,88.3,1.5
14,2016,9195,1,95150.0,0,30,62.8,2.0
14,2015,9795,0,102940.0,2,0,67.3,2.0
14,2016,9000,1,61190.0,0,0,78.5,1.5
13,2016,12295,0,74000.0,0,145,52.3,2.0
5,2015,6000,1,49450.0,0,0,76.4,1.5
6,2015,7000,1,76890.0,0,0,74.3,1.5
6,2013,4500,1,97930.0,4,145,47.9,1.6
2,2016,9600,1,16505.0,4,125,53.3,1.0
6,2014,14800,1,35712.0,4,235,39.2,2.0
9,2018,12999,0,18961.0,0,145,58.9,1.5
5,2017,10999,0,13660.0,4,145,47.9,1.6
13,2017,16199,1,13182.0,0,145,64.2,1.5
13,2012,8150,0,69382.0,4,555,27.4,2.5
6,2016,8999,1,18086.0,4,20,60.1,1.0
1,2016,11000,1,30409.0,0,20,68.9,1.5
6,2019,16300,1,15825.0,4,150,60.1,1.0
5,2016,7695,1,32290.0,4,0,65.7,1.0
10,2015,10499,1,54429.0,0,125,58.9,1.6
5,2014,6000,1,31124.0,4,30,54.3,1.2
5,2017,10299,1,17852.0,4,145,62.8,1.0
6,2016,6299,1,90378.0,0,0,74.3,1.5
5,2015,5500,1,67375.0,0,0,78.5,1.5
5,2013,5299,1,64231.0,4,0,65.7,1.0
2,2016,8700,1,42026.0,4,125,53.3,1.0
2,2018,15500,1,14766.0,0,150,64.2,1.5
13,2017,15400,1,29004.0,0,150,54.3,2.0
1,2017,10500,1,15627.0,4,165,44.1,1.6
6,2017,11768,1,15375.0,4,145,57.7,1.0
6,2017,11799,1,28333.0,4,145,60.1,1.0
6,2017,16499,1,32253.0,0,145,67.3,2.0
13,2016,14199,1,51244.0,0,125,60.1,2.0
5,2015,7999,1,15107.0,4,0,65.7,1.0
6,2018,13000,1,10834.0,4,145,57.7,1.0
9,2017,12000,1,28346.0,0,145,64.2,1.5
11,2014,5500,1,25766.0,4,30,57.7,1.2
5,2013,7500,1,29845.0,4,0,65.7,1.0
13,2017,16000,1,29725.0,0,125,60.1,2.0
5,2016,8200,1,20387.0,4,0,65.7,1.0
5,2015,7500,1,31994.0,0,0,76.4,1.5
5,2017,11300,1,13550.0,4,145,65.7,1.0
5,2019,12798,1,8000.0,0,150,88.3,1.5
2,2019,16998,0,1088.0,4,145,45.6,1.0
2,2019,18999,0,20.0,4,150,45.6,1.0
13,2018,15299,1,21851.0,0,150,64.2,1.5
5,2017,8999,1,12052.0,4,150,54.3,1.2
5,2015,5999,1,41886.0,4,30,54.3,1.2
16,2020,20999,1,2000.0,4,150,51.4,1.0
5,2019,13998,0,5674.0,4,150,48.7,1.0
13,2017,16999,1,24242.0,0,150,54.3,2.0
5,2014,6299,1,28543.0,4,30,54.3,1.2
5,2018,10200,1,30737.0,4,145,65.7,1.0
5,2019,13200,1,18331.0,4,145,60.1,1.0
5,2013,7200,1,39315.0,0,0,78.5,1.6
5,2016,8800,1,30612.0,4,0,65.7,1.0
13,2019,16600,1,21480.0,0,145,38.2,2.0
8,2019,21000,1,9193.0,0,145,55.4,2.0
6,2013,6999,1,29624.0,0,20,67.3,1.6
0,2016,9499,0,12499.0,4,165,44.1,1.6
13,2017,15299,1,14710.0,0,145,60.1,2.0
5,2018,9700,1,30284.0,4,145,64.2,1.1
20,2016,12500,1,26545.0,0,30,64.2,1.5
11,2013,5300,1,17427.0,4,30,57.7,1.2
5,2017,11300,1,14577.0,4,145,65.7,1.0
14,2017,12000,1,45032.0,0,0,78.5,1.5
13,2017,16500,1,27415.0,0,125,60.1,2.0
5,2019,12000,1,14620.0,4,145,60.1,1.0
5,2018,10100,1,38902.0,4,145,56.5,1.0
5,2018,10800,1,29783.0,4,145,56.5,1.0
2,2017,10500,1,11518.0,4,145,52.3,1.0
6,2015,9400,1,48153.0,0,0,74.3,1.5
6,2015,9500,1,33496.0,0,0,74.3,1.5
1,2016,9999,1,26088.0,0,20,68.9,1.5
11,2017,7699,1,16001.0,4,145,57.7,1.2
5,2016,8299,1,16060.0,0,0,78.5,1.5
6,2013,6499,1,41048.0,4,20,58.9,1.0
2,2017,9299,1,18518.0,4,160,44.8,1.5
2,2019,16998,1,2121.0,4,145,51.4,1.0
5,2018,12799,1,21718.0,4,145,62.8,1.0
5,2012,6499,1,25797.0,4,145,48.7,1.6
6,2019,16998,1,5568.0,4,145,60.1,1.0
6,2019,14998,1,6564.0,4,145,58.9,1.0
5,2019,13998,1,7126.0,4,145,62.8,1.0
13,2019,19698,1,3520.0,4,145,39.2,1.5
5,2019,12498,1,12831.0,4,145,65.7,1.0
6,2014,7299,1,45310.0,4,20,60.1,1.0
5,2016,7499,1,4189.0,4,125,54.3,1.2
6,2018,10999,1,20254.0,4,145,60.1,1.0
5,2018,14999,0,23624.0,4,145,54.3,1.0
5,2017,9699,1,9936.0,4,145,65.7,1.0
14,2017,13499,1,27064.0,4,145,48.7,1.5
16,2020,21999,1,2500.0,4,150,50.4,1.0
6,2017,9299,1,39904.0,4,20,61.4,1.0
2,2019,17299,0,861.0,4,145,45.6,1.0
13,2019,20799,0,9333.0,0,145,47.9,2.0
5,2019,14999,0,1519.0,4,150,48.7,1.0
1,2016,11299,0,10360.0,0,20,64.2,1.5
5,2015,8999,1,9181.0,4,0,65.7,1.0
9,2013,6799,1,58873.0,0,125,60.1,1.6
6,2015,8499,1,46301.0,0,0,74.3,1.5
5,2019,12999,1,9921.0,4,145,58.9,1.0
5,2019,14799,1,442.0,4,150,56.5,1.0
13,2018,20999,0,11386.0,0,150,54.3,2.0
2,2019,13799,1,7463.0,4,145,53.3,1.0
6,2018,12399,1,18227.0,0,145,80.7,1.5
11,2019,10999,1,2889.0,4,145,43.5,1.2
3,2017,18999,1,22017.0,0,160,48.7,2.0
5,2017,7999,1,26213.0,0,0,78.5,1.5
2,2018,11699,1,18678.0,4,145,54.3,1.0
13,2019,21999,0,7550.0,4,145,29.1,1.5
2,2018,13799,0,1715.0,4,145,45.6,1.0
6,2019,15999,1,5153.0,4,145,60.1,1.0
5,2019,11999,1,3409.0,4,145,55.4,1.1
5,2019,15699,1,6195.0,4,145,60.1,1.0
13,2016,11899,0,48792.0,0,145,52.3,2.0
11,2019,10499,1,308.0,4,145,47.9,1.2
2,2019,16399,0,935.0,4,145,45.6,1.0
5,2017,8199,1,30510.0,4,150,54.3,1.2
2,2019,17799,1,1524.0,4,150,51.4,1.0
13,2018,19999,0,14089.0,4,145,38.2,1.5
13,2019,21799,0,6083.0,0,150,37.2,2.0
10,2017,11000,1,35654.0,0,125,61.4,1.5
0,2017,8400,0,19678.0,4,160,44.1,1.6
21,2017,22000,1,32315.0,0,145,44.1,2.0
5,2017,8300,1,23255.0,4,0,65.7,1.0
6,2017,11250,1,6746.0,4,20,60.1,1.0
2,2016,7999,1,12410.0,4,125,52.3,1.0
5,2018,13100,1,11581.0,4,145,55.4,1.0
13,2016,12000,1,21569.0,0,125,60.1,2.0
1,2017,10650,1,20000.0,0,20,68.9,1.5
5,2017,9700,1,12955.0,4,0,65.7,1.0
5,2014,7400,1,15589.0,4,30,54.3,1.2
6,2017,10400,1,25400.0,0,0,74.3,1.5
13,2017,13300,0,22071.0,4,240,38.2,1.5
0,2017,9400,0,17544.0,4,165,44.1,1.6
6,2017,10800,0,22965.0,4,125,51.4,1.0
5,2016,8200,1,31272.0,4,0,65.7,1.0
6,2017,11000,1,27878.0,0,0,74.3,1.5
5,2015,6995,1,34645.0,4,125,54.3,1.2
6,2016,10495,1,8311.0,0,0,74.3,1.5
13,2017,15995,0,7637.0,4,145,38.2,1.5
2,2015,9495,1,6600.0,4,160,44.8,1.5
14,2017,14995,0,14643.0,0,125,58.9,2.0
5,2013,6495,1,48704.0,4,0,65.7,1.0
5,2018,11495,1,15344.0,4,145,65.7,1.0
13,2017,12000,1,24773.0,4,160,45.6,1.5
5,2016,8300,1,38043.0,4,0,65.7,1.0
3,2017,19000,1,31295.0,0,200,47.9,2.0
5,2017,8500,1,22637.0,4,0,65.7,1.0
5,2015,10300,1,36500.0,4,150,47.9,1.6
5,2019,10700,1,10000.0,4,150,55.4,1.1
6,2015,8500,1,41904.0,4,20,60.1,1.0
6,2017,11000,1,14621.0,0,0,74.3,1.5
6,2015,8350,1,46935.0,4,20,60.1,1.0
6,2017,16500,1,19709.0,4,145,41.5,2.0
6,2015,7700,1,54803.0,4,20,60.1,1.0
13,2017,13500,1,47922.0,0,30,64.2,1.5
13,2016,15500,0,28860.0,0,145,52.3,2.0
5,2018,12500,1,12500.0,4,145,49.6,1.0
6,2017,10500,1,30933.0,4,145,60.1,1.0
6,2015,8300,1,18381.0,4,20,60.1,1.0
6,2017,9650,1,23300.0,4,20,60.1,1.0
6,2017,11500,0,34468.0,0,0,67.3,1.5
13,2017,12950,1,15000.0,4,160,45.6,1.5
13,2017,13000,1,8000.0,4,160,45.6,1.5
5,2018,12300,1,11173.0,4,150,56.5,1.0
13,2016,13250,1,25000.0,4,160,45.6,1.5
6,2017,11100,0,42500.0,0,145,67.3,1.5
5,2019,10900,1,7342.0,4,145,55.4,1.1
13,2017,12700,1,16284.0,4,160,45.6,1.5
13,2016,13100,0,27363.0,0,145,52.3,2.0
5,2014,9000,0,22311.0,4,0,57.7,1.0
5,2016,7600,1,17838.0,4,125,54.3,1.2
5,2016,10200,1,29550.0,4,145,47.9,1.6
5,2019,12600,1,12663.0,4,145,58.9,1.0
9,2016,9799,0,28407.0,0,30,58.9,1.5
6,2017,12199,1,17954.0,0,150,74.3,1.5
13,2017,14599,0,30791.0,4,150,38.2,1.5
2,2019,16799,0,433.0,4,150,45.6,1.0
13,2017,14999,1,24877.0,0,30,64.2,1.5
2,2019,17399,0,246.0,4,150,45.6,1.0
13,2017,14999,1,25535.0,0,125,60.1,2.0
1,2015,6999,1,50395.0,0,30,61.4,1.6
1,2017,10999,1,16255.0,0,20,68.9,1.6
6,2017,11999,1,12485.0,4,150,60.1,1.0
0,2017,9000,0,26825.0,4,150,44.1,1.6
13,2017,12200,0,44325.0,4,150,38.2,1.5
13,2017,12000,1,19690.0,4,150,45.6,1.5
13,2017,11700,1,25971.0,4,150,45.6,1.5
13,2017,13700,1,27970.0,0,150,60.1,2.0
13,2017,15000,1,24587.0,4,150,45.6,1.5
1,2016,9500,1,21844.0,4,30,55.4,1.0
5,2016,8500,1,23676.0,4,20,62.8,1.0
5,2016,8700,1,15000.0,4,0,65.7,1.0
13,2014,10200,1,26150.0,0,200,47.9,2.0
2,2019,15999,1,2410.0,4,150,53.3,1.0
5,2019,12999,1,8732.0,4,145,58.9,1.0
5,2019,12999,1,9307.0,4,145,58.9,1.0
5,2019,14199,0,6335.0,4,145,48.7,1.0
13,2017,17499,0,32849.0,0,145,54.3,2.0
2,2016,8299,1,36711.0,0,30,64.2,1.5
5,2019,14399,0,6967.0,4,145,48.7,1.0
5,2016,8799,1,10380.0,4,0,65.7,1.0
14,2018,17999,0,23598.0,0,145,53.3,2.0
5,2016,8200,1,21731.0,4,0,65.7,1.0
6,2017,10800,1,40000.0,0,0,74.3,1.5
6,2017,11200,1,14341.0,0,0,74.3,1.5
13,2017,15500,2,42200.0,0,145,54.3,2.0
14,2016,10000,1,27127.0,0,30,65.7,1.5
13,2017,13000,1,38181.0,4,165,45.6,1.5
6,2017,10700,1,26715.0,4,150,60.1,1.0
13,2016,15400,0,18000.0,4,240,38.2,1.5
6,2016,9800,1,27861.0,4,20,60.1,1.0
13,2017,16500,2,47760.0,0,150,54.3,2.0
0,2017,9400,0,25000.0,4,150,44.1,1.6
6,2015,10500,0,6693.0,4,165,44.8,1.6
18,2016,14800,1,32469.0,0,125,56.5,2.0
5,2017,6900,1,37052.0,4,125,54.3,1.2
13,2017,14800,2,59220.0,0,150,54.3,2.0
13,2017,14000,1,24000.0,4,165,45.6,1.5
5,2015,8700,1,31399.0,4,0,65.7,1.0
13,2016,14500,1,31543.0,4,165,45.6,1.5
13,2017,14500,1,43250.0,0,125,60.1,2.0
13,2017,10750,1,45000.0,4,165,45.6,1.5
3,2016,19199,0,36142.0,0,165,48.7,2.0
13,2019,22599,1,5866.0,0,150,37.7,2.0
10,2017,13699,0,41445.0,0,150,56.6,1.5
5,2020,15999,1,183.0,4,150,55.4,1.0
13,2015,10499,1,24365.0,0,125,60.1,2.0
5,2018,11999,1,6150.0,4,150,65.7,1.0
5,2017,8999,1,40561.0,4,20,62.8,1.0
1,2016,9999,0,22998.0,0,20,64.2,1.5
6,2016,10200,1,12427.0,4,20,61.4,1.0
6,2017,15900,1,30884.0,0,20,67.3,2.0
9,2016,9800,1,22824.0,0,30,64.2,1.5
6,2016,10100,1,38638.0,0,0,74.3,1.5
9,2016,10500,0,13642.0,0,30,58.9,1.5
6,2016,10800,0,15903.0,4,125,51.4,1.0
2,2016,9850,0,19243.0,4,160,44.8,1.5
2,2017,10000,1,24891.0,4,125,52.3,1.0
2,2016,8400,1,36701.0,4,125,53.3,1.0
3,2016,19500,0,28746.0,0,160,48.7,2.0
14,2017,10700,1,47408.0,0,0,78.5,1.5
2,2017,10500,1,11896.0,4,125,52.3,1.0
3,2018,25500,0,12145.0,0,145,47.9,2.0
5,2016,7800,1,29512.0,4,0,65.7,1.0
5,2016,7900,1,29326.0,4,0,65.7,1.0
6,2015,9100,1,38379.0,0,0,74.3,1.5
13,2017,17700,0,14606.0,4,235,38.2,1.5
5,2016,7500,1,44264.0,4,0,65.7,1.0
5,2016,8200,1,29529.0,4,0,65.7,1.0
14,2015,11600,1,22321.0,0,20,68.9,2.0
5,2016,8700,1,12110.0,4,0,65.7,1.0
5,2016,8900,1,35500.0,4,20,62.8,1.0
5,2017,7995,1,41589.0,4,145,65.7,1.0
12,2018,8495,1,11562.0,4,145,57.7,1.2
5,2017,9995,1,24826.0,4,150,65.7,1.0
1,2019,15295,1,5551.0,4,150,48.7,1.0
6,2017,10295,1,46713.0,4,20,60.1,1.0
6,2017,10995,1,24449.0,4,150,60.1,1.0
13,2017,15600,2,12000.0,0,145,58.9,1.5
0,2016,10200,0,10000.0,4,160,44.1,1.6
5,2014,7900,1,14175.0,4,0,65.7,1.0
13,2018,20200,0,6808.0,4,145,38.2,1.5
13,2017,12000,1,20000.0,4,165,45.6,1.5
13,2017,14250,1,13353.0,4,165,45.6,1.5
2,2017,9450,1,8724.0,4,150,52.3,1.0
0,2017,9450,0,17000.0,4,150,44.1,1.6
6,2017,9650,1,27000.0,4,150,61.4,1.0
13,2015,10800,1,31593.0,0,125,60.1,2.0
14,2015,9300,1,48906.0,0,0,78.5,1.5
5,2016,8650,1,27241.0,4,20,62.8,1.0
6,2017,12489,1,13530.0,0,150,74.3,1.5
13,2017,14989,1,22182.0,0,125,60.1,2.0
5,2017,9989,2,16019.0,4,150,57.7,1.0
6,2018,14295,1,10585.0,4,145,57.7,1.0
5,2016,9295,1,35150.0,4,0,65.7,1.0
5,2018,10795,1,41008.0,4,145,56.5,1.0
13,2017,16495,1,25352.0,0,145,60.1,2.0
2,2019,14695,1,9316.0,4,145,53.3,1.0
6,2011,4495,1,77000.0,4,145,47.9,1.6
6,2011,4695,1,67000.0,4,145,47.9,1.6
6,2015,12200,1,38773.0,0,20,67.3,2.0
1,2016,9800,0,24076.0,0,125,58.9,2.0
5,2016,7500,1,36421.0,4,0,65.7,1.0
13,2017,12000,1,21750.0,4,160,45.6,1.5
5,2015,7100,1,33428.0,4,0,65.7,1.0
6,2017,11800,1,16612.0,0,0,74.3,1.5
6,2014,8100,1,39612.0,0,20,67.3,1.6
5,2016,11000,1,25921.0,4,145,47.9,1.6
6,2017,10150,1,29301.0,0,0,74.3,1.5
5,2018,11250,1,29463.0,4,150,62.8,1.0
5,2018,13495,1,6019.0,4,145,65.7,1.0
2,2018,13995,1,15080.0,4,145,54.3,1.0
5,2019,13489,1,11268.0,4,145,58.9,1.0
6,2015,9489,1,38000.0,0,0,74.3,1.5
5,2019,11489,1,7199.0,4,150,58.9,1.0
5,2016,7489,1,33000.0,4,125,54.3,1.2
6,2017,10789,0,22000.0,4,150,51.4,1.0
5,2017,9789,2,21899.0,4,0,57.7,1.0
6,2017,10989,1,20000.0,4,150,60.1,1.0
6,2017,12299,1,12100.0,4,150,60.1,1.0
6,2017,10989,1,11256.0,4,150,60.1,1.0
5,2018,10489,1,11704.0,4,150,65.7,1.0
5,2018,10489,1,15402.0,4,150,65.7,1.0
13,2019,22500,0,4030.0,4,150,31.0,1.5
6,2018,13489,2,3549.0,0,150,74.3,1.5
2,2018,13799,1,8244.0,4,145,54.3,1.0
14,2017,15999,1,27858.0,0,145,62.8,2.0
0,2014,6789,2,31000.0,4,165,44.1,1.6
5,2018,10489,1,19137.0,4,150,65.7,1.0
5,2018,10489,1,19510.0,4,150,65.7,1.0
12,2018,8489,1,8200.0,4,150,57.7,1.2
13,2019,17289,1,8955.0,0,145,45.6,1.5
13,2016,14689,1,29712.0,0,145,54.3,2.0
13,2017,15489,1,6706.0,0,145,64.2,1.5
1,2016,8489,1,36820.0,0,20,68.9,1.5
6,2016,10489,0,12416.0,4,125,51.4,1.0
6,2019,14489,1,13765.0,4,145,58.9,1.0
13,2017,14489,1,16816.0,0,145,64.2,1.5
1,2019,15489,1,3916.0,4,145,48.7,1.0
5,2015,7189,1,28101.0,4,125,54.3,1.2
1,2018,14289,1,2282.0,4,145,48.7,1.0
8,2017,19289,1,28492.0,0,145,56.5,2.0
6,2019,17289,1,12030.0,4,145,60.1,1.0
5,2016,7999,1,15074.0,4,125,54.3,1.2
6,2016,9800,1,44162.0,0,20,70.6,2.0
13,2017,16500,2,30000.0,0,145,54.3,2.0
5,2017,8600,1,26068.0,4,145,65.7,1.0
6,2015,8000,1,50000.0,4,20,60.1,1.0
14,2016,12400,0,29608.0,0,125,57.7,2.0
5,2016,7250,1,38830.0,4,0,65.7,1.0
3,2018,23000,0,13649.0,0,150,47.9,2.0
14,2016,13700,0,36547.0,0,125,57.7,2.0
6,2017,11500,0,20733.0,4,150,51.4,1.0
13,2017,12200,1,54000.0,0,125,60.1,2.0
5,2017,11999,1,20479.0,4,145,47.9,1.6
6,2017,10999,1,16714.0,0,145,74.3,1.5
6,2019,16999,1,3211.0,4,145,60.1,1.0
11,2017,6699,1,20301.0,4,145,57.7,1.2
6,2019,24999,1,6746.0,4,145,34.5,2.3
5,2019,11999,1,4800.0,4,145,58.9,1.0
5,2018,9989,1,25379.0,4,145,65.7,1.0
6,2018,13989,1,7534.0,4,145,57.7,1.0
13,2015,12000,1,36638.0,0,145,54.3,2.0
6,2017,12289,1,14112.0,4,145,60.1,1.0
5,2018,11489,1,18377.0,4,150,65.7,1.0
6,2018,11889,1,9610.0,4,150,60.1,1.0
6,2016,11489,1,19942.0,0,0,74.3,1.5
5,2016,8289,1,21000.0,4,0,65.7,1.0
5,2018,9989,1,14826.0,4,150,64.2,1.1
5,2018,9989,1,23591.0,4,150,65.7,1.0
3,2019,32489,0,667.0,0,145,37.2,2.0
5,2017,9989,1,17221.0,4,145,65.7,1.0
0,2017,7389,2,60420.0,4,160,44.1,1.6
2,2017,8289,1,60462.0,4,125,53.3,1.0
5,2016,7389,1,8741.0,4,125,54.3,1.2
13,2019,22389,0,8002.0,0,145,38.7,2.0
6,2019,16989,1,2120.0,4,145,60.1,1.0
2,2019,13989,1,21.0,4,145,53.3,1.0
13,2019,19989,2,7600.0,0,145,46.3,2.0
10,2017,14200,1,27252.0,0,30,64.2,1.5
6,2017,10200,1,27912.0,0,0,74.3,1.5
9,2017,10900,1,41000.0,4,30,54.3,1.0
13,2018,18200,0,2331.0,0,145,47.9,2.0
13,2016,12500,1,61051.0,0,145,54.3,2.0
14,2015,11000,0,47932.0,0,125,58.9,2.0
6,2017,10200,1,43234.0,0,0,74.3,1.5
6,2017,10300,1,51186.0,4,125,51.4,1.5
6,2017,10700,1,18483.0,4,20,60.1,1.0
6,2018,17489,1,9028.0,4,145,41.5,2.0
6,2017,15289,1,23815.0,4,145,41.5,2.0
5,2017,9589,1,8659.0,4,145,65.7,1.0
2,2017,8789,1,23447.0,4,125,52.3,1.0
6,2019,17989,0,15623.0,0,145,74.3,1.5
5,2019,19989,1,7895.0,4,150,40.3,1.5
1,2015,5489,1,75000.0,0,30,61.4,1.6
13,2016,13289,1,20050.0,0,125,60.1,2.0
5,2020,15250,1,4500.0,4,150,58.9,1.0
6,2017,10489,1,3960.0,4,20,60.1,1.0
6,2019,15789,1,8800.0,4,150,60.1,1.0
5,2018,9989,1,22922.0,4,150,65.7,1.0
0,2017,7989,2,36971.0,4,160,44.1,1.6
1,2017,7989,1,45830.0,0,20,68.9,1.5
0,2015,7349,2,57836.0,4,160,44.1,1.6
13,2017,18500,1,21181.0,0,150,54.3,2.0
15,2019,35488,0,12.0,4,145,30.7,2.3
15,2019,35989,0,12.0,4,145,30.7,2.3
13,2018,13449,0,29765.0,4,145,31.0,1.5
5,2016,9489,2,18708.0,4,145,47.9,1.6
5,2017,7489,1,29094.0,4,145,65.7,1.0
13,2015,11400,1,33962.0,0,125,60.1,2.0
1,2017,10800,1,19022.0,4,150,44.1,1.6
6,2019,18000,1,881.0,4,150,60.1,1.0
5,2017,8489,1,31902.0,4,145,65.7,1.0
9,2017,14489,1,7953.0,0,150,64.2,1.5
14,2018,12489,1,30050.0,4,145,48.7,1.5
1,2017,8489,1,59630.0,0,20,68.9,1.5
18,2016,16949,1,39140.0,0,125,51.4,2.0
5,2012,3989,1,73994.0,4,20,68.9,1.4
5,2009,3789,1,71672.0,0,20,67.3,1.6
5,2014,7989,2,12800.0,4,0,57.7,1.0
13,2017,10589,1,59455.0,0,125,60.1,2.0
6,2017,8289,1,43839.0,4,20,61.4,1.0
1,2017,7589,1,54797.0,0,20,68.9,1.5
5,2017,9489,1,37069.0,4,0,57.7,1.0
2,2016,8389,1,36335.0,4,125,53.3,1.0
6,2017,8949,1,43931.0,4,20,61.4,1.0
5,2017,8489,0,68127.0,4,0,57.7,1.0
6,2017,9989,1,31856.0,4,145,60.1,1.0
6,2016,9689,1,31432.0,4,20,60.1,1.0
13,2017,14000,1,33389.0,0,30,64.2,1.5
5,2014,8000,0,26358.0,4,145,47.9,1.6
3,2017,21700,1,21213.0,0,150,47.9,2.0
1,2014,7700,1,30575.0,4,165,42.8,1.6
5,2016,9000,1,40249.0,0,0,78.5,1.5
13,2018,15000,1,23353.0,0,150,60.1,2.0
6,2015,10500,1,22249.0,4,20,60.1,1.0
6,2018,13000,1,24716.0,0,150,74.3,1.5
13,2017,15500,1,35936.0,0,125,60.1,2.0
13,2017,15700,1,17326.0,0,150,54.3,2.0
5,2014,8000,1,21155.0,4,0,65.7,1.0
3,2017,19700,1,19076.0,0,165,48.7,2.0
6,2017,13000,1,15362.0,0,150,74.3,1.5
6,2018,18000,0,8607.0,4,145,47.9,1.5
5,2015,7500,1,55478.0,4,20,62.8,1.0
5,2019,14800,1,368.0,4,150,58.9,1.0
1,2017,11200,1,21467.0,0,20,68.9,1.5
6,2018,12500,1,18605.0,4,145,57.7,1.0
5,2017,10300,1,18667.0,4,150,65.7,1.0
5,2014,9700,1,26097.0,4,150,47.9,1.6
6,2017,10700,1,44901.0,0,150,74.3,1.5
13,2016,14000,1,23738.0,4,160,45.6,1.5
13,2016,14800,1,33406.0,0,125,60.1,2.0
13,2019,18800,1,7559.0,0,145,36.7,2.0
5,2017,9200,1,9530.0,4,125,54.3,1.2
13,2017,14300,1,25595.0,0,125,60.1,2.0
5,2018,10300,1,27516.0,4,145,65.7,1.0
5,2017,9800,1,25708.0,4,0,65.7,1.0
2,2017,11000,1,24934.0,4,125,52.3,1.0
5,2018,10500,1,24518.0,4,150,65.7,1.0
3,2017,20800,0,27471.0,0,150,48.7,2.0
5,2017,10000,1,22060.0,4,150,65.7,1.0
3,2018,24800,1,8970.0,0,150,47.9,2.0
11,2018,10000,1,10051.0,4,150,43.5,0.0
6,2017,11200,1,23898.0,0,0,74.3,1.5
5,2017,9500,1,27804.0,4,20,62.8,1.0
11,2017,8600,1,10631.0,4,150,57.7,1.2
5,2017,11000,1,22728.0,4,0,65.7,1.0
6,2017,11800,1,13601.0,4,20,60.1,1.0
13,2015,10500,1,20701.0,4,165,45.6,1.5
13,2018,14000,1,11524.0,0,150,54.3,1.5
6,2018,13500,1,25535.0,0,150,74.3,1.5
5,2018,9300,1,20901.0,4,150,55.4,1.1
6,2014,7800,1,40857.0,0,125,57.7,2.0
6,2019,18500,0,7892.0,4,150,51.4,1.0
3,2017,20500,0,30255.0,0,165,48.7,2.0
5,2019,13300,0,1987.0,4,150,48.7,1.0
13,2018,17000,1,18582.0,0,145,54.3,2.0
5,2016,9700,1,28826.0,4,20,62.8,1.0
13,2017,15000,1,33808.0,0,150,54.3,2.0
9,2015,9000,1,54764.0,0,30,64.2,1.5
1,2014,8700,1,37929.0,0,125,55.4,2.0
5,2019,12500,1,14063.0,4,145,58.9,1.0
6,2018,13500,1,11941.0,4,145,57.7,1.0
5,2019,12800,1,13385.0,4,145,56.5,1.0
11,2015,5000,1,35130.0,4,30,57.7,1.2
6,2016,12000,1,25060.0,4,125,51.4,1.5
5,2018,9689,1,11000.0,4,145,55.4,1.1
5,2017,11989,1,26672.0,4,145,47.9,1.6
6,2018,17000,0,16556.0,0,145,74.3,1.5
6,2018,12989,1,17989.0,0,145,74.3,1.5
6,2018,16289,1,8724.0,0,145,80.7,1.5
6,2019,18139,1,17522.0,4,145,50.4,1.5
6,2017,10789,1,21847.0,4,145,60.1,1.0
1,2018,13000,1,8243.0,0,145,58.9,1.5
6,2019,17249,1,7956.0,0,145,74.3,1.5
6,2019,18489,1,9567.0,0,145,57.7,1.5
5,2018,9999,1,19801.0,4,145,65.7,1.0
6,2017,10989,1,17161.0,4,145,61.4,1.0
5,2015,6889,1,36000.0,4,30,54.3,1.2
5,2016,8189,1,22887.0,4,125,54.3,1.2
6,2016,10489,1,24121.0,4,20,61.4,1.0
5,2017,10289,1,20809.0,4,145,65.7,1.0
11,2014,4200,1,51028.0,4,30,57.7,1.2
1,2015,8300,1,47361.0,0,30,61.4,1.6
13,2016,14800,1,31288.0,0,125,60.1,2.0
5,2017,9400,1,9405.0,4,145,54.3,1.2
6,2017,12300,0,27823.0,0,0,67.3,1.5
13,2018,13400,1,24494.0,0,145,64.2,1.5
6,2018,18000,0,14557.0,0,145,74.3,1.5
2,2019,17800,0,1080.0,4,145,44.1,1.0
8,2017,18500,1,28563.0,0,125,56.5,2.0
6,2019,16000,1,6348.0,4,145,60.1,1.0
5,2018,11000,1,21979.0,0,145,88.3,1.5
6,2017,13000,0,1446.0,4,150,51.4,1.0
14,2015,11000,1,33455.0,0,20,68.9,2.0
6,2019,16000,1,8497.0,0,145,62.8,1.5
6,2020,17000,1,4076.0,4,145,58.9,1.0
6,2015,8700,1,61294.0,0,0,74.3,1.5
5,2017,10700,1,20409.0,4,145,62.8,1.0
5,2016,8700,1,19706.0,4,125,54.3,1.2
6,2015,9800,1,20498.0,4,20,61.4,1.0
6,2015,10000,1,18896.0,0,0,74.3,1.5
6,2016,9000,1,44317.0,0,0,74.3,1.5
5,2018,9400,1,30347.0,4,145,64.2,1.1
2,2017,10200,0,25524.0,4,160,44.8,1.5
13,2017,17000,1,12143.0,0,145,60.1,2.0
5,2017,12000,0,12983.0,4,145,57.7,1.0
5,2016,8000,1,32560.0,4,20,62.8,1.0
5,2015,10300,1,36569.0,4,145,47.9,1.6
5,2017,11700,1,37867.0,4,145,47.9,1.6
6,2018,13000,1,9738.0,4,145,57.7,1.0
5,2014,6500,1,34522.0,4,30,54.3,1.2
5,2014,7000,1,30709.0,4,0,65.7,1.0
5,2017,10800,1,26247.0,4,145,65.7,1.0
5,2013,6800,1,32638.0,4,30,54.3,1.2
5,2017,9800,1,18647.0,4,0,65.7,1.0
13,2018,17600,1,9127.0,0,145,60.1,2.0
13,2016,15800,1,27293.0,0,125,60.1,2.0
13,2016,12000,1,24163.0,4,160,45.6,1.5
5,2016,8600,1,19873.0,4,125,54.3,1.2
5,2017,9000,1,32469.0,4,145,65.7,1.0
3,2018,25500,0,20318.0,0,145,47.9,2.0
5,2014,7000,1,44720.0,4,0,65.7,1.0
5,2018,11000,1,31680.0,4,145,65.7,1.0
6,2017,17500,1,22864.0,4,145,41.5,2.0
5,2018,11200,1,20867.0,4,145,56.5,1.0
5,2018,11500,1,17450.0,4,145,56.5,1.0
6,2018,13800,1,22889.0,0,145,58.9,1.0
5,2017,10300,1,17933.0,4,145,65.7,1.0
5,2016,10400,1,26677.0,0,0,78.5,1.5
2,2019,16400,1,3947.0,4,145,51.4,1.0
6,2017,11300,1,21786.0,0,145,74.3,1.5
5,2017,9000,1,25653.0,4,145,65.7,1.0
5,2016,8400,1,22422.0,4,125,54.3,1.2
13,2017,15500,1,16686.0,0,145,60.1,2.0
5,2017,10500,1,12542.0,4,145,65.7,1.0
11,2016,8100,1,6205.0,4,30,57.7,1.2
5,2016,10300,1,17586.0,4,0,65.7,1.0
18,2016,17000,0,56372.0,0,125,52.3,2.0
13,2019,18000,1,10279.0,0,145,38.2,2.0
5,2015,9300,1,33259.0,0,0,78.5,1.5
5,2017,10300,1,20914.0,4,0,65.7,1.0
5,2016,8200,1,35865.0,4,0,65.7,1.0
5,2016,8100,1,16158.0,4,125,54.3,1.2
5,2017,8700,1,24360.0,0,0,78.5,1.5
5,2016,8000,1,32737.0,4,0,65.7,1.0
5,2015,7500,1,33399.0,4,0,65.7,1.0
6,2017,19000,1,8938.0,4,145,41.5,2.0
5,2016,10700,1,36004.0,4,145,47.9,1.6
5,2017,9900,1,15920.0,4,0,65.7,1.0
0,2016,8300,1,11586.0,4,145,47.1,1.4
6,2013,6000,1,50081.0,4,20,58.9,1.0
5,2014,5995,1,59674.0,4,0,65.7,1.0
2,2015,8995,1,36000.0,4,155,44.8,1.5
2,2018,15800,0,2261.0,4,145,45.6,1.0
13,2016,15100,1,18100.0,0,145,54.3,2.0
5,2016,9600,1,17457.0,4,0,65.7,1.0
6,2018,11900,1,17144.0,4,145,60.1,1.0
5,2018,10000,1,14005.0,4,145,55.4,1.1
5,2018,11300,1,14619.0,4,145,65.7,1.0
6,2019,16000,1,26672.0,4,145,60.1,1.0
13,2014,14400,1,28892.0,0,150,54.3,2.0
1,2017,10600,1,19856.0,4,30,55.4,1.0
6,2017,12700,1,25746.0,0,145,74.3,1.5
5,2018,11000,1,12518.0,4,150,65.7,1.0
5,2016,10800,1,20615.0,4,20,62.8,1.0
0,2012,6500,1,17597.0,4,0,80.7,1.4
5,2019,12500,1,10956.0,4,145,60.1,1.0
6,2018,11300,1,16617.0,4,145,60.1,1.0
6,2017,12500,0,21697.0,4,150,51.4,1.0
13,2014,10700,1,43914.0,0,205,47.9,2.0
6,2018,12500,1,15183.0,4,145,57.7,1.0
5,2019,13200,1,2096.0,4,145,64.2,1.0
5,2015,7700,1,52210.0,4,30,55.4,1.0
6,2015,9500,1,34319.0,0,30,64.2,1.5
6,2019,15500,1,8555.0,4,150,60.1,1.0
6,2013,7900,1,41398.0,0,20,67.3,1.6
5,2013,6300,1,42700.0,4,30,54.3,1.2
5,2016,8600,1,17050.0,4,125,54.3,1.2
5,2014,7500,1,46683.0,4,0,65.7,1.0
5,2016,8700,1,19928.0,4,125,54.3,1.2
13,2017,16100,1,27009.0,0,145,60.1,2.0
6,2016,11500,1,6071.0,0,0,74.3,1.5
6,2017,12600,1,16043.0,4,145,60.1,1.0
6,2017,11700,1,20691.0,4,145,60.1,1.0
6,2016,9600,1,27036.0,0,0,74.3,1.5
2,2015,9000,0,33161.0,4,160,44.8,1.5
5,2019,12500,1,11260.0,4,145,60.1,1.0
5,2019,13000,1,12910.0,4,145,58.9,1.0
13,2017,16500,1,29072.0,0,125,60.1,2.0
5,2017,10300,1,12218.0,4,145,65.7,1.0
5,2016,8200,1,34318.0,4,125,54.3,1.2
5,2017,8800,1,47156.0,4,20,62.8,1.0
5,2017,9500,1,29809.0,4,0,65.7,1.0
8,2018,21500,1,11704.0,0,145,55.4,2.0
5,2017,9200,1,32463.0,4,0,65.7,1.0
5,2016,9000,1,40789.0,4,20,62.8,1.0
6,2016,9900,1,18139.0,4,20,60.1,1.0
6,2017,12500,0,17560.0,4,145,51.4,1.0
2,2015,8500,1,33403.0,0,30,61.4,0.0
5,2017,10700,1,26762.0,4,0,65.7,1.0
14,2017,13700,1,30274.0,0,30,64.2,2.0
5,2016,9000,1,33327.0,4,0,65.7,1.0
6,2018,15800,0,9816.0,4,150,51.4,1.0
13,2015,11500,1,46754.0,0,125,60.1,2.0
1,2016,10000,1,30697.0,0,20,68.9,1.5
5,2016,10500,1,27958.0,4,0,65.7,1.0
13,2017,14000,1,28964.0,0,125,60.1,2.0
13,2019,21000,0,6277.0,4,145,29.1,1.5
13,2017,14300,1,24579.0,0,125,60.1,2.0
5,2015,7200,1,36740.0,4,125,54.3,1.2
13,2019,17200,1,15378.0,0,145,38.2,2.0
5,2019,11600,1,16127.0,4,145,60.1,1.0
13,2013,11000,1,40615.0,0,200,47.9,2.0
5,2017,10000,1,20109.0,4,150,65.7,1.0
6,2016,10000,1,46008.0,0,0,74.3,1.5
13,2016,14000,1,25930.0,0,125,60.1,2.0
5,2017,11000,1,19698.0,4,150,65.7,1.0
5,2016,10800,1,19030.0,4,20,62.8,1.0
13,2016,12500,1,16778.0,0,125,60.1,2.0
5,2017,10500,1,15244.0,4,145,65.7,1.0
6,2019,18000,1,5731.0,4,145,60.1,1.0
5,2017,12000,1,7626.0,4,20,62.8,1.0
13,2017,15800,1,30133.0,0,145,60.1,2.0
13,2019,19000,1,5242.0,0,145,36.7,2.0
13,2019,18200,1,5730.0,0,145,38.2,2.0
5,2018,10300,1,28480.0,4,145,65.7,1.0
2,2019,17400,0,8607.0,4,145,44.1,1.0
13,2014,14000,1,38621.0,0,150,54.3,2.0
5,2017,8800,1,38317.0,4,150,65.7,1.0
13,2015,10700,1,54146.0,0,110,50.4,2.0
5,2017,12000,1,23423.0,4,145,47.9,1.6
3,2017,22000,0,17515.0,0,145,47.9,2.0
5,2019,14000,1,9427.0,4,145,55.4,1.0
6,2017,11700,0,24775.0,4,125,51.4,1.0
1,2017,11000,0,18150.0,0,20,64.2,1.5
5,2017,12000,0,6794.0,4,0,57.7,1.0
13,2016,15000,1,29683.0,0,125,60.1,2.0
6,2019,17700,1,1864.0,4,145,60.1,1.0
2,2017,10900,1,21057.0,4,125,52.3,1.0
1,2015,8400,1,34670.0,0,20,68.9,1.5
14,2017,18300,0,9624.0,0,20,67.3,2.0
6,2017,12300,1,32333.0,0,145,74.3,1.5
5,2015,7700,1,31299.0,4,125,54.3,1.2
6,2017,11000,1,31479.0,0,145,74.3,1.5
5,2015,8000,1,33011.0,4,125,54.3,1.2
5,2017,11800,1,36069.0,4,145,47.9,1.6
2,2017,9400,1,11653.0,4,160,44.8,1.5
1,2017,11300,1,20784.0,4,30,55.4,1.0
6,2015,8900,1,47393.0,0,0,74.3,1.5
6,2017,12300,1,14724.0,4,20,60.1,1.0
6,2018,12700,1,13198.0,4,145,57.7,1.0
0,2014,7400,1,38676.0,4,30,55.4,1.0
5,2019,12400,1,13523.0,4,145,60.1,1.0
13,2018,18000,1,9518.0,0,145,54.3,1.5
5,2016,9800,0,6806.0,4,150,47.9,1.6
5,2014,7500,1,13585.0,4,0,65.7,1.0
5,2015,6600,1,46794.0,4,125,54.3,1.2
13,2015,12000,0,40017.0,0,150,52.3,2.0
6,2016,12000,0,14436.0,4,145,46.3,1.5
5,2017,11000,1,25292.0,4,0,65.7,1.0
5,2019,15000,1,9930.0,0,145,58.9,1.5
5,2013,7000,1,38142.0,4,0,65.7,1.0
8,2016,17500,0,23647.0,0,145,52.3,2.0
6,2015,8400,1,54451.0,0,0,74.3,1.5
5,2014,9300,0,8431.0,4,145,47.9,1.6
6,2016,10600,1,29984.0,4,20,60.1,1.0
5,2018,12000,1,28733.0,4,145,65.7,1.0
6,2016,10800,1,18218.0,0,0,74.3,1.5
6,2019,18500,0,11716.0,0,145,74.3,1.5
11,2016,6500,1,13592.0,4,30,57.7,1.2
6,2016,9300,1,33547.0,0,0,74.3,1.5
6,2018,14300,1,18883.0,0,145,80.7,1.5
5,2016,9400,1,10791.0,4,125,54.3,1.2
6,2017,17600,1,16393.0,4,200,41.5,2.0
5,2018,11500,0,23908.0,4,145,54.3,1.0
6,2018,13500,1,26159.0,4,145,58.9,1.0
6,2016,9300,1,26000.0,4,20,61.4,1.0
5,2019,13800,1,5111.0,4,145,58.9,1.0
5,2017,10800,1,16959.0,4,145,62.8,1.0
5,2017,10000,1,19638.0,4,20,62.8,1.0
5,2016,8900,1,46894.0,0,0,78.5,1.5
14,2017,14000,1,19947.0,0,145,64.2,2.0
14,2017,13500,1,30069.0,4,145,48.7,1.5
5,2015,6200,1,17953.0,4,30,54.3,1.2
5,2018,12500,1,16936.0,4,145,62.8,1.0
13,2018,16500,1,26526.0,0,115,56.5,2.0
13,2017,16000,0,16166.0,4,235,38.2,1.5
1,2017,8500,1,39643.0,0,20,68.9,1.5
1,2018,12500,1,7672.0,0,145,58.9,1.5
5,2017,11000,0,19133.0,4,145,57.7,1.0
5,2018,9000,1,29033.0,4,145,64.2,1.1
5,2017,10300,1,14991.0,4,145,65.7,1.0
5,2017,10300,1,23041.0,4,145,65.7,1.0
5,2018,9500,1,12438.0,4,145,64.2,1.1
11,2016,6600,1,19065.0,4,30,57.7,1.2
5,2016,8600,1,25929.0,4,125,54.3,1.2
5,2018,11400,1,30144.0,4,145,65.7,1.0
6,2017,12700,1,21388.0,0,145,74.3,1.5
5,2018,12300,1,20536.0,4,0,69.0,1.0
13,2015,14000,1,51279.0,0,145,54.3,2.0
3,2016,20000,1,11644.0,0,160,48.7,2.0
5,2017,10800,1,25591.0,0,0,78.5,1.5
11,2015,6200,1,15850.0,4,30,57.7,1.2
5,2016,9100,1,13425.0,4,0,65.7,1.0
6,2019,14200,1,20986.0,0,145,80.7,1.5
6,2018,14400,1,16931.0,0,145,80.7,1.5
5,2018,11700,1,33913.0,4,145,65.7,1.0
5,2017,10200,1,31804.0,0,0,78.5,1.5
5,2015,6800,1,32204.0,4,30,54.3,1.2
13,2017,18400,1,29965.0,0,145,54.3,2.0
0,2015,9000,0,18659.0,4,160,44.1,1.6
11,2017,7800,1,27458.0,4,145,57.7,1.2
6,2014,9000,1,32516.0,0,20,67.3,1.6
5,2015,9600,1,18810.0,4,20,62.8,1.0
5,2017,8500,1,12254.0,4,150,64.2,1.1
0,2015,8000,0,14312.0,4,165,44.1,1.6
13,2014,7699,1,87489.0,0,150,53.3,2.0
6,2017,10799,0,21693.0,4,150,51.4,1.0
1,2013,7000,0,36547.0,0,165,51.4,2.0
6,2017,10499,1,41600.0,0,0,74.3,1.5
14,2017,8295,1,90190.0,0,0,74.3,1.5
14,2015,8000,1,81170.0,0,125,57.7,2.0
14,2016,8500,1,85810.0,0,0,78.5,1.5
14,2017,8000,1,99300.0,0,20,67.3,2.0
6,2016,7000,1,94581.0,4,125,51.4,1.5
6,2015,7499,0,67331.0,4,160,44.8,1.6
9,2011,5000,1,92785.0,4,200,40.9,1.6
14,2016,10500,0,55319.0,0,125,58.9,2.0
2,2017,9299,1,22186.0,4,145,44.8,1.5
6,2016,12000,0,80468.0,0,30,61.4,2.0
18,2013,9000,0,42522.0,0,200,47.1,2.0
5,2018,10000,1,10200.0,4,150,65.7,1.0
6,2015,6500,1,88220.0,0,0,74.3,1.5
6,2017,8295,1,60030.0,0,145,74.3,1.5
14,2017,10295,1,71480.0,0,30,64.2,2.0
5,2016,8195,0,35230.0,4,150,47.9,1.6
6,2015,7695,1,50380.0,0,0,74.3,1.5
6,2016,11695,1,57420.0,0,20,67.3,2.0
6,2017,11490,1,19579.0,4,140,60.1,1.0
5,2019,15990,1,11509.0,4,145,40.3,1.5
11,2017,8100,1,16744.0,4,30,57.7,1.2
5,2017,9000,1,29117.0,4,0,65.7,1.0
5,2018,10000,1,14425.0,4,145,55.4,1.1
6,2019,16800,0,2220.0,0,145,67.3,1.5
5,2016,9300,1,18798.0,0,0,88.3,1.5
6,2017,17000,1,17510.0,4,200,41.5,2.0
5,2017,10500,1,31779.0,4,0,65.7,1.0
11,2015,6200,1,18432.0,4,30,57.7,1.2
5,2014,6300,1,40178.0,4,30,54.3,1.2
2,2018,14500,1,9961.0,4,145,54.3,1.0
13,2019,22800,1,273.0,0,145,46.3,1.5
5,2016,9000,1,25122.0,4,0,65.7,1.0
9,2014,7650,1,36441.0,0,125,60.1,1.6
2,2017,9375,1,9633.0,0,145,44.8,1.5
6,2016,9275,1,27450.0,4,20,61.4,1.0
2,2017,11495,0,19050.0,4,160,44.8,1.5
2,2019,17650,0,3323.0,4,145,45.6,1.0
5,2017,8250,1,18234.0,4,145,65.7,1.0
5,2009,3895,1,61171.0,4,145,49.6,1.2
0,2016,7895,1,41818.0,4,30,57.7,1.0
5,2017,7995,1,25406.0,4,125,54.3,1.2
13,2019,15750,1,15581.0,4,145,34.4,1.5
18,2017,14000,1,38955.0,0,145,56.5,2.0
5,2019,18500,1,5289.0,4,145,40.3,1.5
6,2017,11375,1,19484.0,4,145,60.1,1.0
8,2018,18250,0,31718.0,0,145,52.3,2.0
6,2018,11750,1,25465.0,0,145,74.3,1.5
5,2019,12350,1,3977.0,4,145,56.5,1.0
13,2018,17325,1,24451.0,0,145,54.3,2.0
6,2017,9725,1,18291.0,0,0,74.3,1.5
5,2010,6295,1,34000.0,4,145,48.7,1.4
5,2016,8795,1,38886.0,4,0,65.7,1.0
11,2017,7425,1,24239.0,4,30,57.7,1.2
5,2016,8500,1,23457.0,4,0,65.7,1.0
6,2018,14985,1,5400.0,4,150,58.9,1.0
5,2017,9985,1,13555.0,4,145,65.7,1.0
6,2009,1999,1,113492.0,4,200,42.2,1.6
5,2006,1299,1,97556.0,0,30,62.8,1.4
6,2010,2499,1,87023.0,0,30,62.8,1.6
13,2018,17369,1,10945.0,4,150,39.2,1.5
6,2009,2495,1,107000.0,4,205,42.2,1.6
6,2009,2995,1,98000.0,0,145,54.3,1.8
11,2008,1795,1,63000.0,4,160,45.6,1.3
14,2011,3495,1,137000.0,0,145,53.3,2.0
1,2016,9750,0,30983.0,0,30,58.9,1.5
0,2014,6925,1,31358.0,4,30,55.4,1.0
5,2017,9250,1,21128.0,4,0,65.7,1.0
5,2016,9689,1,24989.0,4,0,65.7,1.0
14,2016,10998,1,22526.0,0,0,78.5,1.5
11,2014,4499,1,31599.0,4,30,57.7,1.2
5,2017,9850,1,19610.0,4,0,65.7,1.0
6,2016,14695,1,33896.0,0,20,67.3,2.0
1,2015,8985,0,24757.0,0,20,64.2,1.5
1,2014,8695,1,31000.0,0,120,55.4,2.0
5,2014,6495,1,46000.0,4,30,54.3,1.2
5,2013,7995,2,23000.0,4,145,47.9,1.6
13,2014,10495,1,39000.0,0,205,47.9,2.0
3,2017,16325,1,53204.0,0,160,48.7,2.0
5,2013,7250,1,33000.0,0,0,76.4,1.5
6,2018,13750,1,14000.0,4,150,51.4,1.5
6,2015,8750,1,41000.0,0,0,74.3,1.5
6,2017,18900,1,16000.0,4,200,41.5,2.0
5,2018,13000,1,16800.0,4,145,58.9,1.0
6,2016,16250,1,19500.0,4,200,41.5,2.0
6,2016,13750,1,38000.0,0,20,67.3,2.0
6,2012,4499,1,93193.0,4,145,47.9,1.6
9,2011,3399,1,142963.0,0,145,53.3,2.0
11,2010,2799,1,89027.0,4,30,55.4,1.2
6,2017,11500,0,29755.0,4,145,51.4,1.0
5,2009,3989,1,88733.0,4,150,49.6,1.4
3,2019,29989,0,4536.0,0,150,37.2,2.0
6,2019,19000,1,4800.0,4,145,45.6,1.5
14,2018,16000,1,10150.0,0,145,65.7,2.0
13,2011,7500,1,68600.0,0,200,47.1,2.0
5,2012,5250,1,67000.0,0,20,68.9,1.6
5,2016,7750,1,45000.0,4,0,65.7,1.0
5,2018,13000,1,3000.0,4,145,61.4,1.0
2,2016,8000,1,58000.0,4,125,53.3,1.0
6,2013,6250,1,53000.0,4,145,47.9,1.6
13,2015,11000,1,38000.0,0,125,60.1,2.0
6,2019,15500,1,10000.0,4,145,60.1,1.0
13,2015,13500,0,33700.0,4,235,38.2,1.5
6,2020,20000,1,100.0,4,145,60.1,1.0
6,2017,16489,1,17155.0,0,145,67.3,2.0
0,2018,11989,1,8624.0,4,145,55.4,1.0
5,2017,8289,1,28405.0,4,150,65.7,1.0
15,2018,28489,1,15744.0,4,150,20.9,5.0
13,2018,16489,1,40658.0,0,145,60.1,2.0
13,2017,12489,1,53628.0,0,145,54.3,2.0
6,2018,14789,1,10444.0,4,145,60.1,1.0
5,2010,3689,1,76648.0,4,145,49.6,1.4
6,2016,9388,2,32780.0,0,0,67.3,1.5
5,2019,12389,1,14948.0,4,145,65.7,1.0
5,2016,8000,1,28000.0,4,0,65.7,1.0
6,2018,14500,1,9000.0,4,145,50.4,1.5
5,2012,4650,1,52000.0,4,125,50.4,1.2
5,2017,8800,1,16000.0,4,150,54.3,1.2
5,2016,8000,1,40000.0,4,0,65.7,1.0
5,2017,8750,1,19000.0,4,125,54.3,1.2
1,2017,9989,1,28264.0,0,20,68.9,1.5
6,2019,13989,1,14413.0,4,145,58.9,1.0
13,2017,13489,1,29618.0,0,145,64.2,1.5
2,2019,14989,1,9171.0,4,145,53.3,1.0
5,2019,12489,1,11623.0,4,145,58.9,1.0
6,2015,7489,1,51864.0,0,20,67.3,1.6
6,2017,11689,1,14132.0,0,0,74.3,1.5
6,2019,24989,1,6760.0,4,150,34.5,2.3
6,2018,13289,1,13387.0,0,150,74.3,1.5
6,2019,15489,1,6889.0,4,145,60.1,1.0
6,2017,10689,1,15337.0,0,0,74.3,1.5
6,2018,12989,1,9884.0,4,145,60.1,1.0
5,2017,9489,1,34180.0,4,145,65.7,1.0
14,2015,9000,1,57547.0,0,145,46.3,2.0
5,2017,8900,1,25520.0,4,125,54.3,1.2
5,2013,6489,1,47157.0,4,30,54.3,1.2
0,2017,9989,1,27590.0,4,30,56.5,1.0
6,2018,11589,1,17997.0,4,145,60.1,1.0
13,2017,13989,1,10580.0,0,30,64.2,1.5
2,2017,9489,1,22798.0,4,145,52.3,1.0
6,2018,12189,1,10283.0,4,145,60.1,1.0
13,2017,16989,1,14422.0,4,160,45.6,1.5
13,2017,13189,1,23139.0,0,145,64.2,1.5
13,2017,16989,1,24293.0,0,145,54.3,2.0
5,2011,4489,1,67145.0,4,125,50.4,1.2
2,2019,16489,1,5529.0,4,145,51.4,1.0
18,2016,17489,1,17081.0,0,125,56.5,2.0
5,2018,9789,1,16577.0,4,145,65.7,1.0
5,2018,9289,1,16086.0,4,145,64.2,1.1
5,2018,9688,1,17157.0,4,145,65.7,1.0
5,2017,8889,1,10951.0,4,145,64.2,1.1
5,2018,9889,1,14085.0,4,145,65.7,1.0
13,2017,16000,1,28529.0,0,145,54.3,2.0
6,2017,13000,1,24484.0,0,145,70.6,0.0
6,2017,12000,1,18116.0,0,145,74.3,1.5
14,2017,13300,1,20301.0,0,145,78.5,1.5
2,2016,8800,1,27692.0,4,125,53.3,1.0
5,2014,8000,1,30226.0,0,0,76.4,1.5
13,2018,17500,0,26562.0,0,145,58.9,1.5
6,2018,11989,1,29086.0,0,145,74.3,1.5
5,2017,9489,1,29307.0,4,145,65.7,1.0
5,2017,8989,1,16939.0,4,0,65.7,1.0
12,2018,7989,1,25940.0,4,145,57.7,1.2
5,2017,9989,1,5561.0,4,0,65.7,1.0
5,2016,8489,1,25320.0,4,125,54.3,1.2
6,2018,13989,0,16064.0,4,145,51.4,1.0
5,2013,5989,1,54581.0,4,30,54.3,1.2
5,2017,10489,1,21518.0,4,145,62.8,1.0
6,2017,10289,1,20254.0,0,0,74.3,1.5
14,2015,10700,1,47610.0,0,30,56.5,2.0
13,2016,16000,0,30179.0,0,145,52.3,2.0
5,2018,9500,1,27461.0,4,145,64.2,1.1
5,2019,12700,1,11151.0,4,145,60.1,1.0
5,2017,9700,1,11186.0,4,0,65.7,1.0
13,2017,15000,1,32827.0,0,150,54.3,2.0
6,2019,18400,1,8230.0,0,145,74.3,1.5
5,2017,10000,1,27284.0,4,145,65.7,1.0
5,2017,10000,1,6311.0,4,0,65.7,1.0
11,2015,5200,1,28192.0,4,30,57.7,1.2
5,2016,8389,1,18017.0,4,125,54.3,1.2
5,2018,11188,1,23493.0,0,145,88.3,1.5
5,2017,9489,1,37566.0,4,0,65.7,1.0
2,2014,8689,1,30817.0,4,125,53.3,1.0
6,2018,10189,1,36347.0,4,145,60.1,1.0
5,2018,10989,1,13496.0,4,145,65.7,1.0
18,2017,14989,2,35680.0,0,145,52.3,2.0
6,2017,9989,1,16299.0,0,0,74.3,1.5
13,2018,14989,1,38284.0,4,145,45.6,1.5
5,2018,8788,1,33610.0,4,145,64.2,1.1
16,2020,18994,1,214.0,4,145,51.4,1.0
1,2014,7890,0,37822.0,0,160,50.4,2.0
18,2014,9990,1,19391.0,0,145,54.3,1.6
8,2018,18290,0,28425.0,0,145,52.3,2.0
8,2016,15799,0,14604.0,0,145,52.3,2.0
5,2018,9998,1,2332.0,4,145,55.4,1.1
13,2019,18499,0,8252.0,4,145,31.0,1.5
13,2019,17299,0,24277.0,0,145,37.2,2.0
13,2016,13890,1,5313.0,4,160,45.6,1.5
13,2017,14480,0,34308.0,0,145,54.3,2.0
5,2015,7299,1,42324.0,0,0,88.3,1.5
13,2017,13499,0,5607.0,4,145,38.2,1.5
6,2018,13445,1,19672.0,4,145,60.1,1.0
13,2016,12899,1,8918.0,0,145,54.3,2.0
18,2016,17899,0,25648.0,4,260,35.8,2.0
18,2017,18299,0,14401.0,0,145,51.4,2.0
13,2019,15899,1,6562.0,4,145,34.4,1.5
13,2017,16699,1,13374.0,0,150,60.1,2.0
2,2017,9199,1,18895.0,4,145,53.3,1.0
13,2019,16499,1,16000.0,0,145,45.6,1.5
11,2012,3499,1,65000.0,4,30,57.7,1.2
6,2013,5499,1,84000.0,0,20,67.3,1.6
13,2015,10199,1,44000.0,0,125,60.1,2.0
6,2015,6499,0,72000.0,4,165,44.8,1.6
5,2014,4799,1,74000.0,4,0,65.7,1.0
5,2009,3495,1,92836.0,4,145,49.6,1.4
5,2017,7995,1,18020.0,4,125,54.3,1.2
5,2016,8995,1,28105.0,4,0,65.7,1.0
0,2017,8495,1,16967.0,0,145,74.3,1.5
6,2019,13980,1,12632.0,4,145,60.1,1.0
6,2019,17990,0,3289.0,0,145,74.3,1.5
6,2018,14990,1,1850.0,4,145,60.1,1.0
6,2017,10899,0,13879.0,4,125,51.4,1.0
6,2018,13699,1,5342.0,4,150,58.9,1.0
6,2017,10280,1,12257.0,0,145,74.3,1.5
5,2018,12290,1,5093.0,4,145,58.9,1.0
5,2012,3690,1,95299.0,0,0,68.9,1.6
9,2017,7994,1,53296.0,0,30,64.2,1.5
9,2016,8689,1,32501.0,0,30,64.2,1.5
6,2013,6729,1,71098.0,0,20,67.3,1.6
9,2012,6650,1,58745.0,4,200,40.9,1.6
6,2013,4999,1,83772.0,0,0,76.4,1.6
6,2014,6295,1,66278.0,4,30,56.5,1.0
5,2018,15000,1,22006.0,4,145,40.3,1.5
14,2017,9999,1,60000.0,0,0,78.5,1.5
13,2016,10499,1,51000.0,0,30,64.2,1.5
5,2014,6499,1,52000.0,4,0,65.7,1.0
5,2016,7499,1,29000.0,4,125,54.3,1.2
1,2018,10995,1,10703.0,4,145,48.7,1.0
14,2017,13995,1,1900.0,4,145,48.7,1.5
11,2008,1294,1,59750.0,4,160,43.5,1.3
6,2013,6995,0,35850.0,4,165,44.1,1.6
9,2017,10290,1,24088.0,0,145,64.2,1.5
5,2016,8780,1,15695.0,4,0,65.7,1.0
8,2016,14999,1,36136.0,0,125,56.5,2.0
6,2017,12199,1,8600.0,4,145,57.7,1.0
5,2015,6199,1,40700.0,4,125,54.3,1.2
13,2014,9299,1,47678.0,0,145,47.9,2.0
5,2014,7599,1,26536.0,4,0,65.7,1.0
1,2017,13799,1,7365.0,4,145,55.4,1.0
5,2018,9499,1,10264.0,4,145,58.9,1.0
6,2018,12610,1,26052.0,4,145,57.7,1.0
5,2014,8879,0,12945.0,4,145,47.9,1.6
6,2015,10899,1,14929.0,0,0,74.3,1.5
6,2015,9000,1,33917.0,4,20,60.1,1.0
5,2016,10000,1,19934.0,4,0,65.7,1.0
5,2016,7900,1,40284.0,4,125,54.3,1.2
13,2019,18800,1,13476.0,4,145,35.3,1.5
13,2017,16800,1,8511.0,0,125,60.1,2.0
5,2017,9000,1,15809.0,4,150,65.7,1.0
13,2017,15700,1,14594.0,0,125,60.1,2.0
1,2017,10800,1,9392.0,4,165,44.1,1.6
0,2017,8675,1,9339.0,4,150,55.4,1.0
6,2015,9200,1,32000.0,4,20,60.1,1.0
5,2015,7489,1,51950.0,4,20,62.8,1.0
5,2018,15489,1,6355.0,4,145,62.8,1.0
2,2017,9989,1,27240.0,4,145,53.3,1.0
12,2017,8289,1,409.0,4,145,57.7,1.2
5,2018,10498,1,12229.0,4,145,58.9,1.0
11,2016,5990,1,17081.0,4,30,57.7,1.2
18,2016,14498,0,9966.0,0,145,52.3,2.0
5,2017,8990,1,33553.0,4,0,65.7,1.0
5,2018,9990,1,14440.0,4,145,65.7,1.0
8,2018,16475,1,8346.0,0,145,56.5,2.0
1,2013,3990,1,111810.0,0,30,62.8,1.6
6,2019,19300,0,1592.0,4,150,51.4,1.0
5,2017,11000,1,17025.0,0,145,78.5,1.5
13,2016,12000,1,40148.0,0,125,60.1,2.0
6,2014,7599,1,54672.0,0,20,67.3,1.6
5,2018,10999,1,18821.0,4,145,56.5,1.0
6,2018,12699,1,8839.0,4,145,57.7,1.0
13,2017,17000,0,9946.0,0,150,54.3,2.0
13,2018,18869,1,22218.0,0,145,54.3,2.0
5,2016,7999,1,18435.0,4,125,54.3,1.2
13,2015,11399,1,33567.0,0,125,60.1,2.0
0,2016,9611,1,13390.0,4,30,57.7,1.0
14,2016,8899,1,94689.0,0,30,62.8,2.0
18,2008,4695,1,72900.0,0,200,45.6,2.0
5,2015,7695,1,28200.0,4,30,54.3,1.2
5,2013,7995,0,27500.0,4,145,47.9,1.6
2,2017,11995,1,18000.0,4,145,52.3,1.0
14,2017,15800,0,30767.0,4,240,38.2,2.0
5,2017,8900,1,26118.0,4,150,54.3,1.2
1,2017,11000,1,5726.0,4,150,44.1,1.6
13,2013,10200,1,49766.0,0,20,60.1,2.0
6,2017,11000,1,12358.0,4,20,60.1,1.0
6,2017,12000,1,36851.0,0,150,74.3,1.5
5,2016,8999,1,14268.0,4,0,65.7,1.0
14,2015,9799,1,48484.0,0,30,65.7,2.0
5,2017,8499,1,12606.0,4,145,54.3,1.2
14,2018,12999,1,25659.0,0,145,47.1,2.0
5,2017,7499,1,32796.0,4,0,65.7,1.0
5,2018,7899,1,30390.0,4,145,64.2,1.1
5,2018,9899,1,22115.0,0,145,85.6,1.5
11,2014,4199,1,57533.0,4,30,57.7,1.2
11,2014,4399,1,49393.0,4,30,57.7,1.2
2,2017,9199,1,29778.0,4,125,52.3,1.0
13,2015,10999,1,47528.0,0,145,54.3,2.0
13,2015,12399,1,24199.0,0,125,60.1,2.0
13,2014,11899,1,33271.0,0,160,47.9,2.0
13,2015,14699,0,18537.0,4,235,38.2,1.5
6,2015,8599,1,26664.0,0,0,74.3,1.5
6,2016,9299,1,26805.0,0,0,74.3,1.5
6,2015,9199,1,45045.0,0,0,74.3,1.5
13,2016,13595,0,44595.0,0,145,52.3,2.0
13,2016,14499,0,29386.0,4,235,38.2,1.5
13,2014,9999,1,40424.0,0,145,53.3,2.0
5,2013,5750,1,45761.0,4,30,54.3,1.2
5,2015,6995,1,41198.0,4,0,65.7,1.0
6,2016,8450,1,23854.0,0,0,74.3,1.5
6,2017,12452,1,18729.0,4,145,50.4,1.5
6,2016,7999,1,66442.0,0,0,74.3,1.5
14,2016,11739,1,40230.0,0,30,64.2,2.0
1,2016,10587,0,15370.0,0,20,64.2,1.5
14,2016,7499,1,85989.0,0,0,78.5,1.5
9,2016,11999,0,8656.0,0,30,58.9,1.5
6,2015,9999,1,13946.0,0,0,74.3,1.5
6,2018,12399,1,15420.0,4,145,57.7,1.0
6,2015,7099,1,74176.0,0,0,74.3,1.5
5,2015,7599,1,24329.0,0,0,78.5,1.5
6,2011,9199,1,47304.0,4,325,30.4,2.5
5,2016,8299,1,13788.0,4,125,54.3,1.2
13,2019,16499,1,11266.0,0,145,38.2,2.0
13,2019,16499,1,16258.0,0,145,38.2,2.0
5,2016,7250,1,39482.0,0,0,78.5,1.5
5,2016,8999,1,21975.0,4,0,65.7,1.0
6,2016,9850,1,20764.0,0,0,74.3,1.5
13,2014,10499,1,48480.0,0,145,54.3,2.0
6,2017,11850,1,18466.0,0,145,74.3,1.5
5,2014,5699,1,43288.0,0,0,85.6,1.6
6,2015,7468,1,66825.0,0,0,74.3,1.5
5,2015,6750,1,11900.0,4,125,54.3,1.2
5,2016,7560,1,46924.0,0,0,88.3,1.5
2,2018,14105,1,13953.0,4,145,54.3,1.0
6,2016,9699,1,42330.0,0,0,74.3,1.5
6,2016,7299,1,88993.0,0,0,74.3,1.5
6,2014,8175,1,36008.0,0,20,67.3,1.6
6,2017,10499,1,29396.0,0,0,74.3,1.5
6,2012,9799,1,54750.0,4,235,39.2,2.0
5,2014,7299,1,57982.0,4,0,65.7,1.0
9,2017,10999,0,18415.0,0,30,58.9,1.5
5,2013,6699,1,33542.0,4,0,65.7,1.0
5,2015,9599,0,27438.0,4,0,57.7,1.0
6,2017,10499,1,19530.0,4,145,61.4,1.0
5,2018,13946,0,13724.0,4,145,49.6,1.0
6,2017,15395,1,26908.0,0,145,67.3,2.0
8,2017,17334,0,39824.0,0,145,52.3,2.0
14,2018,14399,0,28397.0,0,145,45.6,2.0
6,2018,13231,1,11856.0,4,145,57.7,1.0
5,2015,7899,1,30125.0,4,0,65.7,1.0
5,2013,4599,1,73611.0,0,0,76.4,1.5
6,2014,7495,1,29352.0,0,20,67.3,1.6
9,2014,9195,0,43391.0,0,160,48.7,2.0
14,2015,8494,1,76215.0,0,0,78.5,1.5
6,2017,11595,1,25392.0,4,145,60.1,1.0
6,2014,7983,0,29390.0,4,160,44.8,1.6
13,2013,10499,1,23807.0,0,145,53.3,2.0
6,2016,9920,1,34894.0,4,20,60.1,1.0
5,2016,8277,1,18543.0,4,125,54.3,1.2
6,2018,17182,1,15672.0,4,145,41.5,2.0
9,2018,13999,1,12135.0,4,145,47.1,1.0
5,2014,6614,1,28694.0,4,30,54.3,1.2
18,2016,15857,1,29118.0,0,125,56.5,2.0
6,2016,9099,0,39191.0,0,20,67.3,1.5
5,2014,4995,1,82809.0,0,0,76.4,1.5
5,2018,10999,1,28337.0,4,145,65.7,1.0
1,2016,8530,0,37212.0,0,20,64.2,1.5
13,2019,16499,1,16151.0,0,145,38.2,2.0
18,2016,16450,0,29156.0,0,145,52.3,2.0
13,2019,16499,1,13500.0,0,145,38.2,2.0
5,2017,8999,1,26740.0,0,145,85.6,1.5
6,2017,12295,1,13849.0,0,145,74.3,1.5
8,2017,17999,1,33115.0,0,125,56.5,2.0
1,2016,10750,1,15101.0,4,30,55.4,1.0
14,2018,13699,0,47320.0,0,145,45.6,2.0
14,2018,13999,0,33643.0,0,145,45.6,2.0
6,2017,11850,1,15013.0,0,145,74.3,1.5
9,2016,10750,1,25929.0,0,30,64.2,1.5
6,2016,15799,1,19750.0,4,200,41.5,2.0
5,2015,8750,1,15548.0,4,0,65.7,1.0
6,2017,12612,1,8974.0,4,145,57.7,1.0
5,2017,7699,1,27426.0,4,0,65.7,1.0
13,2016,14299,0,24368.0,0,145,52.3,2.0
5,2016,8399,1,15382.0,4,0,65.7,1.0
5,2016,10199,1,18010.0,4,0,65.7,1.0
5,2016,7499,1,27243.0,4,125,54.3,1.2
13,2016,11599,1,27004.0,0,125,60.1,2.0
6,2015,8999,1,20300.0,4,20,58.9,1.0
14,2018,13999,0,31345.0,0,145,45.6,2.0
5,2018,9999,1,42415.0,4,145,56.5,1.0
14,2015,8099,1,84443.0,0,0,78.5,1.5
6,2017,11599,1,21618.0,4,145,57.7,1.0
5,2017,8388,1,24784.0,4,125,54.3,1.2
5,2015,7342,1,19562.0,4,0,65.7,1.0
0,2017,8899,1,16491.0,4,145,56.5,1.0
5,2016,8912,1,21840.0,4,0,65.7,1.0
5,2018,10999,1,28323.0,4,145,65.7,1.0
5,2018,10151,1,24664.0,0,145,55.4,1.5
6,2017,11886,1,19798.0,0,145,74.3,1.5
6,2016,6891,1,97190.0,0,20,70.6,2.0
6,2017,12099,1,14439.0,0,145,74.3,1.5
1,2012,7750,1,24600.0,4,160,42.8,1.6
6,2016,14312,1,40536.0,0,20,67.3,2.0
13,2017,16795,1,23077.0,0,145,64.2,1.5
2,2018,12495,1,16579.0,4,145,54.3,1.0
5,2018,13995,0,6025.0,4,145,48.7,1.0
5,2018,13495,1,14219.0,4,145,62.8,1.0
2,2017,9795,1,42469.0,4,145,64.2,1.5
5,2017,10995,1,11129.0,4,145,65.7,1.0
2,2016,8995,1,32918.0,0,30,64.2,1.5
5,2018,11995,1,15329.0,4,145,65.7,1.0
6,2017,12495,1,35027.0,4,20,60.1,1.0
6,2018,16495,1,34207.0,0,150,54.3,2.0
1,2018,11995,1,7123.0,0,150,68.9,1.5
5,2017,10495,1,15704.0,4,150,65.7,1.0
13,2017,16495,0,19278.0,0,150,54.3,2.0
5,2018,12995,0,24029.0,4,150,54.3,1.0
2,2017,10495,1,20772.0,4,150,52.3,1.0
5,2017,8995,1,23267.0,4,150,64.2,1.1
6,2017,11995,1,22167.0,4,150,60.1,1.0
2,2017,10495,0,34075.0,4,150,44.8,1.5
13,2018,18995,1,8587.0,0,150,47.9,2.0
13,2018,17995,1,18257.0,0,150,60.1,2.0
9,2015,9499,1,58199.0,0,30,64.2,1.5
13,2017,16299,0,45771.0,0,145,54.3,2.0
18,2017,18490,1,47612.0,0,125,51.4,2.0
18,2013,7999,1,50000.0,0,150,53.3,2.0
5,2015,7499,1,31000.0,4,125,54.3,1.2
1,2017,8699,1,41804.0,4,160,44.1,1.6
6,2017,10999,1,32133.0,0,145,74.3,1.5
5,2016,7499,1,27775.0,4,125,54.3,1.2
6,2015,13000,1,46007.0,0,20,67.3,2.0
5,2018,10799,1,20748.0,4,145,65.7,1.0
2,2017,9450,1,33000.0,4,145,52.3,1.0
13,2015,13495,1,37000.0,0,145,54.3,2.0
5,2013,7750,1,25000.0,4,0,65.7,1.0
5,2011,4495,1,62000.0,4,150,48.7,1.4
6,2013,6480,1,49000.0,0,20,67.3,1.6
6,2017,10999,1,37000.0,4,145,60.1,1.0
11,2010,2999,1,38000.0,4,30,55.4,1.2
6,2008,1290,1,137000.0,0,150,54.3,1.8
13,2015,14499,1,36523.0,0,145,54.3,2.0
6,2016,15900,1,19488.0,0,20,67.3,2.0
5,2018,10770,1,17202.0,4,145,65.7,1.0
5,2018,9680,1,37960.0,4,145,65.7,1.0
5,2018,9900,1,32950.0,4,145,65.7,1.0
13,2017,16000,1,27451.0,0,145,60.1,2.0
13,2018,19999,0,20260.0,4,145,38.2,1.5
5,2015,7350,1,66445.0,4,20,62.8,1.0
5,2015,8650,1,29022.0,4,20,62.8,1.0
5,2018,9099,1,11900.0,4,145,55.4,1.1
5,2017,7599,1,14226.0,4,125,54.3,1.2
14,2015,9899,0,54349.0,0,125,58.9,2.0
5,2018,10495,1,26460.0,4,150,65.7,1.0
2,2018,13995,1,9515.0,4,150,54.3,1.0
12,2018,9995,1,5622.0,4,150,47.9,1.2
10,2017,13995,1,45461.0,0,150,64.2,1.5
0,2014,6995,1,27000.0,4,145,47.1,1.4
0,2014,5995,1,61000.0,4,30,55.4,1.0
5,2016,9750,1,22000.0,4,0,65.7,1.0
12,2019,9995,1,2367.0,4,150,47.9,1.2
11,2014,5295,1,29695.0,4,30,57.7,1.2
5,2017,12495,1,32163.0,4,150,47.9,1.6
2,2017,10995,1,9532.0,4,150,52.3,1.0
6,2018,13995,1,16063.0,4,150,60.1,1.0
0,2013,6250,0,25000.0,4,160,44.1,1.6
2,2019,15995,1,5000.0,4,145,53.3,1.0
6,2017,10750,1,34000.0,4,20,60.1,1.0
13,2019,19495,1,6000.0,0,145,38.2,2.0
14,2011,4750,1,81000.0,4,160,44.1,2.0
6,2013,6250,1,44000.0,4,30,56.5,1.0
5,2016,9495,1,18000.0,4,0,65.7,1.0
1,2012,5995,1,49000.0,4,160,42.8,1.6
5,2016,9495,1,27000.0,4,0,65.7,1.0
5,2018,11750,1,13000.0,4,145,65.7,1.0
12,2019,10995,1,400.0,4,145,43.5,1.2
1,2011,4495,1,89000.0,0,30,61.4,1.6
6,2019,17995,1,2000.0,4,145,49.6,1.0
5,2017,11995,0,10000.0,4,0,57.7,1.0
5,2007,1400,1,63000.0,4,145,47.1,1.2
13,2017,16795,1,17415.0,0,125,60.1,2.0
18,2017,17495,1,23154.0,0,125,56.5,1.5
14,2019,24995,0,2567.0,2,135,46.3,2.0
1,2017,12995,1,21522.0,0,30,64.2,2.0
14,2017,15995,0,20397.0,4,145,44.8,1.5
6,2019,17495,1,5225.0,4,145,60.1,1.0
5,2017,8895,1,14037.0,4,125,54.3,1.2
6,2015,8499,1,51879.0,0,0,74.3,1.5
2,2018,15490,0,8817.0,4,145,45.6,1.0
2,2017,9980,1,21893.0,4,145,52.3,1.0
6,2016,7880,1,71661.0,0,0,74.3,1.5
13,2013,9990,1,58018.0,0,150,53.3,2.0
14,2015,9995,1,59872.0,4,145,48.7,1.5
2,2017,8995,1,42462.0,4,125,52.3,1.0
5,2017,10495,1,24914.0,4,145,65.7,1.0
14,2015,12995,1,28347.0,0,30,62.8,2.0
18,2016,16995,0,26284.0,0,145,52.3,2.0
6,2017,11995,1,23516.0,4,145,60.1,1.0
5,2016,7495,1,33383.0,4,125,54.3,1.2
6,2017,15495,1,32294.0,0,145,67.3,2.0
12,2017,6995,1,43345.0,4,30,57.7,1.2
5,2017,9995,0,7497.0,4,0,57.7,1.0
5,2018,9995,1,12873.0,4,150,64.2,1.1
5,2014,7495,1,26665.0,4,0,65.7,1.0
5,2016,5850,1,66115.0,0,0,78.5,1.5
5,2016,9950,1,23940.0,4,145,47.9,1.6
5,2017,11750,1,23782.0,4,145,47.9,1.6
6,2018,11750,1,11829.0,4,145,57.7,1.0
6,2005,1475,0,88746.0,4,265,36.7,1.6
6,2017,16950,1,17856.0,4,205,41.5,2.0
6,2014,4990,1,91938.0,0,20,67.3,1.6
9,2017,8450,1,62833.0,0,30,64.2,1.5
13,2014,11350,0,40219.0,4,260,36.7,1.6
9,2017,12500,1,15077.0,0,30,64.2,1.5
12,2019,11250,1,2418.0,4,150,43.5,1.2
6,2015,7295,1,83823.0,0,0,74.3,1.5
2,2017,9395,1,41702.0,4,150,52.3,1.0
5,2017,9800,1,27196.0,4,150,65.7,1.0
5,2015,8200,1,21718.0,4,0,65.7,1.0
5,2015,8795,2,21091.0,4,150,47.9,1.6
6,2019,15995,1,11900.0,4,145,60.1,1.0
5,2018,9495,1,8563.0,4,145,64.2,1.1
0,2015,6995,1,33767.0,4,145,47.1,1.4
3,2018,25995,0,11170.0,0,145,47.9,2.0
5,2017,9995,1,9148.0,4,145,65.7,1.0
5,2018,10495,1,16275.0,4,145,65.7,1.0
5,2018,12495,1,12012.0,4,145,65.7,1.0
5,2018,11995,1,13832.0,4,145,65.7,1.0
2,2017,10495,1,31045.0,4,145,44.8,1.5
14,2016,13995,0,32217.0,0,125,56.5,2.0
2,2019,14995,1,14145.0,4,150,53.3,1.0
9,2017,14495,1,8619.0,0,30,64.2,1.5
5,2016,9495,2,28741.0,4,0,65.7,1.0
12,2019,10999,1,3572.0,4,150,43.5,1.2
5,2017,10500,1,27833.0,4,150,62.8,1.0
6,2015,8250,1,62706.0,0,0,74.3,1.5
13,2017,15500,1,15466.0,0,150,60.1,2.0
12,2018,7995,1,21403.0,4,150,57.7,1.2
13,2019,18499,1,4409.0,0,150,38.2,2.0
6,2019,18795,1,1342.0,4,150,60.1,1.0
2,2019,14999,1,8260.0,4,145,53.3,1.0
5,2018,11395,1,10602.0,4,145,58.9,1.0
5,2018,11695,1,10375.0,4,145,58.9,1.0
6,2018,15250,1,6367.0,4,145,58.9,1.0
6,2019,16495,1,6344.0,4,145,49.6,1.0
12,2018,7600,1,12426.0,4,145,57.7,1.2
5,2017,10495,0,13650.0,4,145,57.7,1.0
5,2018,10995,1,11840.0,4,145,58.9,1.0
5,2019,14795,1,2159.0,4,145,58.9,1.0
5,2019,17250,1,7694.0,4,145,60.1,1.0
5,2019,12999,1,15061.0,4,145,56.5,1.0
5,2018,9995,1,26473.0,4,150,55.4,1.1
11,2015,5295,1,36742.0,4,30,57.7,1.2
5,2018,14495,1,8845.0,4,150,55.4,1.0
5,2017,7995,1,36189.0,4,150,65.7,1.0
5,2014,6999,1,30029.0,4,0,65.7,1.0
11,2006,1095,1,94400.0,4,200,43.5,1.3
6,2009,3575,1,50975.0,0,160,51.4,2.0
13,2019,23295,1,1984.0,0,145,37.7,2.0
5,2018,9995,1,15522.0,4,145,65.7,1.0
5,2017,11995,1,13558.0,4,145,65.7,1.0
5,2019,15995,1,10956.0,4,145,58.9,1.0
6,2015,12991,1,49605.0,0,20,67.3,2.0
6,2016,9491,1,45526.0,0,0,74.3,1.5
5,2016,8100,1,15411.0,4,125,54.3,1.2
6,2019,18999,1,6696.0,0,145,70.6,2.0
6,2019,18999,0,5572.0,0,145,74.3,1.5
1,2016,9495,2,40917.0,0,20,64.2,1.5
15,2019,35950,0,26.0,4,145,30.7,2.3
15,2019,37300,0,11.0,4,145,30.7,2.3
5,2018,12470,1,6653.0,0,145,88.3,1.5
13,2019,19495,1,5911.0,0,145,54.3,1.5
12,2017,7650,1,18043.0,4,30,57.7,1.2
13,2017,17495,1,9969.0,0,145,54.3,1.5
6,2017,15750,1,43499.0,0,20,67.3,2.0
5,2019,10995,1,16552.0,4,145,58.9,1.0
5,2019,15600,0,4902.0,4,145,48.7,1.0
5,2018,13999,0,6906.0,4,145,48.7,1.0
20,2019,18750,1,2762.0,0,145,48.7,1.5
2,2018,12895,1,9281.0,0,145,68.9,1.5
13,2019,18500,1,9464.0,0,145,38.2,2.0
0,2017,10095,1,18419.0,4,30,55.4,1.0
8,2018,20750,1,17003.0,0,145,56.5,2.0
6,2018,16995,1,7660.0,4,145,60.1,1.0
5,2018,10250,1,18559.0,4,145,65.7,1.0
13,2018,20795,1,13425.0,0,145,39.2,2.0
5,2017,9795,1,8606.0,4,0,65.7,1.0
5,2017,9750,1,8500.0,4,145,65.7,1.0
5,2017,9195,1,14973.0,4,145,65.7,1.0
8,2008,4550,1,75988.0,0,190,44.8,1.8
6,2009,3450,1,77466.0,4,190,42.2,1.6
6,2013,6899,0,22488.0,4,160,44.1,1.6
5,2014,7750,1,19384.0,4,30,54.3,1.2
5,2012,4899,1,26375.0,4,125,51.4,1.2
6,2017,10350,1,32299.0,0,145,74.3,1.5
6,2019,18295,0,10677.0,4,145,41.5,1.0
13,2018,15995,1,34594.0,4,145,45.6,1.5
6,2016,8995,1,37867.0,4,20,61.4,1.0
12,2019,9850,1,3462.0,4,145,48.7,1.2
5,2018,12795,0,6386.0,4,145,48.7,1.0
5,2017,9500,1,15979.0,4,0,65.7,1.0
9,2016,11495,1,6679.0,4,30,54.3,1.0
6,2017,10000,1,26488.0,0,0,74.3,1.5
5,2009,2500,1,102950.0,4,150,49.6,1.2
13,2016,11795,1,73730.0,0,150,54.3,2.0
11,2012,3491,1,85843.0,4,30,57.7,1.2
11,2010,2991,1,91811.0,4,30,55.4,1.2
5,2007,2491,1,62596.0,4,145,47.1,1.2
5,2009,2991,1,79089.0,4,145,49.6,1.2
5,2011,4491,1,38831.0,4,125,50.4,1.2
5,2009,3491,1,71926.0,4,145,49.6,1.2
11,2012,3491,1,86667.0,4,30,57.7,1.2
7,2009,2491,1,86022.0,4,205,43.5,1.4
2,2018,13795,1,17722.0,0,145,68.9,1.5
6,2019,16498,1,7866.0,4,145,49.6,1.0
6,2018,12350,1,9247.0,4,145,60.1,1.0
14,2020,20499,1,12.0,0,145,49.6,2.0
5,2017,10995,1,14532.0,4,145,65.7,1.0
14,2015,7295,1,74810.0,0,0,78.5,1.6
14,2015,5795,1,150890.0,0,30,65.7,2.0
6,2015,5795,1,105260.0,4,20,60.1,1.0
14,2015,8295,1,80280.0,0,20,68.9,2.0
14,2017,7195,1,117390.0,0,20,67.3,2.0
18,2013,11000,0,71430.0,0,300,39.8,2.2
6,2019,18250,0,9996.0,0,145,74.3,1.5
13,2018,14995,1,14354.0,0,145,64.2,1.5
13,2017,15495,1,62302.0,0,125,60.1,2.0
13,2018,15850,1,10334.0,0,145,64.2,1.5
6,2018,16995,1,9366.0,4,145,60.1,1.0
1,2017,11895,2,17454.0,0,20,64.2,1.5
3,2018,23795,0,23703.0,0,145,47.9,2.0
2,2018,13950,1,13200.0,4,145,54.3,1.0
5,2017,13745,1,11964.0,4,145,47.9,1.6
5,2018,9790,1,20207.0,4,145,65.7,1.0
5,2019,17490,1,5079.0,4,150,40.3,1.5
6,2016,22390,1,28794.0,4,235,36.7,2.3
8,2017,19995,1,22995.0,0,125,56.5,2.0
5,2017,10195,1,34381.0,4,145,65.7,1.0
0,2014,6000,1,33190.0,0,20,68.9,1.5
13,2013,9795,0,57080.0,4,265,36.7,1.6
14,2016,7500,1,101980.0,0,20,67.3,2.0
13,2017,14000,0,49550.0,0,150,54.3,2.0
18,2017,11495,1,97390.0,0,145,56.5,2.0
5,2015,6195,1,75720.0,4,20,62.8,1.0
6,2016,8000,0,61630.0,0,0,67.3,1.5
14,2016,7795,1,92070.0,0,20,67.3,2.0
5,2015,5795,1,25449.0,4,30,54.3,1.2
5,2009,3295,1,95000.0,4,145,49.6,1.4
6,2010,2995,1,114000.0,4,200,42.2,1.6
5,2008,1695,1,116000.0,4,145,47.1,1.2
1,2008,2495,1,91000.0,4,240,39.8,1.8
14,2011,3995,1,62000.0,4,265,35.8,2.0
5,2013,5995,1,43000.0,4,30,54.3,1.2
5,2015,7799,1,19110.0,4,125,54.3,1.2
6,2015,7299,1,66804.0,0,0,74.3,1.5
5,2016,7690,1,19131.0,4,125,54.3,1.2
2,2018,13950,1,3800.0,4,145,53.3,1.0
13,2015,9950,1,30268.0,0,125,60.1,2.0
5,2016,9450,1,28600.0,4,0,65.7,1.0
5,2013,4000,1,111530.0,4,0,65.7,1.0
14,2016,7695,1,90610.0,0,20,68.9,2.0
5,2018,10095,1,22790.0,4,145,58.9,1.0
5,2019,15995,1,13194.0,4,145,40.3,1.5
5,2017,8995,1,18792.0,4,145,54.3,1.2
6,2019,17895,1,1696.0,4,145,60.1,1.0
5,2017,10395,1,9029.0,4,145,65.7,1.0
6,2019,17495,1,2808.0,4,145,60.1,1.0
2,2019,15495,0,14447.0,4,145,45.6,1.0
13,2018,15795,1,16778.0,0,145,64.2,1.5
6,2017,9595,0,49773.0,4,145,51.4,1.0
2,2016,10495,0,11075.0,4,160,44.8,1.5
5,2013,6295,1,40820.0,4,30,54.3,1.2
8,2016,14500,1,87180.0,0,125,56.5,2.0
13,2015,8000,1,120480.0,0,125,60.1,2.0
5,2015,8500,1,24770.0,4,20,62.8,1.0
14,2017,9000,1,87390.0,0,30,65.7,2.0
6,2016,7195,1,71350.0,0,0,74.3,1.5
6,2015,7695,1,59260.0,0,0,74.3,1.5
14,2016,8295,1,75580.0,0,0,78.5,1.5
14,2016,8000,1,80560.0,0,125,68.9,2.0
18,2015,11500,1,82370.0,4,125,56.5,1.5
6,2015,9170,1,28000.0,4,20,61.4,0.0
6,2019,18699,1,10000.0,4,145,46.3,0.0
5,2009,3995,1,70000.0,0,20,67.3,1.6
6,2011,4995,1,69000.0,4,150,47.1,1.6
13,2018,15990,1,16009.0,4,145,39.2,1.5
13,2013,8995,1,75000.0,0,200,47.9,2.0
3,2016,17995,1,52000.0,0,200,47.9,2.0
6,2017,10697,1,22946.0,0,145,74.3,1.5
6,2014,5895,1,59306.0,4,30,56.5,1.0
5,2017,9899,1,10000.0,4,0,65.7,0.0
12,2018,9999,1,15000.0,4,145,43.5,0.0
2,2018,12973,1,23000.0,4,145,54.3,0.0
2,2019,15904,1,5000.0,4,145,52.3,0.0
5,2017,9204,1,28000.0,4,145,65.7,0.0
12,2020,11999,1,2000.0,4,145,43.5,0.0
2,2018,11999,1,28000.0,4,145,53.3,0.0
5,2017,9080,1,20000.0,4,0,65.7,0.0
5,2017,9046,1,22000.0,4,0,65.7,0.0
5,2017,11783,0,23000.0,4,0,57.7,0.0
5,2017,9275,0,34000.0,4,0,57.7,0.0
6,2018,18389,1,19000.0,4,145,67.3,0.0
5,2019,21999,1,4000.0,4,145,40.3,0.0
12,2019,9999,1,5000.0,4,145,47.9,0.0
12,2019,9999,1,10000.0,4,145,47.9,0.0
5,2018,10903,1,8000.0,4,150,65.7,0.0
6,2017,12975,1,11000.0,4,145,51.4,0.0
6,2015,9072,1,23000.0,4,20,58.9,0.0
5,2018,11325,1,23000.0,4,150,65.7,0.0
6,2013,8999,1,34000.0,4,150,47.1,0.0
6,2009,2991,1,89969.0,4,205,42.2,1.6
6,2008,1999,1,101000.0,4,200,42.2,1.6
5,2013,5500,1,62187.0,4,30,54.3,1.2
6,2011,3499,1,84239.0,4,235,40.4,1.8
5,2015,10699,1,29600.0,4,145,47.9,1.6
5,2008,3499,1,69676.0,4,150,49.6,1.4
6,2015,6999,1,55336.0,0,0,67.3,1.5
6,2010,2799,1,100900.0,4,205,42.2,1.6
6,2018,11995,1,25000.0,4,145,57.7,1.0
5,2019,14295,1,6988.0,4,145,65.7,1.0
6,2013,5999,1,62021.0,0,20,67.3,1.6
7,2010,2495,1,96000.0,0,30,62.8,1.4
6,2010,2495,1,93900.0,0,30,62.8,1.6
14,2010,2495,1,88642.0,0,200,48.7,1.8
6,2010,3000,1,81124.0,0,200,47.9,2.0
6,2008,2495,1,89000.0,0,30,62.8,1.6
5,2017,9999,1,19000.0,4,145,85.6,0.0
5,2018,12124,0,11000.0,4,145,54.3,0.0
5,2018,14175,1,9000.0,4,150,58.9,0.0
5,2014,5769,1,73000.0,4,0,65.7,0.0
5,2018,12999,1,15000.0,4,150,58.9,0.0
2,2017,9951,1,15000.0,4,150,52.3,0.0
14,2013,5328,1,105000.0,0,30,65.7,0.0
5,2017,8702,1,15000.0,4,150,65.7,0.0
6,2018,12395,1,18280.0,4,145,57.7,1.0
2,2018,13895,0,28536.0,4,145,48.7,1.0
5,2019,17250,1,13200.0,4,150,40.3,1.5
11,2009,2995,1,61000.0,4,30,55.4,1.2
1,2016,11995,0,33000.0,0,125,56.5,2.0
1,2016,9799,1,22500.0,4,30,55.4,1.0
16,2019,23999,1,3000.0,2,150,50.4,0.0
9,2017,11799,1,23792.0,4,30,54.3,1.0
1,2011,4795,1,62734.0,4,200,42.8,1.6
8,2007,2495,1,133694.0,0,235,43.5,2.0
6,2009,2395,1,102000.0,0,30,58.9,1.6
1,2013,5975,1,50000.0,0,30,61.4,1.6
8,2009,5275,1,75000.0,0,200,45.6,2.0
6,2014,6275,1,55000.0,4,30,56.5,1.0
13,2009,5975,1,80000.0,0,200,46.3,2.0
1,2015,7990,1,34945.0,4,30,55.4,1.0
9,2012,5990,1,71848.0,4,200,40.9,1.6
13,2013,9990,1,51381.0,0,200,47.9,2.0
14,2012,5995,1,77000.0,0,125,57.7,2.0
6,2011,4995,1,69000.0,0,20,67.3,1.6
6,2012,5495,1,76000.0,0,20,67.3,1.6
6,2013,3990,1,114000.0,0,20,67.3,1.6
14,2016,9990,1,58519.0,0,0,78.5,1.5
14,2013,6995,1,71000.0,0,30,62.8,2.0
18,2011,6990,1,67507.0,0,165,50.4,2.0
6,2015,7475,1,50000.0,4,20,61.4,1.0
11,2008,1895,1,50990.0,4,160,45.6,1.3
13,2013,7875,1,100000.0,0,200,47.9,2.0
1,2011,4490,1,78014.0,0,30,61.4,1.6
13,2011,7475,1,70000.0,0,205,47.1,2.0
6,2014,5995,2,92000.0,0,145,53.3,2.0
14,2010,3495,1,98000.0,4,260,35.8,2.0
6,2013,5490,1,65815.0,0,20,67.3,1.6
14,2014,7495,1,82000.0,0,30,62.8,2.0
6,2015,6990,1,72160.0,4,20,60.1,1.0
9,2015,8990,1,35000.0,0,125,60.1,1.6
18,2010,6490,1,71363.0,0,200,47.1,2.0
6,2015,7499,1,59020.0,0,20,67.3,1.6
18,2016,17499,1,33453.0,0,125,51.4,2.0
6,2013,3995,1,89411.0,0,0,83.1,1.6
1,2010,3195,1,73929.0,0,30,57.7,1.6
18,2006,3875,1,120000.0,0,210,44.1,2.0
5,2015,8275,1,35000.0,4,20,62.8,1.0
8,2009,5475,1,58000.0,0,200,44.8,1.8
5,2016,8475,1,27000.0,4,20,62.8,1.0
6,2016,9299,1,23306.0,0,0,74.3,1.5
6,2013,5899,1,50914.0,0,20,67.3,1.6
5,2015,8999,1,22191.0,4,0,65.7,1.0
6,2017,11699,1,13211.0,4,145,57.7,1.0
6,2016,8499,1,25369.0,4,20,60.1,1.0
5,2014,7749,1,37890.0,4,0,65.7,1.0
5,2015,8899,0,24068.0,4,0,57.7,1.0
5,2017,9999,1,30060.0,4,145,65.7,1.0
13,2018,15599,1,17943.0,0,145,60.1,2.0
6,2016,10499,1,14808.0,0,0,74.3,1.5
1,2009,1995,1,79606.0,4,240,39.8,1.8
6,2016,9295,1,54385.0,4,20,60.1,1.0
14,2014,8995,1,68333.0,0,30,61.4,2.0
2,2016,7759,1,54000.0,4,125,52.3,1.0
6,2011,5495,0,76317.0,0,150,53.3,2.0
11,2012,3295,1,45500.0,4,30,57.7,1.2
6,2008,3695,0,65782.0,4,260,37.7,1.6
14,2015,10995,1,66509.0,0,125,58.9,2.0
14,2011,3495,1,84951.0,0,145,53.3,2.0
14,2014,8995,1,71869.0,0,30,61.4,2.0
5,2016,8975,1,25000.0,4,20,62.8,1.0
5,2016,8990,1,23377.0,4,0,65.7,1.0
5,2017,9999,1,20000.0,4,0,65.7,0.0
5,2015,6999,1,44000.0,4,125,54.3,0.0
11,2017,7999,1,18000.0,4,145,57.7,0.0
6,2019,15999,1,4000.0,4,145,48.7,0.0
13,2014,8999,1,75207.0,0,200,47.9,2.0
5,2010,3695,1,57440.0,4,125,50.4,1.2
6,2014,5995,1,82399.0,0,20,67.3,1.6
6,2012,6195,1,31543.0,0,20,67.3,1.6
6,2013,4495,1,99400.0,4,30,56.5,1.0
5,2015,9495,1,13000.0,4,20,62.8,1.0
6,2013,4995,1,106000.0,0,125,56.5,2.0
5,2009,3495,1,89000.0,0,0,76.3,1.6
11,2014,5495,1,4800.0,4,30,57.7,1.2
6,2015,6475,1,80000.0,0,0,74.3,1.5
6,2019,17199,1,4928.0,0,145,74.3,1.5
13,2017,14699,1,18535.0,0,125,60.1,2.0
6,2015,11599,1,36601.0,0,20,67.3,2.0
6,2019,17999,0,3016.0,0,145,64.2,2.0
6,2019,16999,1,3774.0,0,145,80.7,1.5
6,2019,17999,0,4147.0,0,145,64.2,2.0
6,2015,7699,1,69205.0,0,0,74.3,1.5
6,2018,13999,0,11233.0,4,145,48.7,1.0
6,2013,5347,1,84219.0,0,20,67.3,1.6
5,2017,7667,1,11050.0,4,145,65.7,1.0
14,2014,7875,1,70000.0,0,30,61.4,2.0
14,2011,4975,1,60000.0,4,260,35.8,2.0
5,2011,4495,1,66000.0,0,20,68.9,1.4
13,2014,8975,1,60000.0,0,200,47.9,2.0
1,2015,7975,1,29000.0,0,30,61.4,1.6
6,2018,11495,1,14174.0,4,145,61.4,1.0
2,2016,9799,1,16909.0,4,125,52.3,1.0
6,2017,12369,1,17028.0,4,145,57.7,1.0
14,2016,11399,1,26162.0,0,30,64.2,2.0
5,2016,8999,1,5366.0,4,0,65.7,1.0
13,2017,12799,1,31374.0,0,125,60.1,2.0
6,2018,19759,1,10586.0,4,145,41.5,2.0
5,2016,8399,1,8886.0,4,125,54.3,1.2
5,2015,7999,1,21939.0,4,0,65.7,1.0
14,2016,14999,0,17835.0,4,235,38.2,2.0
2,2017,11999,1,24000.0,4,145,52.3,0.0
2,2018,16499,0,8000.0,4,145,45.6,0.0
2,2018,12867,1,9000.0,4,145,54.3,0.0
5,2018,11463,1,18000.0,4,145,65.7,0.0
5,2017,11289,1,9000.0,4,20,62.8,0.0
11,2018,9899,1,6000.0,4,145,43.5,0.0
11,2018,8135,1,6000.0,4,145,57.7,0.0
11,2019,9999,1,10000.0,4,145,47.9,0.0
11,2018,8444,1,17000.0,4,145,57.7,0.0
6,2018,12999,1,11000.0,4,145,60.1,0.0
1,2016,10499,1,13507.0,0,20,68.9,1.5
5,2018,14599,1,18528.0,4,145,62.8,1.0
13,2014,11899,0,42440.0,4,260,36.7,1.6
6,2017,16699,1,14728.0,4,145,41.5,2.0
1,2017,10689,0,9797.0,0,145,64.2,1.5
14,2016,11699,0,79319.0,0,125,57.7,2.0
5,2016,7999,1,13455.0,0,0,78.5,1.5
5,2015,7249,1,35752.0,4,0,65.7,1.0
6,2015,8299,1,60912.0,0,0,74.3,1.5
9,2013,6699,1,59122.0,0,125,57.7,1.6
0,2012,6000,1,63750.0,4,30,55.4,1.0
6,2013,5000,1,102500.0,0,20,67.3,1.6
2,2017,9995,1,18143.0,4,125,53.3,1.0
8,2016,17995,0,12181.0,0,145,52.3,2.0
6,2015,6995,1,62903.0,0,0,74.3,1.5
13,2017,13495,1,22100.0,0,145,64.2,1.5
3,2017,17295,1,38778.0,0,160,48.7,2.0
5,2014,8395,1,7986.0,4,0,65.7,1.0
11,2010,3195,1,80000.0,4,30,55.4,1.2
5,2013,7999,1,8527.0,4,30,54.3,1.2
5,2018,10999,0,30232.0,4,145,48.7,1.0
6,2017,11999,1,28036.0,0,145,74.3,1.5
5,2016,8999,0,27820.0,4,30,57.7,1.0
5,2015,6999,1,47612.0,0,0,76.4,1.5
13,2013,7999,1,69157.0,0,150,53.3,2.0
5,2009,5295,0,33000.0,4,200,43.4,1.4
13,2014,9500,0,70000.0,0,200,45.6,2.0
14,2013,9500,0,39876.0,4,260,36.7,2.0
13,2016,15598,1,17642.0,0,145,54.3,2.0
5,2014,8999,0,24867.0,4,145,47.9,1.6
14,2010,4699,1,76249.0,0,205,50.4,1.8
5,2015,7499,1,33358.0,4,30,54.3,1.2
6,2016,8999,1,28883.0,0,0,67.3,1.5
6,2009,2995,1,109000.0,0,145,53.3,1.8
6,2008,2295,1,81000.0,0,145,54.3,1.8
6,2009,2495,1,118000.0,0,30,62.8,1.6
5,2016,6495,1,65000.0,4,0,65.7,1.0
5,2009,3495,1,87000.0,4,150,47.9,1.6
5,2009,3895,1,65000.0,4,150,47.9,1.6
5,2018,7899,1,27784.0,4,145,64.2,1.1
14,2018,13999,0,32416.0,0,145,45.6,2.0
5,2016,8799,1,23641.0,4,0,65.7,1.0
1,2012,6599,1,50400.0,4,200,42.8,1.6
10,2015,6499,1,115613.0,0,125,58.9,1.6
18,2017,15795,1,32668.0,0,125,56.5,2.0
18,2018,20995,1,35805.0,0,145,56.5,2.0
5,2016,8000,1,19985.0,4,125,54.3,1.2
2,2017,10000,1,24000.0,4,125,52.3,1.0
6,2017,12299,1,17896.0,0,145,74.3,1.5
6,2017,11999,1,17296.0,0,145,74.3,1.5
5,2016,8516,1,33350.0,4,20,62.8,1.0
0,2014,7159,1,24367.0,0,20,68.9,1.5
1,2016,8999,1,23112.0,0,20,68.9,1.5
6,2015,13999,1,30367.0,4,200,41.5,2.0
14,2013,6399,1,43441.0,0,125,57.7,2.0
2,2019,14899,1,1866.0,4,145,52.3,1.0
5,2016,9049,1,23813.0,4,20,62.8,1.0
6,2018,13199,1,21622.0,4,145,57.7,1.0
14,2018,13999,0,36720.0,0,145,45.6,2.0
6,2015,13749,1,32258.0,0,20,67.3,2.0
6,2016,14999,1,30341.0,0,20,67.3,2.0
14,2018,13699,0,41975.0,0,145,45.6,2.0
5,2013,5699,1,37168.0,4,30,54.3,1.2
5,2015,8799,1,31117.0,4,0,65.7,1.0
5,2015,7299,1,46923.0,4,0,65.7,1.0
2,2015,7599,1,31433.0,4,125,53.3,1.0
5,2017,7299,1,26932.0,4,125,54.3,1.2
13,2019,16499,1,10870.0,0,145,38.2,2.0
6,2017,12395,1,19127.0,0,145,74.3,1.5
14,2015,9599,1,49163.0,0,0,78.5,1.5
6,2017,12599,1,10760.0,0,145,74.3,1.5
6,2014,7749,1,69779.0,4,145,47.1,1.6
6,2016,14499,1,32967.0,0,20,67.3,2.0
6,2014,6599,1,59964.0,4,145,47.9,1.6
13,2016,13299,1,52416.0,0,125,60.1,2.0
14,2016,9105,1,92666.0,0,20,68.9,2.0
6,2016,14545,1,33461.0,4,200,41.5,2.0
6,2018,12299,1,13430.0,4,145,57.7,1.0
5,2013,6299,1,41177.0,4,30,54.3,1.2
13,2017,13499,1,43645.0,0,125,60.1,2.0
5,2017,10299,1,21245.0,4,20,62.8,1.0
6,2016,10999,1,28848.0,0,20,67.3,1.5
1,2016,9795,0,25481.0,0,20,64.2,1.5
14,2015,8999,1,86388.0,0,30,64.2,2.0
8,2017,17999,1,32841.0,0,125,56.5,2.0
9,2016,9351,1,59478.0,4,30,54.3,1.0
6,2017,12299,1,17779.0,4,145,57.7,1.0
6,2018,18256,1,10138.0,0,145,67.3,2.0
5,2015,7995,1,45000.0,4,0,65.7,1.0
5,2012,5295,0,78500.0,4,165,42.8,1.4
2,2016,10995,0,7600.0,4,160,44.8,1.5
6,2017,13195,1,13000.0,4,20,60.1,1.0
13,2014,10499,1,40114.0,0,200,47.9,2.0
6,2017,22000,1,36437.0,4,235,36.7,2.3
11,2011,3000,1,64304.0,4,30,57.7,1.2
0,2016,8000,1,5811.0,4,145,47.1,1.4
11,2014,3595,1,53332.0,4,30,57.7,1.2
5,2017,9899,1,30526.0,4,0,65.7,1.0
13,2019,19799,1,7767.0,0,145,47.9,2.0
6,2014,7599,0,39915.0,4,160,44.1,1.6
5,2016,7999,1,31757.0,0,0,78.5,1.5
13,2017,15999,1,30046.0,0,145,60.1,2.0
5,2016,8299,1,17795.0,4,125,54.3,1.2
6,2013,7299,1,62943.0,0,20,67.3,1.6
6,2015,8299,0,52816.0,0,20,67.3,1.5
5,2017,8599,1,30925.0,4,0,65.7,1.0
14,2014,9149,1,32904.0,0,30,61.4,2.0
6,2016,11995,0,12320.0,4,125,51.4,1.0
5,2017,8995,1,9202.0,4,0,65.7,1.0
5,2014,6599,1,38217.0,4,30,54.3,1.2
5,2015,7499,1,31737.0,4,0,65.7,1.0
6,2016,8599,1,58312.0,0,0,74.3,1.5
5,2015,7099,1,44893.0,4,125,54.3,1.2
14,2015,9299,0,78798.0,0,125,57.7,2.0
5,2016,7099,1,19245.0,4,125,54.3,1.2
6,2016,11599,1,12527.0,4,125,50.4,1.5
14,2018,12999,1,23733.0,0,145,47.1,2.0
6,2018,16799,0,14196.0,0,145,74.3,1.5
5,2017,9299,1,20556.0,4,145,65.7,1.0
5,2015,7549,1,41295.0,0,0,78.5,1.5
6,2017,10799,1,48370.0,0,145,74.3,1.5
5,2018,8999,1,10498.0,4,145,64.2,1.1
3,2016,19999,0,24641.0,0,160,48.7,2.0
5,2014,7499,1,82508.0,4,145,47.9,1.6
5,2013,6299,1,49795.0,4,30,54.3,1.2
14,2017,9999,1,64447.0,4,145,48.7,1.5
5,2014,7299,1,37812.0,0,0,76.4,1.5
5,2016,8299,1,34132.0,4,0,65.7,1.0
5,2016,8699,1,27223.0,4,0,65.7,1.0
18,2013,7899,0,81514.0,0,200,47.1,2.0
1,2017,11399,1,5856.0,4,145,44.1,1.6
6,2017,12499,1,11830.0,4,145,57.7,1.0
5,2017,10899,1,13197.0,4,145,65.7,1.0
5,2015,8499,1,22328.0,4,0,65.7,1.0
5,2017,8799,1,28748.0,4,0,65.7,1.0
5,2015,7499,1,26311.0,0,0,78.5,1.5
14,2018,13999,0,34300.0,0,145,45.6,2.0
6,2014,14299,1,22035.0,4,235,39.2,2.0
14,2016,12699,0,46693.0,0,125,57.7,2.0
6,2018,12899,1,13791.0,4,145,57.7,1.0
5,2016,7999,1,23069.0,4,125,54.3,1.2
5,2013,7499,1,20163.0,4,0,65.7,1.0
6,2016,13999,1,43150.0,0,20,67.3,2.0
5,2016,8599,1,5454.0,4,0,65.7,1.0
5,2018,9899,1,20521.0,4,145,65.7,1.0
13,2019,17499,1,8790.0,4,145,39.2,1.5
13,2017,14099,1,33266.0,0,145,54.3,2.0
6,2017,11399,0,20928.0,4,125,51.4,1.0
6,2015,11499,1,42043.0,4,200,41.5,2.0
13,2017,15499,1,25942.0,0,145,54.3,2.0
6,2017,18262,1,14800.0,4,200,41.5,2.0
2,2019,17495,1,4798.0,0,150,58.9,1.5
6,2012,5499,1,53126.0,4,145,47.9,1.6
6,2013,6399,1,40942.0,4,20,58.9,1.0
13,2018,12699,1,34003.0,4,145,45.6,1.5
18,2017,19999,1,17116.0,0,125,51.4,2.0
6,2014,7795,1,55202.0,0,125,56.5,2.0
5,2014,5599,1,75943.0,4,30,54.3,1.2
5,2016,9799,1,28927.0,0,0,78.5,1.5
5,2015,7799,1,40909.0,4,0,65.7,1.0
11,2014,5399,1,24962.0,4,30,57.7,1.2
14,2018,14399,0,29582.0,0,145,45.6,2.0
9,2016,10499,0,34045.0,0,125,56.5,2.0
6,2016,9995,1,37774.0,0,0,74.3,1.5
1,2016,9399,1,30608.0,4,160,44.1,1.6
14,2018,14399,0,28997.0,0,145,45.6,2.0
14,2018,12499,1,31199.0,0,145,47.1,2.0
18,2013,10000,2,80611.0,0,205,47.1,2.0
6,2018,12195,1,6300.0,4,145,57.7,1.0
6,2013,6995,0,28860.0,4,160,44.1,1.6
11,2007,1295,1,88000.0,4,200,43.5,1.3
14,2005,1295,1,103000.0,0,185,48.7,2.0
6,2008,1995,1,141000.0,4,200,42.2,1.6
6,2011,3295,1,86000.0,4,200,42.2,1.6
5,2017,8995,1,19128.0,4,0,65.7,1.0
18,2006,2995,1,111000.0,0,200,45.6,1.8
5,2007,1595,1,115000.0,4,160,45.6,1.4
1,2007,1995,1,1995.0,4,240,39.8,1.8
13,2019,16499,1,11015.0,0,145,38.2,2.0
5,2018,9399,1,28257.0,4,145,65.7,1.0
6,2017,12619,1,20879.0,4,145,57.7,1.0
11,2014,4999,1,49439.0,4,30,57.7,1.2
6,2017,12339,1,17333.0,4,145,57.7,1.0
5,2018,14249,1,7178.0,4,145,58.9,1.0
5,2016,8999,1,17299.0,4,20,62.8,1.0
6,2017,12949,1,7755.0,4,145,57.7,1.0
6,2018,13399,1,10040.0,4,145,57.7,1.0
5,2016,8599,0,30373.0,4,0,57.7,1.0
5,2005,1295,1,119000.0,4,165,45.6,1.2
5,2014,6999,1,33754.0,4,30,54.3,1.2
5,2014,7999,1,17379.0,4,0,65.7,1.0
5,2011,4999,1,57149.0,4,125,50.4,1.2
6,2011,4999,1,99614.0,4,145,47.9,1.6
6,2014,7999,1,29839.0,4,30,56.5,1.0
5,2017,11995,1,10000.0,4,145,65.7,1.0
13,2016,16995,0,25000.0,0,145,52.3,2.0
0,2017,11995,1,12500.0,4,145,57.7,1.0
13,2017,12995,1,18000.0,4,145,45.6,1.5
13,2015,15995,0,27500.0,4,235,38.2,1.5
5,2018,11195,1,18000.0,4,145,65.7,1.0
6,2017,11495,1,20000.0,4,20,58.9,1.0
1,2017,11995,1,14000.0,4,30,55.4,1.0
9,2016,12195,0,8000.0,0,30,58.9,1.5
12,2017,8495,1,11000.0,4,30,57.7,1.2
13,2017,15599,1,40379.0,0,145,54.3,2.0
13,2017,15549,0,30547.0,0,145,54.3,2.0
5,2018,10299,1,36463.0,4,145,56.5,1.0
5,2018,10999,1,24453.0,4,145,56.5,1.0
2,2019,13149,1,2949.0,4,145,53.3,1.0
5,2013,5699,1,52484.0,4,30,54.3,1.2
13,2018,15999,1,20550.0,0,150,47.9,2.0
5,2015,6999,1,61730.0,4,0,65.7,1.0
6,2014,6500,1,36200.0,0,20,67.3,1.6
14,2008,1995,1,130000.0,0,200,47.9,2.0
1,2007,2495,1,96000.0,4,235,39.8,1.8
6,2012,6995,1,48734.0,0,125,56.5,2.0
14,2016,9495,1,63372.0,0,30,64.2,2.0
6,2017,19495,1,8866.0,4,145,41.5,2.0
6,2019,25795,1,1175.0,4,145,34.5,2.3
12,2018,7995,1,8525.0,4,145,57.7,1.2
6,2015,7199,1,45596.0,4,20,61.4,1.0
5,2017,10399,1,20533.0,4,20,62.8,1.0
1,2014,7500,1,38000.0,0,30,61.4,1.6
5,2008,694,1,82020.0,4,145,47.1,1.2
8,2014,10495,0,22000.0,0,160,47.1,2.0
6,2016,9295,1,28000.0,4,20,61.4,1.0
6,2014,7495,0,41000.0,4,160,44.8,1.6
5,2017,5994,1,119902.0,0,265,78.5,1.5
6,2017,9975,1,37166.0,4,145,60.1,1.0
5,2016,10475,0,16000.0,4,145,47.9,1.6
5,2011,4250,1,70000.0,4,125,50.4,1.2
11,2013,2975,1,69000.0,4,30,57.7,1.2
6,2007,5995,1,67000.0,4,330,26.3,2.5
10,2016,13995,1,13000.0,0,30,64.2,1.5
13,2016,12995,0,24000.0,4,235,38.2,1.5
13,2017,12995,1,6000.0,0,150,64.2,1.5
6,2017,10295,1,19000.0,4,20,61.4,1.0
6,2016,10995,1,11000.0,4,20,60.1,1.0
6,2016,11499,0,10703.0,4,160,44.8,1.6
18,2017,15450,1,39065.0,0,125,56.5,2.0
13,2017,14499,0,14119.0,4,150,38.2,1.5
5,2014,7995,1,45000.0,4,20,62.8,1.0
5,2015,8995,1,20000.0,4,0,65.7,1.0
5,2011,5150,1,67120.0,4,150,48.7,1.6
5,2016,6250,1,39949.0,4,125,54.3,1.2
14,2012,6250,1,74099.0,0,150,53.3,2.0
5,2014,6850,1,32965.0,4,30,54.3,1.2
6,2009,2995,1,93400.0,4,200,42.2,1.6
5,2015,8450,1,20712.0,4,0,65.7,1.0
8,2013,8495,0,60000.0,0,200,47.1,2.0
6,2005,1995,1,40000.0,4,205,44.1,1.6
11,2010,2995,1,90000.0,0,30,67.3,1.2
6,2014,7295,1,53000.0,4,20,60.1,1.0
1,2016,7299,1,45254.0,0,20,68.9,1.5
0,2012,6399,1,39384.0,0,20,70.6,1.6
5,2015,7449,1,44074.0,0,0,76.4,1.5
5,2016,6999,1,48138.0,4,0,65.7,1.0
13,2018,13559,1,50226.0,0,145,64.2,1.5
5,2018,10399,1,37737.0,0,145,58.9,1.5
8,2016,19999,0,18517.0,0,145,52.3,2.0
5,2017,8799,1,10604.0,4,0,65.7,1.0
11,2016,6084,1,23511.0,4,30,57.7,1.2
5,2017,8959,1,8758.0,4,125,54.3,1.2
6,2018,12299,1,13264.0,4,145,57.7,1.0
9,2018,14999,1,19035.0,0,145,64.2,1.5
5,2016,10499,1,25049.0,4,20,62.8,1.0
5,2017,11499,1,18419.0,4,145,62.8,1.0
5,2013,5999,1,75639.0,4,0,65.7,1.0
6,2018,13699,1,9533.0,4,145,57.7,1.0
6,2018,11999,1,13678.0,4,145,57.7,1.0
6,2016,10299,1,17507.0,0,0,74.3,1.5
5,2016,10489,1,31713.0,4,145,47.9,1.6
5,2016,8549,1,38903.0,4,20,62.8,1.0
8,2017,16599,0,41757.0,0,145,52.3,2.0
6,2015,11999,1,37737.0,0,20,67.3,2.0
5,2013,5599,1,38321.0,4,0,65.7,1.0
14,2013,5699,1,76563.0,0,125,57.7,2.0
6,2014,5799,1,63785.0,4,30,56.5,1.0
8,2013,7599,0,73701.0,0,200,47.1,2.0
5,2015,7399,1,49997.0,4,0,65.7,1.0
6,2018,11999,1,17431.0,4,145,57.7,1.0
6,2018,10999,1,27962.0,4,145,57.7,1.0
6,2018,11199,1,25084.0,4,145,57.7,1.0
6,2015,13499,1,41699.0,0,20,67.3,2.0
6,2016,10061,1,25544.0,0,0,74.3,1.5
6,2018,13299,1,16963.0,0,145,74.3,1.5
6,2015,7499,1,45363.0,0,0,74.3,1.5
6,2018,10999,1,31611.0,4,145,60.1,1.0
5,2016,9199,1,25250.0,4,20,62.8,1.0
5,2016,9749,1,16283.0,4,0,65.7,1.0
5,2014,6899,1,27540.0,4,30,54.3,1.2
6,2016,13999,1,38532.0,0,20,67.3,2.0
5,2017,9699,1,36643.0,4,20,62.8,1.0
13,2017,15499,1,32523.0,0,145,60.1,2.0
6,2018,17499,1,25065.0,0,145,67.3,2.0
5,2015,8549,1,16754.0,4,0,65.7,1.0
5,2015,9369,1,14782.0,4,20,62.8,1.0
9,2016,8749,1,77710.0,0,30,64.2,1.5
5,2017,8449,1,31233.0,0,0,78.5,1.5
14,2018,13699,0,40517.0,0,145,45.6,2.0
6,2017,11999,1,22214.0,0,145,74.3,1.5
13,2018,12999,0,34947.0,0,145,58.9,1.5
5,2016,7999,1,21390.0,4,125,54.3,1.2
6,2016,10499,1,17606.0,0,0,74.3,1.5
2,2016,9389,1,24607.0,4,125,52.3,1.0
6,2016,8299,1,40344.0,0,0,74.3,1.5
6,2018,18699,1,11736.0,4,145,41.5,2.0
6,2007,2495,1,78000.0,0,125,58.9,1.6
6,2010,2995,1,88000.0,4,205,42.2,1.6
5,2015,7500,2,32000.0,4,0,57.7,1.0
6,2019,14699,1,11229.0,4,145,60.1,1.0
5,2016,8999,1,8381.0,0,0,78.5,1.5
0,2014,7199,1,22595.0,4,30,57.7,1.0
5,2011,5495,1,76648.0,4,145,47.9,1.6
5,2013,5995,1,44080.0,4,0,65.7,1.0
5,2012,6995,1,65177.0,4,145,47.9,1.6
6,2015,7450,1,69344.0,4,20,61.4,1.0
11,2015,4450,1,49942.0,4,30,57.7,1.2
6,2012,6650,1,31626.0,4,145,47.9,1.6
14,2017,12450,1,48664.0,0,145,65.7,2.0
13,2013,7499,1,67227.0,0,145,53.3,2.0
13,2015,10999,1,60231.0,0,125,60.1,2.0
5,2016,7299,1,31877.0,4,125,54.3,1.2
18,2018,18949,1,21317.0,0,145,56.5,2.0
13,2016,11999,1,27271.0,0,125,60.1,2.0
5,2018,10199,1,39271.0,0,145,58.9,1.5
14,2017,10895,1,37159.0,0,20,68.9,2.0
6,2016,9999,1,17907.0,0,0,74.3,1.5
6,2017,11999,1,12961.0,4,145,57.7,1.0
6,2015,10699,0,21147.0,4,145,46.3,1.5
14,2005,675,1,108000.0,4,260,36.2,1.8
13,2019,16399,1,11494.0,4,145,39.2,1.5
14,2016,8759,1,75374.0,0,20,68.9,2.0
9,2016,8599,1,54727.0,0,30,64.2,1.5
6,2007,2799,0,50403.0,4,260,37.1,1.6
5,2009,2799,1,70103.0,4,145,47.1,1.2
6,2009,3299,1,67416.0,4,200,42.2,1.6
5,2011,5799,0,29475.0,4,200,42.8,1.4
6,2003,3999,1,56064.0,4,325,31.0,2.0
6,2011,5499,1,54901.0,4,145,47.9,1.6
5,2012,4999,1,41798.0,4,150,48.7,1.4
6,2009,4299,0,39911.0,4,265,37.7,1.6
5,2016,8375,1,17679.0,4,125,54.3,1.2
5,2014,6995,1,41274.0,4,0,65.7,1.0
5,2018,11995,0,20000.0,4,145,48.7,1.0
6,2011,6295,1,30000.0,4,145,47.9,1.6
11,2013,3695,1,65000.0,4,30,57.7,1.2
5,2008,4490,1,56000.0,4,145,49.6,1.4
14,2014,5290,1,94000.0,0,20,65.7,1.6
14,2009,3790,1,79000.0,0,200,48.7,1.8
14,2014,7990,1,69000.0,0,30,61.4,2.0
5,2012,4350,1,63000.0,0,125,50.4,2.0
6,2012,7000,1,46849.0,0,20,67.3,1.6
6,2015,9300,1,20907.0,4,20,60.1,1.0
5,2016,6995,1,42000.0,4,125,54.3,1.2
2,2014,7495,1,55000.0,4,160,44.8,1.5
8,2010,6995,1,92000.0,0,200,49.6,2.0
6,2010,4799,1,41557.0,4,200,42.8,1.6
7,2007,2299,1,62233.0,4,200,42.8,1.6
5,2008,4299,1,54733.0,4,145,47.9,1.6
7,2008,3199,1,55789.0,4,260,37.2,1.6
6,2007,6995,1,68000.0,4,325,26.3,2.5
6,2016,7950,1,47000.0,4,20,60.1,1.0
5,2016,8250,1,37885.0,4,20,62.8,1.0
6,2008,3000,1,91000.0,4,160,51.4,1.0
13,2018,14750,1,47500.0,4,145,45.6,1.5
2,2018,14650,1,8200.0,4,145,51.4,1.0
6,2017,12000,0,20000.0,4,125,51.4,1.0
11,2016,4500,1,43151.0,4,30,57.7,1.2
5,2013,6495,1,41000.0,4,0,65.7,1.0
5,2014,6195,1,52000.0,4,0,65.7,1.0
6,2013,6695,1,43000.0,4,150,47.9,1.6
5,2014,6000,1,38000.0,4,30,54.3,1.2
5,2014,7295,1,37000.0,4,0,65.7,1.0
1,2015,6495,1,53172.0,0,30,61.4,1.6
5,2016,8295,1,45000.0,4,20,62.8,1.0
11,2009,3695,1,24000.0,4,30,55.4,1.2
5,2011,5195,1,66000.0,4,150,47.9,1.6
13,2018,15721,1,17881.0,4,145,45.6,1.5
2,2018,11500,1,19854.0,4,150,54.3,1.0
5,2009,4995,1,50000.0,4,145,47.9,1.6
14,2007,1495,1,127000.0,4,260,37.2,1.8
5,2010,4295,1,83000.0,4,145,48.7,1.4
6,2012,5495,1,73000.0,0,20,67.3,1.6
5,2010,3995,1,90000.0,4,145,49.6,1.4
6,2008,3495,1,73000.0,4,200,42.2,1.6
6,2009,3995,1,93000.0,4,200,42.8,1.6
6,2010,3495,1,100000.0,0,30,62.8,1.6
14,2014,5795,0,98000.0,0,145,50.4,2.0
0,2013,5000,1,70470.0,4,145,47.1,1.4
5,2016,7500,1,65140.0,4,0,65.7,1.0
5,2016,7695,1,43680.0,0,0,88.3,1.5
18,2017,11295,1,111770.0,0,125,56.5,2.0
13,2015,9295,1,88650.0,0,125,60.1,2.0
5,2012,5995,1,43008.0,0,20,68.9,1.4
5,2012,4995,1,54700.0,0,20,68.9,1.4
0,2013,5895,1,35000.0,4,145,47.1,1.4
4,1996,3000,1,50000.0,4,265,34.4,1.8
6,2017,12295,1,22327.0,4,145,51.4,1.5
6,2017,12259,1,18006.0,0,145,74.3,1.5
6,2016,9899,1,33228.0,4,20,60.1,1.0
18,2016,13379,1,65904.0,0,125,56.5,2.0
6,2016,8299,1,44973.0,0,0,83.1,1.5
13,2019,16199,1,18386.0,4,145,34.4,1.5
1,2016,9999,1,17442.0,0,20,68.9,1.5
6,2018,13439,1,5889.0,4,145,57.7,1.0
5,2014,8279,1,34600.0,4,0,65.7,1.0
5,2014,7199,1,20129.0,4,30,54.3,1.2
5,2012,3995,1,83000.0,0,0,85.6,1.6
6,2013,6199,1,44235.0,4,20,58.9,1.0
5,2015,7759,1,18380.0,4,125,54.3,1.2
13,2018,15649,1,13805.0,0,145,54.3,1.5
11,2014,4689,1,51534.0,4,30,57.7,1.2
6,2018,11799,1,20417.0,4,145,60.1,1.0
5,2016,5599,1,86046.0,0,0,78.5,1.5
6,2015,7899,1,61491.0,4,20,60.1,1.0
5,2013,5879,1,51000.0,4,30,54.3,1.2
14,2018,14599,1,27206.0,0,145,62.8,2.0
16,2002,2195,1,108000.0,4,230,38.2,1.7
16,2002,2695,1,69000.0,4,220,38.7,1.6
6,2012,6495,0,79000.0,4,155,44.1,1.6
8,2005,1995,1,114000.0,4,305,28.0,2.3
5,2012,3999,1,83009.0,0,20,68.9,1.4
6,2005,675,1,121000.0,4,235,39.8,2.0
14,2007,1200,1,110000.0,0,200,47.9,2.0
14,2008,1299,1,1.0,0,200,47.9,2.0
5,2004,950,1,74000.0,4,160,45.6,1.2
5,2015,6990,1,52080.0,4,0,65.7,1.0
1,2014,7290,1,51168.0,4,30,55.4,1.0
5,2014,8679,0,15749.0,4,0,57.7,1.0
5,2016,7769,1,20525.0,4,0,65.7,1.0
5,2016,9299,1,30738.0,4,0,65.7,1.0
13,2015,13499,0,42583.0,0,145,52.3,2.0
6,2015,7999,1,45395.0,0,0,74.3,1.5
13,2015,10995,1,41347.0,0,145,54.3,2.0
13,2016,12250,0,42746.0,0,145,52.3,2.0
6,2013,6699,1,29750.0,0,0,76.4,1.6
5,2015,7799,1,24002.0,4,30,54.3,1.2
6,2016,8799,1,37458.0,0,0,74.3,1.5
11,2019,10000,1,5000.0,4,145,47.9,1.2
13,2019,22500,1,5398.0,0,150,37.7,2.0
1,2016,9000,1,28136.0,0,20,68.9,1.5
6,2020,18500,1,100.0,4,145,60.1,1.0
6,2007,2995,1,63000.0,4,240,39.8,1.8
11,2010,3995,1,19000.0,4,30,55.4,1.2
6,2016,10250,1,29705.0,4,20,60.1,1.0
5,2014,7500,1,13220.0,4,0,65.7,1.0
5,2016,12000,0,18323.0,4,0,57.7,1.0
5,2020,16000,1,100.0,4,145,58.9,1.0
2,2020,17500,1,500.0,4,145,53.3,1.0
18,2016,17500,0,35000.0,0,125,56.5,2.0
5,2016,8500,1,22119.0,4,0,65.7,1.0
13,2016,13000,1,46729.0,0,125,60.1,2.0
1,2014,7000,1,33159.0,0,30,61.4,1.6
18,2019,35000,0,3450.0,0,145,51.4,2.0
5,2018,10250,1,22600.0,4,145,65.7,1.0
5,2018,10250,1,23022.0,4,145,65.7,1.0
5,2016,8250,1,30952.0,4,0,65.7,1.0
14,2012,3495,1,151000.0,0,30,65.7,1.6
11,2009,2995,1,73000.0,4,30,55.4,1.2
5,2011,4995,1,45000.0,4,115,50.4,1.2
12,2018,8990,1,5000.0,4,145,47.9,1.2
8,2013,9290,1,67000.0,0,145,49.6,2.0
5,2017,11000,1,13903.0,0,0,78.5,1.5
11,2008,1550,1,77000.0,4,200,43.5,1.3
8,2008,3995,1,174000.0,0,220,44.8,1.8
6,2009,1695,1,139600.0,4,145,48.7,1.6
5,2016,11000,1,29812.0,4,0,65.7,1.0
18,2011,5995,1,113000.0,0,200,47.1,2.0
18,2007,2995,1,129000.0,0,200,45.6,1.8
6,2015,5995,1,91000.0,0,20,67.3,1.6
6,2017,7495,1,78000.0,0,0,74.3,1.5
6,2016,9595,1,40000.0,0,0,74.3,1.5
6,2009,3495,1,75000.0,4,200,42.2,1.6
18,2017,19000,1,21787.0,0,145,56.5,2.0
3,2017,24000,0,26818.0,0,145,47.9,2.0
6,2017,11250,1,41495.0,0,145,74.3,1.5
6,2019,17650,1,768.0,4,145,60.1,1.0
6,2019,18000,1,9500.0,4,145,46.3,1.5
5,2012,6495,1,36000.0,4,145,48.7,1.4
5,2018,10600,1,14861.0,0,145,88.3,1.5
5,2014,11000,1,34922.0,4,145,47.9,1.6
11,2013,3895,1,35708.0,4,30,57.7,1.2
8,2013,9795,0,52100.0,0,200,47.1,2.0
1,2009,2995,1,87500.0,4,235,39.8,1.8
5,2008,2695,1,78500.0,4,145,47.1,1.2
5,2009,3995,1,63400.0,4,145,49.6,1.4
5,2015,6395,1,42000.0,4,30,54.3,1.2
5,2006,2395,1,63100.0,4,160,47.1,1.2
6,2003,1695,1,89630.0,4,200,40.9,1.6
5,2011,4295,1,86440.0,4,145,48.7,1.4
5,2007,2795,1,63000.0,4,145,47.1,1.2
7,2006,2495,1,69255.0,4,200,43.5,1.4
13,2012,8995,1,48049.0,0,200,47.1,2.0
14,2008,3295,1,85500.0,4,300,35.8,2.0
5,2004,2295,1,88936.0,4,200,44.1,1.4
6,2012,5795,1,79094.0,4,145,47.9,1.6
6,2005,2295,1,87530.0,4,235,39.8,2.0
6,2010,3795,1,89520.0,4,200,42.2,1.6
5,2008,2695,1,77570.0,4,145,47.1,1.2
6,2008,2895,1,91000.0,4,195,42.1,1.6
5,2006,2395,1,73370.0,4,160,47.1,1.2
5,2011,4295,1,86451.0,4,145,48.7,1.4
6,2007,2695,1,61000.0,4,200,40.4,1.6
13,2009,6295,1,54094.0,0,235,44.1,2.0
13,2009,4995,1,91770.0,0,235,44.1,2.0
7,2008,1895,1,105000.0,4,200,42.8,1.6
5,2019,18949,0,6.0,4,150,48.7,1.0
5,2017,9450,1,22000.0,4,150,65.7,1.0
6,2016,13651,0,8598.0,4,150,46.3,1.5
6,2016,9552,1,32963.0,0,0,74.3,1.5
13,2017,20450,0,14293.0,0,150,54.3,2.0
0,2017,10283,1,4880.0,4,145,55.4,1.0
6,2017,10811,1,23881.0,4,20,60.1,1.0
11,2009,2350,1,92000.0,4,30,55.4,1.2
6,2011,5750,1,35000.0,4,140,47.1,1.6
2,2017,10837,0,10113.0,4,160,44.8,1.5
6,2019,19337,0,675.0,4,145,42.8,1.0
5,2018,12282,1,6654.0,4,145,58.9,1.0
9,2017,12450,1,10546.0,4,145,54.3,1.0
9,2019,14450,1,7570.0,4,145,47.9,1.0
6,2017,9950,1,36590.0,4,20,61.4,1.0
11,2018,8217,1,15179.0,4,150,57.7,1.2
14,2011,8950,0,29901.0,4,265,36.7,2.0
5,2017,8950,1,19910.0,4,125,54.3,1.2
13,2016,10000,1,89670.0,0,125,60.1,2.0
13,2017,11500,1,82240.0,0,145,54.3,2.0
14,2016,10295,0,102370.0,2,0,67.3,2.0
5,2017,8137,1,28903.0,4,150,65.7,1.0
14,2016,8295,1,99490.0,0,30,65.7,2.0
5,2017,7695,1,36440.0,0,0,78.5,1.5
6,2014,5500,1,75170.0,4,30,56.5,1.0
14,2015,8000,0,109880.0,0,125,58.9,2.0
2,2019,18495,1,1350.0,4,145,51.4,1.0
5,2019,12099,1,1598.0,4,145,58.9,1.0
5,2019,12096,1,17.0,4,145,58.9,1.0
5,2019,12096,1,791.0,4,145,58.9,1.0
5,2017,10103,1,14415.0,4,145,65.7,1.0
2,2019,18495,0,25.0,4,145,45.6,1.0
2,2019,18495,0,8.0,4,145,45.6,1.0
13,2019,20495,1,50.0,0,145,38.2,2.0
13,2019,22367,1,5200.0,0,145,47.9,2.0
2,2019,17994,1,2657.0,4,145,51.4,1.0
6,2019,20993,1,1813.0,4,145,49.6,1.0
18,2016,15880,0,46200.0,0,145,52.3,2.0
18,2015,16990,0,38000.0,4,260,35.8,2.0
6,2017,8990,1,19000.0,4,20,61.4,1.0
11,2013,4490,1,51000.0,4,30,57.7,1.2
5,2019,14175,1,13.0,4,145,56.5,1.0
5,2017,10892,1,16301.0,4,145,62.8,1.0
6,2015,6995,0,80208.0,4,160,44.8,1.6
6,2017,9675,1,33173.0,4,20,61.4,1.0
5,2017,9275,1,13085.0,0,0,78.5,1.5
6,2013,7495,1,51000.0,0,20,67.3,1.6
14,2012,7995,1,51000.0,0,145,53.3,2.0
6,2012,6995,1,36000.0,4,145,47.9,1.6
5,2012,5995,1,45000.0,4,125,50.4,1.2
13,2014,10995,1,45000.0,0,145,53.3,2.0
13,2017,15990,0,21845.0,4,145,38.2,1.5
5,2017,10290,1,7824.0,4,145,65.7,1.0
5,2016,7290,1,54277.0,4,0,65.7,1.0
5,2014,7490,2,39404.0,4,150,47.9,1.6
5,2017,6795,1,65290.0,0,0,88.3,1.5
6,2018,12990,1,20000.0,4,145,58.9,1.0
5,2014,6698,1,38192.0,4,0,65.7,1.0
5,2016,7298,1,32688.0,0,0,76.4,1.5
5,2016,7698,1,19799.0,4,125,54.3,1.2
11,2011,3698,1,66561.0,4,30,57.7,1.2
5,2015,5998,1,54000.0,0,0,76.4,1.5
1,2015,6999,1,48025.0,4,30,55.4,1.0
0,2013,5999,1,40306.0,4,30,55.4,1.0
11,2014,5499,1,21200.0,4,30,57.7,1.2
6,2009,3895,1,90000.0,0,145,54.2,1.8
5,2007,2895,1,50000.0,4,160,45.6,1.4
6,2009,2695,1,104000.0,0,205,47.9,2.0
11,2010,2995,1,48000.0,4,30,55.4,1.2
0,2013,6995,1,45000.0,4,145,47.1,1.4
5,2013,5498,1,23000.0,4,30,54.3,1.2
14,2018,20000,0,10999.0,0,145,57.7,2.0
11,2014,4250,1,43001.0,4,30,57.7,1.2
14,2017,17490,0,22000.0,4,145,37.2,2.0
13,2015,14990,0,29000.0,4,235,38.2,1.5
0,2017,8990,1,30000.0,4,145,57.7,1.0
5,2018,11250,0,37289.0,4,145,54.3,1.0
5,2009,3695,1,45962.0,4,145,49.6,1.2
6,2013,12495,1,37000.0,4,230,39.2,2.0
14,2018,16000,0,18000.0,0,150,57.7,2.0
5,2017,7780,1,29328.0,4,150,65.7,1.0
6,2019,18000,0,5000.0,4,150,39.8,1.5
6,2010,5295,1,64572.0,4,265,37.7,1.0
7,2005,2095,1,31000.0,4,200,41.5,1.4
8,2019,24500,0,4406.0,0,145,54.3,2.0
5,2016,8790,1,17400.0,4,0,65.7,1.0
2,2017,9290,1,35000.0,0,30,64.2,1.5
5,2009,5290,0,53000.0,4,200,43.4,1.4
5,2009,2250,1,100000.0,0,20,67.3,1.6
14,2015,8990,0,82000.0,0,125,58.9,2.0
5,2019,13421,1,10000.0,4,145,58.9,1.0
5,2008,2350,1,59500.0,4,145,47.1,1.2
19,2006,1850,1,74055.0,4,290,35.8,1.6
8,2010,5995,1,113000.0,0,200,49.6,2.0
6,2012,4995,1,81000.0,4,145,47.9,1.6
5,2017,8995,1,35000.0,4,145,65.7,1.0
5,2017,11500,0,6273.0,4,0,57.7,1.0
5,2016,10000,1,21780.0,4,0,65.7,1.0
2,2018,14350,1,22862.0,4,150,54.3,1.0
13,2015,11500,0,80083.0,0,150,52.3,2.0
6,2016,8450,1,56022.0,0,0,74.3,1.5
6,2016,8750,1,58665.0,0,0,74.3,1.5
13,2013,9650,1,44808.0,0,200,47.9,2.0
13,2019,18900,1,6221.0,4,145,39.2,1.5
5,2017,13650,1,12561.0,4,145,47.9,1.6
9,2017,12250,1,20292.0,4,30,54.3,1.0
13,2018,17250,1,16370.0,0,145,64.2,1.5
5,2017,8500,1,10745.0,4,145,54.3,1.2
5,2016,7500,1,43573.0,4,0,65.7,1.0
5,2018,9250,1,12072.0,4,145,64.2,1.1
18,2017,19000,2,33620.0,0,145,51.4,2.0
13,2016,12990,0,50914.0,0,150,52.3,2.0
6,2009,21500,1,44482.0,4,330,30.1,2.5
5,2016,7900,1,27786.0,4,125,54.3,1.2
5,2014,11400,1,19344.0,4,150,47.9,1.6
6,2003,495,1,177644.0,4,200,41.5,1.6
2,2018,17000,0,2770.0,4,150,48.7,1.0
5,2018,9000,1,11371.0,4,150,64.2,1.1
5,2015,8000,1,14100.0,4,0,65.7,1.0
5,2017,8950,1,26000.0,4,0,65.7,1.0
5,2017,12950,1,27000.0,4,150,47.9,1.6
5,2018,9450,1,10000.0,4,150,64.2,1.1
6,2017,8900,1,46134.0,4,145,60.1,1.0
13,2017,17250,1,21277.0,0,145,60.1,2.0
13,2015,9600,1,52990.0,0,125,60.1,2.0
6,2016,14400,1,27505.0,0,20,67.3,2.0
6,2018,13450,0,15267.0,0,145,64.2,2.0
14,2016,10000,1,60533.0,0,0,78.5,1.5
12,2019,10000,1,940.0,4,150,47.9,1.2
9,2017,11700,1,20064.0,4,30,54.3,1.0
2,2017,9500,1,32222.0,0,30,64.2,1.5
5,2017,12999,1,15974.0,4,145,47.9,1.6
2,2017,10300,1,15191.0,0,30,64.2,1.5
1,2015,9250,1,23659.0,4,30,55.4,1.0
5,2017,9000,1,22753.0,4,150,64.2,1.1
5,2018,11200,1,20471.0,4,150,65.7,1.0
13,2019,18990,1,14782.0,4,145,35.3,1.5
5,2014,8150,1,36571.0,4,0,65.7,1.0
6,2016,10000,1,30208.0,4,20,60.1,1.0
5,2016,8000,1,9349.0,4,125,54.3,1.2
5,2014,7000,1,56669.0,4,0,65.7,1.0
16,2019,19000,1,1693.0,4,145,50.4,1.0
2,2018,14750,1,6551.0,4,145,54.3,1.0
6,2015,12995,1,33000.0,0,20,67.3,2.0
6,2017,18000,1,18805.0,4,150,41.5,2.0
13,2017,16500,2,25788.0,0,150,54.3,2.0
5,2014,6400,1,74047.0,4,20,62.8,1.0
13,2016,11900,1,30109.0,0,125,60.1,2.0
13,2016,12200,1,25496.0,0,125,60.1,2.0
7,2009,1450,1,94028.0,4,205,43.5,1.4
18,2011,4990,0,111200.0,0,200,47.1,2.0
1,2011,4990,0,68662.0,0,160,50.4,2.0
14,2013,5990,1,40000.0,4,200,42.2,1.6
1,2016,11290,1,25000.0,4,30,55.4,1.0
6,2017,9700,1,29266.0,4,145,60.1,1.0
6,2015,9500,1,32245.0,4,20,60.1,1.0
6,2013,6500,1,57029.0,4,30,56.5,1.0
13,2018,21000,0,18594.0,0,150,54.3,2.0
8,2017,19500,1,26000.0,0,125,56.5,2.0
5,2017,11500,1,12901.0,4,150,65.7,1.0
6,2017,10750,1,25519.0,0,145,74.3,1.5
13,2017,13500,1,13624.0,0,150,64.2,1.5
5,2019,17500,1,7410.0,4,150,40.3,1.5
13,2016,15250,1,16686.0,0,150,54.3,2.0
5,2018,15750,0,12036.0,4,150,48.7,1.0
5,2019,11500,1,735.0,4,145,48.7,1.1
5,2019,13000,1,1334.0,4,145,48.7,1.1
11,2013,4250,1,35018.0,4,30,57.7,1.2
6,2016,9995,1,24664.0,4,20,61.4,1.0
5,2012,5495,1,58400.0,4,150,48.7,1.0
5,2018,13995,1,7452.0,4,150,65.7,1.0
6,2011,4995,1,70000.0,4,145,47.9,1.6
2,2016,10495,1,16000.0,4,125,52.3,1.0
11,2012,4290,1,47000.0,4,30,57.7,1.2
6,2016,9990,0,23700.0,4,165,44.8,1.6
6,2017,11995,1,6654.0,4,150,60.1,1.0
6,2018,13495,1,11139.0,4,150,57.7,1.0
13,2010,7495,1,45486.0,4,205,47.9,1.6
9,2016,8750,0,36541.0,0,30,58.9,1.5
6,2016,7995,1,39094.0,4,20,61.4,1.0
5,2019,12750,1,7269.0,4,145,58.9,1.0
5,2008,2650,1,73206.0,4,150,47.1,1.2
5,2013,5725,1,75100.0,4,0,65.7,1.0
6,2012,5175,1,70000.0,4,20,58.9,1.0
5,2012,4250,1,68000.0,4,125,50.4,1.2
6,2017,11495,0,21000.0,4,150,51.4,1.0
6,2018,15495,1,11041.0,4,150,60.1,1.0
6,2018,15495,1,10561.0,4,150,60.1,1.0
13,2016,15750,0,35624.0,4,235,38.2,1.5
5,2016,8495,1,36346.0,4,0,65.7,1.0
5,2016,8495,1,41966.0,4,20,62.8,1.0
5,2014,8750,0,25624.0,4,0,57.7,1.0
5,2018,12249,0,34812.0,4,145,54.3,1.0
3,2019,33994,0,14.0,0,145,37.2,2.0
5,2017,10295,1,9600.0,4,0,65.7,1.0
11,2018,9250,1,7973.0,4,150,57.7,1.2
5,2019,12249,1,2131.0,4,145,55.4,1.1
9,2016,12295,1,36706.0,0,30,61.4,2.0
1,2015,10995,0,37060.0,0,30,64.2,1.5
13,2017,15995,0,42325.0,0,145,54.3,2.0
5,2011,5995,1,49971.0,4,125,50.4,1.2
6,2016,10250,0,29320.0,4,125,51.4,1.0
6,2015,9250,1,24614.0,4,20,61.4,1.0
11,2019,11495,1,1818.0,4,145,47.9,1.2
5,2012,5500,1,41698.0,4,125,50.4,1.2
3,2019,33495,0,1.0,0,145,37.2,2.0
18,2017,15895,0,50754.0,0,125,52.3,2.0
5,2017,11295,0,12674.0,4,0,57.7,1.0
5,2018,16495,0,2210.0,4,145,48.7,1.0
2,2019,18994,0,7.0,4,145,45.6,1.0
6,2019,16899,0,11997.0,4,145,74.3,1.5
13,2019,24995,0,2348.0,0,145,38.7,2.0
5,2018,11295,1,10365.0,4,145,58.9,1.0
5,2018,11494,0,32486.0,4,145,54.3,1.0
5,2013,7785,0,7000.0,4,145,47.9,1.6
1,2017,8795,1,13000.0,4,160,44.1,1.6
0,2015,7785,0,16000.0,4,165,44.1,1.6
6,2015,7195,1,70000.0,0,0,74.3,1.5
0,2016,9395,0,2000.0,4,165,44.1,1.6
15,2018,30500,1,5000.0,4,145,20.9,5.0
8,2018,18160,2,31458.0,0,145,52.3,2.0
2,2019,17494,1,5000.0,4,145,51.4,1.0
13,2019,22492,0,6800.0,0,145,47.9,2.0
6,2018,15395,1,18500.0,4,145,60.1,1.0
2,2019,15695,1,3490.0,4,145,53.3,1.0
2,2017,9000,1,34723.0,4,125,53.3,1.0
3,2017,22295,0,26405.0,0,145,48.7,2.0
13,2017,14000,1,40168.0,0,145,54.3,2.0
13,2019,17795,1,10200.0,4,145,34.4,1.5
5,2017,9295,1,14824.0,4,0,65.7,1.0
5,2017,8895,1,33707.0,4,0,65.7,1.0
11,2009,3295,1,68441.0,4,30,55.4,1.2
5,2016,9295,1,10092.0,4,0,65.7,1.0
5,2015,6999,1,38855.0,4,125,54.3,1.2
14,2012,6499,1,58000.0,4,160,44.1,1.6
6,2016,8999,1,39000.0,0,0,74.3,1.5
5,2016,8999,1,55600.0,4,0,65.7,1.0
14,2015,8999,1,72450.0,0,20,68.9,2.0
5,2017,9999,1,26250.0,4,150,65.7,1.0
6,2018,18999,1,20300.0,4,150,41.5,2.0
5,2012,5999,1,62300.0,4,0,65.7,1.0
5,2017,10999,1,16300.0,4,150,65.7,1.0
2,2018,12995,1,2135.0,4,145,54.3,1.0
5,2013,5295,1,54138.0,4,30,54.3,1.2
6,2012,7795,1,22789.0,4,30,55.4,1.0
5,2014,8495,1,18358.0,4,0,65.7,1.0
6,2018,12295,1,16136.0,4,145,60.1,1.0
5,2017,10495,0,31597.0,4,0,57.7,1.0
13,2018,24995,0,21516.0,0,140,54.3,2.0
6,2018,12295,1,15893.0,4,145,60.1,1.0
5,2018,12295,0,25090.0,4,150,54.3,1.0
5,2013,5795,1,69163.0,4,0,65.7,1.0
9,2016,10995,0,28376.0,0,125,56.5,2.0
5,2016,9995,1,8067.0,4,20,62.8,1.0
5,2010,4795,1,54869.0,4,150,48.7,1.6
1,2011,4495,1,94000.0,0,30,61.4,1.6
6,2015,11495,1,58655.0,0,20,67.3,2.0
6,2016,10995,0,34646.0,4,150,46.3,1.5
18,2012,5995,2,108822.0,0,200,47.1,2.0
13,2017,15495,1,30625.0,0,125,60.1,2.0
11,2008,795,1,76000.0,4,205,43.5,1.3
5,2010,2998,1,94000.0,4,125,50.4,1.2
1,2008,2479,1,82000.0,4,240,38.7,2.0
13,2014,11995,1,28000.0,0,145,53.3,2.0
13,2014,8995,1,50738.0,0,145,53.3,2.0
13,2014,10895,0,49701.0,0,200,45.6,2.0
18,2014,11995,0,25459.0,0,300,39.8,2.2
10,2014,10995,1,37381.0,0,125,58.9,1.6
5,2017,8795,1,8719.0,4,125,54.3,1.2
5,2018,11295,1,9132.0,4,145,58.9,1.0
5,2016,9695,1,25146.0,4,0,65.7,1.0
5,2018,12145,1,2125.0,4,145,58.9,1.0
6,2018,15295,1,14034.0,4,145,58.9,1.0
6,2013,7000,1,47781.0,4,30,56.5,1.0
14,2011,4895,1,75905.0,4,260,35.8,2.0
5,2018,17295,0,431.0,4,145,48.7,1.0
6,2017,14295,1,36970.0,4,200,41.5,2.0
18,2009,5685,1,59496.0,0,260,42.8,2.2
9,2011,5485,1,73780.0,4,200,40.9,1.6
6,2005,1885,1,98213.0,4,200,42.1,1.6
6,2010,3485,1,90000.0,0,30,62.8,1.6
6,2009,3485,1,85049.0,4,205,42.2,1.6
5,2010,4985,0,70000.0,4,205,42.8,1.4
8,2012,7985,1,64237.0,4,235,39.2,1.6
6,2018,15495,1,14298.0,4,145,58.9,1.0
6,2019,14450,0,20850.0,4,145,50.4,1.0
14,2013,6790,1,67000.0,0,30,61.4,2.0
6,2009,3690,1,80000.0,0,150,54.3,1.8
6,2012,6490,1,48000.0,4,30,56.5,1.0
20,2017,8975,1,66305.0,0,145,64.2,1.5
6,2013,6995,1,35000.0,4,20,58.9,1.0
5,2013,6995,0,39000.0,4,145,47.9,1.6
5,2010,5495,0,59000.0,4,200,43.4,1.4
5,2016,7995,1,31000.0,4,0,65.7,1.0
5,2000,1995,1,43000.0,4,160,41.5,1.3
5,2016,7500,1,30762.0,4,0,65.7,1.0
5,2011,4150,1,73790.0,4,125,50.4,1.2
11,2007,1990,1,50000.0,4,160,45.6,1.3
1,2009,4490,1,58000.0,4,235,39.8,1.8
5,2011,4490,1,70000.0,0,20,68.9,1.4
9,2014,7490,1,70000.0,0,125,57.7,1.6
6,2010,4690,1,79000.0,0,30,62.8,1.6
6,2013,6750,1,70000.0,0,125,56.5,2.0
5,2018,11750,1,8538.0,4,150,64.2,1.0
5,2018,10895,0,32074.0,4,145,54.3,1.0
13,2018,18195,0,8646.0,4,145,38.2,1.5
5,2018,10495,1,31658.0,4,145,65.7,1.0
5,2017,9100,1,29396.0,4,145,65.7,1.0
0,2017,8580,1,26123.0,4,145,55.4,1.0
13,2017,14280,1,8401.0,4,165,45.6,1.5
7,2010,1795,1,83000.0,4,200,43.5,1.4
6,2017,12695,1,3937.0,4,20,60.1,1.0
2,2020,19000,1,25.0,4,150,51.4,1.0
5,2017,12695,0,13305.0,4,145,54.3,1.0
5,2018,11495,0,25670.0,4,150,54.3,1.0
13,2018,14950,1,32848.0,0,150,60.1,2.0
15,2019,39995,0,800.0,4,145,22.1,5.0
5,2010,2950,1,70000.0,0,20,67.3,1.4
6,2011,3495,1,102000.0,0,30,62.8,1.6
5,2017,12250,0,17133.0,4,145,54.3,1.0
5,2018,9695,1,16110.0,4,145,55.4,1.1
6,2017,11000,1,23500.0,4,150,60.1,1.0
6,2018,13500,1,11382.0,4,145,57.7,1.0
5,2017,9495,0,30600.0,4,0,57.7,1.0
11,2012,5495,1,57000.0,4,30,57.7,1.2
5,2016,9999,1,34300.0,4,0,65.7,1.0
5,2017,8499,1,47000.0,4,150,54.3,1.2
5,2014,6999,1,50000.0,4,0,65.7,1.0
13,2011,7499,1,56000.0,4,555,28.5,2.5
5,2016,7499,1,35000.0,0,0,78.5,1.5
6,2018,19000,1,16000.0,4,150,41.5,2.0
5,2017,8990,1,25655.0,4,150,65.7,1.0
5,2011,5395,1,44000.0,4,125,50.4,1.2
0,2017,9295,1,1000.0,4,145,55.4,1.0
5,2014,7390,1,17014.0,4,0,65.7,1.0
0,2013,6490,1,56650.0,4,30,57.7,1.0
6,2011,5490,1,68274.0,4,145,47.9,1.6
11,2010,3690,1,61575.0,4,30,55.4,1.2
13,2013,12495,0,29900.0,0,195,45.6,2.0
5,2016,6995,1,32000.0,4,20,62.8,1.0
5,2016,6995,1,33000.0,4,20,62.8,1.0
14,2017,15695,0,36000.0,4,235,38.2,2.0
5,2015,7495,1,24000.0,4,145,47.9,1.6
13,2015,13495,0,35000.0,0,150,52.3,2.0
6,2017,9995,1,51000.0,0,150,74.3,1.5
3,2017,21995,0,23400.0,0,150,47.9,2.0
5,2017,8995,1,22000.0,4,145,47.9,1.6
13,2014,10495,1,29989.0,0,145,53.3,2.0
6,2017,10490,1,37000.0,0,150,74.3,1.5
5,2014,8490,1,55000.0,4,150,47.9,1.6
6,2014,6495,1,52871.0,4,20,58.9,1.0
10,2015,8995,1,94000.0,0,125,58.9,1.6
5,2009,2750,1,98000.0,4,145,49.6,1.2
13,2017,14400,1,21503.0,0,145,54.3,2.0
5,2008,2175,1,95000.0,4,160,45.6,1.4
5,2008,2250,1,61000.0,4,145,47.1,1.2
5,2008,1999,1,90000.0,4,160,45.6,1.4
5,2006,2275,1,45000.0,4,165,47.1,1.2
5,2008,1799,1,103000.0,4,150,47.1,1.2
5,2008,2499,0,83000.0,4,265,38.2,1.6
6,2008,2375,1,89000.0,4,205,42.2,1.6
5,2015,7695,1,29000.0,0,0,78.5,1.6
13,2017,15995,2,27000.0,0,145,54.3,2.0
5,2017,11900,0,22422.0,4,145,54.3,1.0
13,2019,13695,1,2047.0,4,150,34.4,1.5
5,2018,14995,0,15000.0,4,145,48.7,1.0
5,2016,5995,1,22000.0,4,125,54.3,1.2
9,2016,9975,1,30848.0,4,30,54.3,1.0
5,2016,7438,1,42701.0,4,125,54.3,1.2
1,2011,5990,1,72958.0,4,200,42.8,1.6
5,2017,11890,0,12490.0,4,145,54.3,1.0
6,2012,5490,1,93591.0,0,125,56.5,2.0
5,2014,6990,1,23356.0,4,0,65.7,1.0
13,2013,7995,0,112000.0,0,200,45.6,2.0
5,2014,4995,1,44000.0,4,0,65.7,1.0
13,2013,8295,1,68000.0,0,145,53.3,2.0
6,2014,5995,0,89000.0,0,145,53.3,2.0
5,2017,6995,1,17000.0,0,145,85.6,1.5
6,2015,7995,1,51000.0,4,20,60.1,1.0
6,2016,9995,1,48000.0,0,0,74.3,1.5
6,2011,5495,1,77000.0,4,145,47.9,1.6
6,2015,9995,1,22000.0,4,20,60.1,1.0
7,2008,2750,0,66000.0,4,260,37.2,1.6
11,2008,850,1,77000.0,4,195,43.5,1.3
6,2010,2725,1,95000.0,4,200,42.2,1.6
6,2010,2645,1,105000.0,4,200,42.2,1.6
1,2006,1775,1,91000.0,4,235,40.4,1.6
6,2009,3350,1,52000.0,4,200,42.2,1.6
5,2004,999,1,111000.0,4,160,45.6,1.2
6,2009,1999,1,109000.0,4,235,40.4,1.8
1,2008,1999,1,97000.0,4,235,39.8,1.8
5,2014,7495,1,41000.0,4,20,62.8,1.0
13,2017,16500,1,18600.0,0,145,54.3,2.0
11,2017,7000,1,32082.0,4,30,57.7,1.2
5,2019,12000,1,2317.0,4,145,48.7,1.1
5,2019,12000,1,5517.0,4,145,48.7,1.1
2,2017,10500,1,32176.0,4,145,53.3,1.0
2,2018,14500,1,7692.0,0,150,67.3,1.5
5,2018,11000,1,17311.0,4,150,65.7,1.0
6,2005,1449,1,101000.0,4,200,42.1,1.6
6,2019,22000,0,4855.0,0,145,64.2,2.0
5,2019,16000,1,3571.0,4,145,60.1,1.0
13,2019,17000,1,12209.0,0,145,45.6,1.5
11,2019,9000,1,6000.0,4,145,47.9,1.2
5,2015,7000,1,49142.0,4,125,54.3,1.2
11,2018,9000,1,10437.0,4,150,57.7,1.2
11,2017,8000,1,19599.0,4,150,57.7,1.2
11,2018,9500,1,10691.0,4,150,47.9,1.2
5,2017,8500,1,30114.0,4,150,64.2,1.1
6,2018,11000,1,48961.0,4,150,57.7,1.0
5,2017,9500,1,37463.0,4,150,65.7,1.0
5,2016,10000,1,11964.0,4,0,65.7,1.0
6,2019,16000,0,5367.0,4,150,50.4,1.0
14,2016,11000,1,50432.0,0,0,78.5,1.5
13,2019,19500,1,9396.0,0,145,47.9,2.0
6,2016,10000,1,19785.0,4,20,60.1,1.0
11,2017,8000,1,12950.0,4,145,57.7,1.2
5,2018,9600,1,34506.0,4,145,65.7,1.0
5,2017,10000,1,31119.0,4,150,65.7,1.0
5,2017,9500,1,31467.0,4,0,65.7,1.0
5,2016,8000,1,24408.0,4,0,65.7,1.0
5,2018,9000,1,49015.0,4,145,65.7,1.0
2,2017,10300,1,22999.0,4,145,52.3,1.0
5,2007,1695,1,103000.0,4,165,45.6,1.4
6,2018,14500,0,22587.0,4,145,51.4,1.0
11,2015,3990,1,55000.0,4,30,57.7,1.2
1,2010,2500,1,99000.0,0,160,52.3,1.8
5,2012,3500,1,85000.0,0,20,68.9,1.4
5,2015,5500,1,34000.0,4,125,54.3,1.2
6,2012,5000,1,76000.0,4,30,56.5,1.0
5,2020,14000,1,13.0,4,150,55.4,1.0
5,2020,14000,1,9.0,4,150,55.4,1.0
5,2020,14000,1,10.0,4,150,55.4,1.0
5,2009,2595,1,80000.0,4,125,52.3,1.2
5,2014,7000,0,47000.0,4,150,47.9,1.6
11,2019,10000,1,6596.0,4,145,47.9,1.2
2,2017,8995,1,30000.0,0,30,64.2,1.5
5,2016,7495,1,28315.0,4,0,65.7,1.0
14,2016,8495,1,87400.0,0,20,68.9,2.0
5,2018,10995,1,36000.0,4,150,65.7,1.0
5,2017,6995,1,21000.0,4,125,54.3,1.2
14,2015,7495,1,82535.0,0,0,74.3,2.0
18,2008,4890,0,106000.0,4,555,29.1,2.3
1,2011,4195,1,83961.0,0,30,61.4,1.6
6,2011,4195,0,62506.0,4,260,36.7,1.6
6,2015,6494,1,53844.0,4,20,60.1,1.0
6,2015,6495,1,53844.0,4,20,60.1,1.0
6,2017,9750,1,15354.0,4,20,61.4,1.0
6,2005,795,1,71214.0,4,200,42.1,1.6
6,2009,3895,0,60190.0,4,265,37.7,1.6
0,2013,5995,1,43000.0,4,30,55.4,1.0
13,2017,17450,0,30395.0,0,145,54.3,2.0
7,2009,2890,0,44000.0,4,260,37.7,1.6
14,2008,3890,0,70000.0,4,325,30.4,2.3
1,2010,3650,1,88000.0,4,200,40.9,1.6
8,2012,6490,1,114000.0,0,165,49.6,2.0
6,2011,4490,1,89000.0,4,150,47.9,1.6
18,2015,13990,0,18000.0,0,145,52.3,2.0
1,2009,2280,1,89000.0,4,200,40.9,1.6
8,2010,4490,0,114000.0,4,300,34.9,2.0
1,2013,5880,0,62000.0,0,160,51.4,2.0
5,2018,10640,1,30000.0,4,145,57.7,1.0
6,2007,1450,1,100100.0,4,200,42.8,1.6
6,2012,5400,1,56000.0,4,30,56.5,1.0
14,2009,4250,1,15000.0,4,300,35.8,2.0
6,2008,2900,0,75800.0,4,260,37.7,1.6
5,2010,3200,1,68700.0,0,20,67.3,1.4
7,2004,1500,0,59300.0,4,200,42.8,1.4
14,2009,3800,0,89000.0,0,305,39.8,2.0
6,2017,10000,1,14790.0,4,20,61.4,1.0
6,2017,10600,1,10021.0,4,20,61.4,1.0
5,2018,12400,1,20396.0,4,145,65.7,1.0
6,2017,9700,1,10190.0,4,20,61.4,1.0
6,2016,8200,0,47021.0,4,125,51.4,1.0
5,2018,12300,0,31372.0,4,145,54.3,1.0
5,2018,11400,0,27839.0,4,145,54.3,1.0
3,2017,20000,0,19039.0,0,160,48.7,2.0
5,2018,10500,1,36238.0,4,145,65.7,1.0
5,2016,10000,0,3840.0,4,0,57.7,1.0
6,2012,4170,1,115000.0,0,20,67.3,1.6
14,2009,2790,1,114000.0,4,300,35.8,2.0
5,2018,10800,0,38035.0,4,145,54.3,1.0
5,2018,11070,0,32790.0,4,145,54.3,1.0
5,2013,6250,1,20930.0,4,30,54.3,1.2
5,2017,8200,1,15231.0,0,0,78.5,1.5
12,2019,10700,1,1798.0,4,145,43.5,1.2
6,2018,13000,1,11913.0,4,145,58.9,1.0
0,2015,6700,1,34000.0,4,145,47.1,1.4
5,2017,9000,1,17988.0,4,0,65.7,1.0
5,2018,10500,0,30628.0,4,150,54.3,1.0
13,2015,9999,1,48861.0,0,125,60.1,2.0
6,2017,9900,1,35500.0,0,0,74.3,1.5
13,2016,11300,1,29439.0,0,125,60.1,2.0
6,2015,10200,1,66486.0,0,20,67.3,2.0
6,2016,10500,1,31481.0,0,0,74.3,1.5
6,2015,6295,1,77000.0,0,0,74.3,1.5
5,2010,2690,1,109000.0,0,0,76.3,1.6
14,2010,2890,1,108000.0,0,200,48.7,1.8
5,2015,4690,1,63000.0,4,30,54.3,1.2
3,2016,19400,0,42093.0,0,205,47.9,2.0
5,2018,10500,1,29740.0,4,145,65.7,1.0
5,2018,10500,1,33760.0,4,145,65.7,1.0
5,2017,9000,1,31640.0,0,265,78.5,1.5
5,2016,7300,1,48118.0,4,0,65.7,1.0
14,2015,13800,0,19470.0,3,0,67.3,2.0
6,2015,7000,1,78533.0,0,0,74.3,1.5
6,2009,2400,1,92000.0,4,200,42.2,1.6
6,2018,11400,1,26656.0,4,145,57.7,1.0
6,2017,13000,0,23670.0,4,145,46.3,1.5
5,2018,8700,1,29308.0,4,150,65.7,1.0
5,2018,8900,1,53503.0,4,150,65.7,1.0
13,2017,13950,1,28586.0,0,145,60.1,2.0
13,2017,12500,1,24401.0,0,30,64.2,1.5
5,2017,9500,1,8770.0,4,150,65.7,1.0
13,2017,12900,0,49389.0,4,150,38.2,1.5
6,2015,7700,1,55952.0,0,0,74.3,1.5
6,2017,9800,1,40166.0,4,20,58.9,1.0
5,2015,6800,1,35416.0,4,125,54.3,1.2
6,2017,11500,0,27348.0,4,145,46.3,1.5
5,2017,8700,1,27725.0,4,0,65.7,1.0
5,2014,9500,1,29063.0,4,150,47.9,1.6
5,2017,8500,1,47311.0,4,150,65.7,1.0
5,2018,9100,1,55717.0,0,145,88.3,1.5
13,2015,8500,1,49542.0,0,125,60.1,2.0
6,2015,9500,0,30292.0,4,165,44.8,1.6
5,2018,10500,0,30012.0,4,150,54.3,1.0
13,2017,15000,0,53950.0,4,240,38.2,1.5
6,2017,9800,1,24500.0,4,20,60.1,1.0
13,2017,17200,2,23523.0,0,150,54.3,2.0
11,2011,2995,1,76000.0,4,30,55.4,1.2
6,2017,11250,0,23156.0,4,150,51.4,1.0
6,2017,9600,1,41947.0,0,150,74.3,1.5
5,2018,10500,0,30721.0,4,150,54.3,1.0
18,2017,18300,0,33219.0,0,150,52.3,2.0
2,2017,10500,1,9960.0,0,150,64.2,1.5
5,2017,11500,0,22200.0,4,150,54.3,1.0
3,2016,15000,1,52368.0,0,165,48.7,2.0
6,2008,2499,1,115000.0,4,235,39.8,2.0
6,2011,6288,1,46000.0,4,145,47.9,1.6
5,2016,8499,1,29000.0,4,125,54.3,1.2
2,2018,11599,1,19000.0,4,150,54.3,1.0
5,2015,7688,1,28000.0,4,0,65.7,1.0
5,2013,5988,1,53000.0,4,0,65.7,1.0
18,2014,9488,0,62000.0,0,200,47.1,2.0
11,2014,4999,1,17000.0,4,30,57.7,1.2
9,2015,7999,1,64000.0,0,30,64.2,1.5
0,2017,6200,1,72135.0,0,0,74.4,1.5
6,2017,10800,1,22988.0,4,20,60.1,1.0
2,2016,9200,0,45397.0,4,165,44.8,1.5
14,2017,12400,0,63330.0,2,0,67.3,2.0
6,2016,14250,1,40696.0,0,20,67.3,2.0
2,2017,9100,1,10915.0,4,125,52.3,1.0
5,2017,8800,1,20221.0,4,0,65.7,1.0
5,2018,8000,1,32402.0,4,145,64.2,1.1
11,2015,5500,1,31168.0,4,30,57.7,1.2
13,2018,16000,1,31025.0,4,150,45.6,1.5
0,2015,7499,1,37377.0,0,0,74.4,1.5
5,2017,9750,1,39426.0,4,20,62.8,1.0
9,2015,9100,1,22304.0,4,30,54.3,1.0
13,2016,14300,1,26248.0,0,145,54.3,2.0
5,2015,6300,1,29423.0,4,125,54.3,1.2
2,2017,9800,1,22411.0,0,145,64.2,1.5
2,2017,9800,1,20936.0,4,145,53.3,1.0
5,2016,10900,1,23138.0,4,145,47.9,1.6
14,2017,13600,1,19142.0,0,20,67.3,2.0
13,2018,13200,0,34068.0,0,145,47.9,2.0
5,2019,11000,1,20277.0,4,150,56.5,1.0
6,2019,13500,1,27916.0,0,150,80.7,1.5
6,2019,13000,1,34466.0,0,150,80.7,1.5
5,2019,10750,1,26401.0,4,150,56.5,1.0
5,2019,10750,1,26872.0,4,150,56.5,1.0
5,2019,9850,1,45275.0,4,150,56.5,1.0
5,2019,11000,1,19153.0,4,150,56.5,1.0
5,2018,11000,1,16552.0,0,150,58.9,1.5
5,2014,6000,1,42066.0,4,30,54.3,1.2
3,2017,19000,1,12798.0,0,160,48.7,2.0
5,2017,8300,1,28747.0,4,0,65.7,1.0
5,2018,9300,1,43826.0,0,145,58.9,1.5
6,2018,12300,1,29568.0,0,145,80.7,1.5
6,2017,8000,1,51378.0,4,145,60.1,1.0
5,2017,8200,1,29887.0,0,0,78.5,1.5
18,2017,16000,0,28326.0,0,125,52.3,2.0
6,2016,7900,1,58898.0,0,0,74.3,1.5
13,2014,11900,0,33680.0,4,235,38.2,1.5
5,2016,8700,1,23246.0,0,0,78.5,1.5
18,2017,17000,1,32882.0,0,125,51.4,2.0
6,2015,7500,1,42112.0,4,20,61.4,1.0
5,2017,9600,1,22935.0,4,145,62.8,1.0
0,2014,5700,0,59595.0,4,165,44.1,1.6
5,2017,9800,1,26141.0,4,20,62.8,1.0
18,2017,16000,1,25962.0,0,125,56.5,2.0
13,2017,13700,1,25730.0,0,125,60.1,2.0
5,2017,8500,1,26360.0,0,0,88.3,1.5
5,2018,8400,1,60025.0,4,145,65.7,1.0
8,2016,14900,0,66015.0,0,150,52.3,2.0
5,2016,7200,1,33625.0,0,0,78.5,1.5
6,2018,17495,0,5300.0,0,150,67.3,1.5
5,2014,7000,1,27500.0,4,30,54.3,1.2
5,2017,8200,1,20636.0,4,0,65.7,1.0
5,2017,8400,1,26645.0,4,0,65.7,1.0
5,2017,8400,1,25693.0,4,145,65.7,1.0
9,2017,11700,1,19906.0,0,145,61.4,2.0
5,2017,9000,1,22903.0,4,0,65.7,1.0
5,2017,8200,1,30372.0,4,0,65.7,1.0
5,2017,8300,1,27188.0,4,0,65.7,1.0
5,2017,8500,1,23693.0,4,145,65.7,1.0
5,2017,9950,1,17502.0,4,150,65.7,1.0
6,2017,9900,0,31821.0,4,125,51.4,1.0
13,2017,15200,1,23698.0,4,150,45.6,1.5
6,2017,11500,1,18413.0,4,150,60.1,1.0
13,2016,9800,1,79662.0,0,145,54.3,2.0
1,2014,9250,1,29199.0,4,160,44.1,1.6
13,2018,14500,1,10356.0,4,145,39.2,1.5
13,2014,10200,1,46411.0,0,145,53.3,2.0
13,2015,9450,1,51338.0,0,125,60.1,2.0
13,2017,9700,1,51633.0,0,30,64.2,1.5
5,2017,8100,1,31277.0,4,0,65.7,1.0
5,2018,8700,1,35361.0,4,145,64.2,1.1
13,2017,16500,1,16916.0,0,145,60.1,2.0
0,2017,11495,0,5000.0,4,145,44.1,1.6
6,2017,12495,0,4000.0,4,160,44.8,1.6
5,2014,6995,1,21793.0,4,0,65.7,1.0
5,2015,9995,0,4000.0,4,145,47.9,1.6
5,2020,15495,0,3000.0,4,145,48.7,1.0
1,2017,10995,0,8000.0,0,20,64.2,1.5
5,2018,11995,1,7000.0,4,145,65.7,1.0
6,2017,13495,0,3000.0,4,145,51.4,1.0
12,2018,8800,1,12336.0,4,145,43.5,1.2
5,2018,9600,1,16875.0,4,145,65.7,1.0
5,2017,8800,1,18330.0,4,145,65.7,1.0
5,2017,8600,1,25919.0,4,0,65.7,1.0
13,2015,13600,0,34785.0,0,145,52.3,2.0
6,2016,11900,1,30898.0,0,20,67.3,2.0
5,2013,7000,1,33533.0,4,0,65.7,1.0
6,2016,7900,1,61111.0,0,0,74.3,1.5
6,2017,9300,0,56539.0,0,145,74.3,1.5
5,2017,8300,1,27363.0,4,0,65.7,1.0
6,2016,11995,0,13000.0,0,20,67.3,1.5
5,2019,16495,0,1000.0,4,145,48.7,1.0
6,2017,9900,1,21492.0,4,20,61.4,1.0
6,2017,9500,1,15344.0,4,20,61.4,1.0
18,2016,13750,1,35487.0,0,125,56.5,2.0
12,2018,7400,1,17578.0,4,145,57.7,1.2
6,2018,12300,1,13255.0,4,145,57.7,1.0
13,2017,11800,1,29964.0,0,30,64.2,1.5
13,2015,9800,1,49393.0,0,125,60.1,2.0
13,2017,13700,0,33211.0,4,240,38.2,1.5
6,2017,9600,1,50689.0,0,0,74.3,1.5
2,2015,7999,1,36384.0,4,125,53.3,1.0
5,2017,9999,1,18956.0,4,150,65.7,1.0
6,2016,9400,1,25998.0,4,20,61.4,1.0
5,2018,8700,1,37897.0,4,145,64.2,1.1
5,2018,8700,1,37345.0,4,145,64.2,1.1
13,2018,15600,1,32016.0,4,145,39.2,1.5
5,2016,7500,1,13928.0,4,125,54.3,1.2
6,2017,9800,1,33629.0,0,145,74.3,1.5
5,2016,10995,0,3000.0,4,145,47.9,1.6
6,2020,19995,0,500.0,4,150,50.4,1.0
0,2017,11495,0,3800.0,4,150,44.1,1.6
6,2015,13495,0,11600.0,4,150,46.3,1.5
2,2018,14995,0,1000.0,4,145,48.7,1.0
9,2011,7995,0,28000.0,0,205,48.7,2.0
2,2019,18995,0,1400.0,4,150,44.1,1.0
5,2015,9995,0,7800.0,4,150,47.9,1.6
5,2016,9000,1,25915.0,4,20,62.8,1.0
6,2016,8000,1,43526.0,0,0,74.3,1.5
5,2015,7300,1,31626.0,4,0,65.7,1.0
13,2017,13500,1,58000.0,0,145,60.1,2.0
5,2018,9300,1,43331.0,0,145,58.9,1.5
5,2017,8800,1,18481.0,4,0,65.7,1.0
6,2018,10600,1,25151.0,4,145,57.7,1.0
5,2018,12700,1,12038.0,4,145,65.7,1.0
18,2016,14500,1,42153.0,0,125,56.5,2.0
6,2018,10300,1,45773.0,4,145,57.7,1.0
2,2017,10000,1,24026.0,4,125,52.3,1.0
5,2017,10000,1,20911.0,4,150,65.7,1.0
8,2014,10650,1,33026.0,0,150,52.3,1.6
0,2016,7375,1,30363.0,4,145,47.1,1.4
5,2016,6950,1,44545.0,4,125,54.3,1.2
18,2013,8495,1,75000.0,0,145,54.3,1.6
1,2013,6495,1,86000.0,4,30,55.4,1.0
6,2016,10500,0,26000.0,0,30,64.2,2.0
6,2009,2950,1,68500.0,4,205,42.2,1.6
13,2015,11950,0,34700.0,0,200,45.6,2.0
18,2015,10450,1,42020.0,0,145,54.3,1.6
5,2016,8500,1,20844.0,4,0,65.7,1.0
2,2016,8500,1,36530.0,0,30,64.2,1.5
5,2018,11600,1,26119.0,4,150,62.8,1.0
6,2015,6975,1,79347.0,0,0,67.3,1.5
6,2011,5925,1,46054.0,4,145,47.9,1.6
6,2015,8100,1,37252.0,0,20,67.3,1.6
5,2009,3800,1,67253.0,4,145,49.6,1.2
5,2009,3784,1,48555.0,4,125,51.4,1.2
5,2009,4045,1,63400.0,4,145,49.6,1.2
11,2015,4775,1,43544.0,4,30,57.7,1.2
6,2017,8950,1,46994.0,4,20,61.4,1.0
6,2017,9200,1,46249.0,4,145,61.4,1.0
6,2016,9313,1,42740.0,4,20,60.1,1.0
5,2018,10000,1,19279.0,4,145,65.7,1.0
13,2017,17545,0,17958.0,4,235,38.2,1.5
6,2018,17945,1,8270.0,4,145,41.5,2.0
6,2017,15980,1,8144.0,4,145,41.5,2.0
5,2017,9690,1,21523.0,4,0,65.7,1.0
13,2017,14145,1,18018.0,0,125,60.1,2.0
13,2017,14985,0,20766.0,4,235,38.2,1.5
2,2019,17195,1,3097.0,4,145,51.4,1.0
13,2017,16495,1,19737.0,0,30,54.3,2.0
1,2017,10845,1,19932.0,0,20,68.9,1.5
6,2014,6695,1,65000.0,0,20,67.3,1.6
6,2009,3295,1,80000.0,4,235,40.4,1.8
9,2011,5995,0,90000.0,0,200,48.7,2.0
9,2019,16995,0,7000.0,0,145,51.4,1.5
1,2019,17995,0,4000.0,4,145,36.7,1.5
1,2016,12995,0,1000.0,0,20,64.2,1.5
2,2018,13995,0,4000.0,4,145,45.6,1.0
20,2016,14995,0,6000.0,0,125,56.6,1.5
6,2017,12995,0,2000.0,4,145,51.4,1.0
13,2017,12295,1,20813.0,0,30,64.2,1.5
1,2016,10995,0,5000.0,0,20,64.2,1.5
2,2015,8800,1,22837.0,4,160,44.8,1.5
5,2016,8800,1,20044.0,4,0,65.7,1.0
18,2017,19999,0,14781.0,0,145,52.3,2.0
14,2018,17999,0,3570.0,4,145,44.1,1.5
5,2017,9471,1,15984.0,4,0,65.7,1.0
5,2017,8988,1,22029.0,4,0,65.7,1.0
2,2017,10499,1,22740.0,4,125,52.3,1.0
2,2019,14999,0,2587.0,4,145,45.6,1.0
10,2019,17999,1,4842.0,0,150,61.4,1.5
2,2014,7755,1,31700.0,0,30,61.4,1.5
2,2015,9000,1,27183.0,4,125,53.3,1.0
2,2017,9800,1,33567.0,4,125,53.3,1.0
5,2016,9500,1,14879.0,4,0,65.7,1.0
5,2017,9500,1,12801.0,4,0,65.7,1.0
1,2014,8400,1,11909.0,4,30,55.4,1.0
6,2015,9000,1,22331.0,4,20,61.4,1.0
2,2017,11000,1,14386.0,4,145,52.3,1.0
2,2017,11000,0,11809.0,4,160,44.8,1.5
5,2060,6495,0,54807.0,4,205,42.8,1.4
6,2017,12500,1,20668.0,4,20,61.4,1.0
13,2017,19000,1,15083.0,0,125,60.1,2.0
8,2016,18000,0,22040.0,0,150,52.3,2.0
6,2017,12000,0,15238.0,4,125,51.4,1.0
5,2010,5995,0,55000.0,4,195,42.8,1.4
13,2011,7995,1,74000.0,0,195,47.9,2.0
6,2015,7695,1,75000.0,0,20,67.3,1.6
6,2015,7695,1,67000.0,0,20,67.3,1.6
6,2011,4495,1,87577.0,4,145,47.9,1.6
6,2008,2500,1,98500.0,4,200,42.2,1.6
6,2007,2495,1,78580.0,4,200,42.2,1.4
6,2018,12995,1,17161.0,4,145,57.7,1.0
5,2015,7495,1,26417.0,4,0,65.7,1.0
5,2013,7695,0,30889.0,4,150,47.9,1.6
22,2014,12450,1,19496.0,0,235,42.2,2.2
18,2007,2400,1,144000.0,0,240,44.1,2.0
12,2018,8616,1,13900.0,4,145,47.9,1.2
12,2017,7590,1,19975.0,4,150,57.7,1.2
5,2015,8495,1,25000.0,4,0,65.7,1.0
20,2015,11495,0,15518.0,4,260,35.3,1.6
6,2019,16995,1,4777.0,4,145,60.1,1.0
11,2015,5995,1,29444.0,4,30,57.7,1.2
6,2018,12495,1,21215.0,4,145,57.7,1.0
6,2014,5995,1,36500.0,0,20,67.3,1.6
14,2011,5495,1,104000.0,0,200,47.1,2.2
5,2017,9429,1,19491.0,4,0,65.7,1.0
8,2007,4195,1,89000.0,0,220,44.8,1.8
6,2006,1495,1,105000.0,0,125,58.9,1.6
5,2007,2100,1,79000.0,4,160,41.5,1.2
1,2014,4895,1,110000.0,0,125,55.4,2.0
7,2010,2395,1,77000.0,0,30,62.8,1.4
6,2006,2495,0,70730.0,4,260,36.7,1.6
5,2012,4195,1,91598.0,4,125,48.7,1.4
1,2007,2695,1,82000.0,4,235,39.8,1.8
6,2005,2495,0,87908.0,4,265,36.7,1.6
5,2018,13500,1,7181.0,4,145,65.7,1.0
1,2019,16000,1,12721.0,4,145,48.7,1.0
6,2019,19500,1,3000.0,0,145,74.3,1.5
2,2019,16950,0,1086.0,4,145,44.1,1.0
6,2019,17499,0,1478.0,4,145,50.4,1.0
5,2018,12999,0,7980.0,4,150,54.3,1.0
1,2017,11499,1,1217.0,4,150,55.4,1.0
13,2014,11995,0,21282.0,4,265,36.7,1.6
2,2017,10995,0,16706.0,4,150,44.8,1.5
2,2015,8499,1,20000.0,4,165,44.8,1.5
5,2020,16499,1,8786.0,4,150,60.1,1.0
1,2017,10499,1,16176.0,4,30,55.4,1.0
21,2019,19999,1,3710.0,0,150,35.3,2.0
5,2017,12000,0,7556.0,4,0,57.7,1.0
14,2016,10500,1,54004.0,0,30,64.2,2.0
8,2016,19500,0,24664.0,0,150,52.3,2.0
13,2016,12000,1,31265.0,0,125,60.1,2.0
9,2017,11000,1,22235.0,0,30,64.2,1.5
5,2012,5500,1,64068.0,4,150,48.7,1.4
1,2016,9500,1,11138.0,4,165,44.1,1.6
6,2015,7500,1,53130.0,4,20,61.4,1.0
5,2019,16250,1,1945.0,4,145,58.9,1.0
5,2013,6000,1,58246.0,4,30,54.3,1.2
5,2012,5500,1,64068.0,0,125,51.4,1.4
5,2018,12000,1,4127.0,4,150,55.4,1.1
5,2017,9000,1,24688.0,4,150,54.3,1.2
13,2019,16500,1,13278.0,0,145,54.3,1.5
5,2017,10500,1,19136.0,4,0,65.7,1.0
0,2017,11500,1,7121.0,4,145,55.4,1.0
5,2017,10500,1,3500.0,4,145,64.2,1.1
13,2016,17000,0,7016.0,4,235,38.2,1.5
9,2017,10500,1,38967.0,4,30,54.3,1.0
10,2019,22000,1,1523.0,0,145,61.4,1.5
13,2016,13500,1,32196.0,4,160,45.6,1.5
5,2019,14500,1,3229.0,4,145,58.9,1.0
18,2019,25000,0,13200.0,0,145,53.3,2.0
5,2016,9000,0,29727.0,4,145,47.9,1.6
6,2017,11750,1,32746.0,0,145,74.3,1.5
13,2016,13500,1,40970.0,0,125,60.1,2.0
13,2017,17500,0,14511.0,0,145,54.3,2.0
8,2016,18250,1,40080.0,0,125,56.5,2.0
13,2017,18000,0,1272.0,4,235,38.2,1.5
16,2019,25695,1,3021.0,4,145,50.4,1.0
5,2017,11000,0,10782.0,4,0,57.7,1.0
5,2017,11500,0,6877.0,4,0,57.7,1.0
5,2019,16500,1,756.0,4,145,58.9,1.0
6,2017,14000,0,9137.0,4,125,51.4,1.0
5,2017,11500,0,11949.0,4,145,47.9,1.6
5,2017,12000,0,10310.0,4,0,57.7,1.0
5,2017,11000,1,9066.0,4,0,65.7,1.0
13,2016,15000,1,18570.0,0,125,60.1,2.0
5,2019,17500,0,2020.0,4,145,48.7,1.0
10,2019,17999,1,6937.0,0,145,61.4,1.5
21,2019,19999,1,2223.0,0,150,35.3,2.0
5,2009,4000,1,49500.0,4,150,49.6,1.4
13,2017,17000,1,19900.0,4,145,45.6,1.5
5,2016,10000,1,16749.0,4,0,65.7,1.0
5,2017,9500,1,16565.0,4,145,64.2,1.1
13,2019,22500,0,11855.0,0,145,42.2,2.0
5,2018,11500,1,15417.0,4,145,65.7,1.0
5,2017,12000,1,5925.0,4,0,65.7,1.0
14,2017,15499,0,10162.0,4,235,38.2,5.0
8,2019,24799,0,16109.0,0,145,53.3,2.0
13,2019,19499,1,6689.0,4,150,35.3,1.5
2,2019,16499,0,6070.0,4,145,44.1,1.0
6,2019,14899,1,2832.0,4,145,58.9,1.0
5,2018,11999,1,17560.0,4,150,58.9,1.0
8,2017,20999,0,6989.0,0,150,52.3,2.0
6,2019,17799,0,906.0,4,150,50.4,1.0
8,2017,17991,0,28522.0,0,145,52.3,2.0
14,2019,20999,0,3621.0,4,135,47.1,2.0
12,2018,8750,1,9724.0,4,150,57.7,1.2
5,2018,10250,1,14259.0,4,150,64.2,1.1
6,2015,7500,1,67107.0,0,0,74.3,1.5
0,2015,7250,1,56000.0,4,30,55.4,1.0
6,2018,12500,1,7677.0,4,150,60.1,1.0
18,2020,30000,0,1000.0,0,145,43.5,2.0
5,2020,13750,1,1200.0,4,145,56.5,1.0
5,2020,14500,1,1400.0,4,145,58.9,1.0
5,2020,16500,1,1500.0,4,145,58.9,1.0
5,2020,15000,1,424.0,4,145,58.9,1.0
5,2020,14000,1,525.0,4,145,58.9,1.0
5,2020,15000,1,250.0,4,145,58.9,1.0
6,2011,6750,1,48000.0,4,145,47.1,1.6
5,2017,8999,1,26245.0,4,0,65.7,1.0
6,2019,16500,1,4591.0,4,145,58.9,1.0
2,2019,16000,1,2498.0,0,145,58.9,1.5
5,2018,11250,1,5.0,4,145,65.7,1.0
5,2016,9999,1,14000.0,4,0,65.7,1.0
5,2020,17500,1,25.0,4,145,58.9,1.0
1,2017,10700,1,19635.0,0,145,68.9,1.5
6,2015,8299,1,41000.0,4,20,60.1,1.0
2,2017,9500,1,22141.0,0,145,64.2,1.5
13,2016,15500,1,34037.0,0,145,54.3,2.0
5,2017,8500,1,31413.0,4,145,65.7,1.0
5,2018,9500,1,20000.0,4,150,64.2,1.1
6,2018,14500,1,18500.0,4,150,60.1,1.0
5,2020,16000,0,500.0,4,145,48.7,1.0
16,2020,21000,1,1000.0,4,145,50.4,1.0
13,2018,15500,1,19407.0,4,145,45.6,1.5
13,2018,16000,2,15255.0,0,145,54.3,2.0
11,2015,4995,1,17041.0,4,30,57.7,1.2
18,2017,15999,1,36384.0,4,160,43.5,1.5
5,2018,10999,1,12500.0,4,145,65.7,1.0
15,2020,48000,1,50.0,4,145,23.9,5.0
2,2017,9995,1,32764.0,0,30,64.2,1.5
13,2020,25050,1,50.0,0,145,38.2,2.0
12,2018,10250,1,4730.0,4,145,43.5,1.2
5,2018,10000,1,11131.0,4,145,55.4,1.1
5,2017,11000,0,23939.0,4,145,54.3,1.0
12,2018,7900,1,16414.0,4,145,57.7,1.2
5,2017,10900,1,19424.0,4,145,65.7,1.0
5,2019,12500,1,3750.0,4,145,55.4,1.1
2,2019,19000,0,15.0,4,145,45.6,1.0
5,2019,15000,1,1985.0,4,145,58.9,1.0
5,2015,6900,1,37000.0,4,0,65.7,1.0
13,2018,20950,0,22000.0,4,145,31.0,1.5
5,2020,14999,1,79.0,4,145,56.5,1.0
2,2018,13999,1,6500.0,4,150,52.3,1.0
2,2018,14299,1,12111.0,4,150,51.4,1.0
5,2018,12299,1,29200.0,4,150,65.7,1.0
13,2018,13849,1,19393.0,4,145,39.2,1.5
3,2016,17999,1,21000.0,0,165,48.7,2.0
2,2018,13499,1,12100.0,4,150,54.3,1.0
5,2020,15999,1,2100.0,4,150,58.9,1.0
5,2018,10850,1,12000.0,4,145,65.7,1.0
5,2017,9999,1,32990.0,4,145,65.7,1.0
21,2018,17495,1,30732.0,0,145,32.5,2.0
3,2018,25999,0,19458.0,0,145,47.9,2.0
2,2018,14799,1,11668.0,4,150,54.3,1.0
5,2017,7699,1,37879.0,4,125,54.3,1.2
5,2018,9999,1,22000.0,4,150,65.7,1.0
1,2016,10999,0,26077.0,0,20,64.2,1.5
6,2018,11999,1,30953.0,4,145,50.4,1.5
2,2019,15999,0,9858.0,4,145,45.6,1.0
5,2017,10499,1,19348.0,4,145,65.7,1.0
3,2017,19499,0,31000.0,0,145,48.7,2.0
5,2019,16499,1,4156.0,4,145,58.9,1.0
12,2017,7500,1,16315.0,4,30,57.7,1.2
5,2020,15299,1,68.0,4,145,58.9,1.0
5,2020,16999,1,1963.0,4,145,58.9,1.0
6,2020,24999,1,4900.0,4,145,34.5,2.3
6,2016,10699,0,26796.0,4,125,51.4,1.0
6,2018,12849,1,16128.0,4,145,57.7,1.0
13,2017,15499,2,64315.0,0,145,54.3,2.0
2,2016,9599,1,8130.0,4,125,53.3,1.0
18,2016,15499,2,32027.0,0,145,52.3,2.0
13,2017,16249,2,25963.0,0,145,54.3,2.0
12,2019,9999,1,5163.0,4,145,47.9,1.2
1,2017,11499,1,24832.0,4,145,55.4,1.0
18,2016,21499,2,20179.0,0,160,51.4,2.0
5,2018,10899,1,9973.0,4,145,65.7,1.0
2,2019,18999,0,15.0,4,145,45.6,1.0
5,2018,10499,1,9377.0,4,145,64.2,1.1
5,2019,16660,0,1600.0,4,145,48.7,1.0
5,2018,13499,1,10592.0,4,145,62.8,1.0
2,2019,18122,1,1746.0,4,145,51.4,1.0
5,2018,13499,1,13503.0,4,145,58.9,1.0
2,2019,16999,1,600.0,4,145,51.4,1.0
12,2018,7499,1,12563.0,4,145,57.7,1.2
13,2017,18200,0,14171.0,4,145,38.2,1.5
2,2016,10600,1,12426.0,4,125,52.3,1.0
5,2018,11850,0,9514.0,4,145,54.3,1.0
8,2016,17000,1,16407.0,0,125,56.5,2.0
13,2016,13800,1,26747.0,0,125,60.1,2.0
6,2018,14000,1,8724.0,0,145,74.3,1.5
5,2017,7500,1,32770.0,4,145,65.7,1.0
6,2017,18500,1,10960.0,4,145,41.5,2.0
2,2019,18250,1,3386.0,4,145,54.3,1.0
5,2019,12000,1,1808.0,4,145,55.4,1.1
8,2018,18000,1,34615.0,0,145,56.5,2.0
6,2017,11000,1,17339.0,4,145,60.1,1.0
13,2019,18999,1,5046.0,0,145,47.9,2.0
5,2019,13999,1,1779.0,4,145,55.4,1.0
5,2016,9699,1,10452.0,4,20,62.8,1.0
13,2018,17999,0,9725.0,4,145,38.2,1.5
5,2015,8499,1,9264.0,4,0,65.7,1.0
5,2020,15799,1,120.0,4,150,58.9,1.0
16,2020,21999,1,1879.0,4,145,50.4,1.0
2,2020,17499,1,1938.0,4,145,51.4,1.0
6,2015,8000,1,65000.0,0,0,74.3,1.5
5,2015,8999,1,15828.0,4,20,62.8,1.0
8,2018,18499,1,32202.0,0,145,56.5,2.0
5,2019,15999,1,2813.0,4,145,58.9,1.0
5,2015,8999,1,24546.0,4,0,65.7,1.0
13,2018,17199,2,26000.0,0,145,54.3,2.0
13,2017,16500,1,27367.0,0,145,54.3,2.0
13,2018,16500,1,33646.0,0,145,60.1,2.0
13,2018,17999,1,10957.0,4,145,45.6,1.5
2,2019,15999,1,2200.0,4,145,51.4,1.0
5,2017,9899,0,16303.0,4,0,57.7,1.0
12,2017,7199,1,26000.0,4,145,57.7,1.2
6,2016,16000,1,19834.0,4,200,41.5,2.0
5,2018,12500,0,7047.0,4,145,48.7,1.0
9,2018,14750,1,4850.0,4,145,47.1,1.0
2,2015,7650,1,46123.0,4,125,53.3,1.0
1,2019,13250,1,13359.0,4,145,48.7,1.0
1,2016,9299,1,35637.0,0,20,68.9,1.5
5,2016,7999,1,31348.0,4,125,54.3,1.2
0,2017,8999,1,16700.0,4,150,47.1,1.4
0,2014,7499,1,40700.0,4,30,57.7,1.0
6,2015,9999,1,7010.0,0,20,67.3,1.6
11,2018,8299,1,5007.0,4,145,57.7,1.2
23,2015,8299,1,5007.0,4,22,57.7,1.0
